evidence_suite,evidence_run,step,run_id,loss,grad_norm,clipped_grad_norm,learning_rate,update_norm,param_norm,tokens,optimizer_step_applied
torch_suite,lr_fault_11,0,tiny-transformer-lr_fault-11,3.5583715438842773,0.9795164465904236,0.9795165061950684,0.002,0.4105578660964966,56.70040130615234,288,True
torch_suite,lr_fault_11,1,tiny-transformer-lr_fault-11,3.461562395095825,0.9607375264167786,0.9607374668121338,0.002,0.34669029712677,56.69929122924805,288,True
torch_suite,lr_fault_11,2,tiny-transformer-lr_fault-11,3.338292121887207,0.950910985469818,0.950910985469818,0.002,0.3240359127521515,56.698997497558594,288,True
torch_suite,lr_fault_11,3,tiny-transformer-lr_fault-11,3.200058460235596,0.9587429761886596,0.9587430953979492,0.002,0.3186348378658294,56.70009231567383,288,True
torch_suite,lr_fault_11,4,tiny-transformer-lr_fault-11,3.1330013275146484,0.9347279667854308,0.9347279667854308,0.002,0.311278223991394,56.70302200317383,288,True
torch_suite,lr_fault_11,5,tiny-transformer-lr_fault-11,2.9995546340942383,0.937740445137024,0.937740445137024,0.002,0.3087680339813232,56.707305908203125,288,True
torch_suite,lr_fault_11,6,tiny-transformer-lr_fault-11,2.932899713516236,0.9049904346466064,0.9049904942512512,0.002,0.3044103384017944,56.7130241394043,288,True
torch_suite,lr_fault_11,7,tiny-transformer-lr_fault-11,2.781116247177124,0.9115901589393616,0.9115901589393616,0.002,0.3032809495925903,56.720157623291016,288,True
torch_suite,lr_fault_11,8,tiny-transformer-lr_fault-11,2.657130718231201,0.903505265712738,0.903505265712738,0.002,0.30233234167099,56.72899627685547,288,True
torch_suite,lr_fault_11,9,tiny-transformer-lr_fault-11,2.5739970207214355,0.937332272529602,0.9373323321342468,0.002,0.3016623556613922,56.7394905090332,288,True
torch_suite,lr_fault_11,10,tiny-transformer-lr_fault-11,2.3740129470825195,0.9074591398239136,0.9074591398239136,0.002,0.2997141778469085,56.75190734863281,288,True
torch_suite,lr_fault_11,11,tiny-transformer-lr_fault-11,2.32822322845459,0.877549946308136,0.877549946308136,0.002,0.2995614409446716,56.7662467956543,288,True
torch_suite,lr_fault_11,12,tiny-transformer-lr_fault-11,2.1927239894866943,0.8785455822944641,0.8785455822944641,0.002,0.2977900207042694,56.78206634521485,288,True
torch_suite,lr_fault_11,13,tiny-transformer-lr_fault-11,2.0683205127716064,0.8537828922271729,0.8537828922271729,0.002,0.2978987693786621,56.79939651489258,288,True
torch_suite,lr_fault_11,14,tiny-transformer-lr_fault-11,1.968852162361145,0.8361278176307678,0.8361278176307678,0.002,0.2975707948207855,56.81825637817383,288,True
torch_suite,lr_fault_11,15,tiny-transformer-lr_fault-11,1.8967993259429927,0.8566452264785767,0.8566452264785767,0.002,0.2953338027000427,56.83859634399414,288,True
torch_suite,lr_fault_11,16,tiny-transformer-lr_fault-11,1.7227354049682615,0.853638768196106,0.8536388278007507,0.002,0.2924177646636963,56.86022567749024,288,True
torch_suite,lr_fault_11,17,tiny-transformer-lr_fault-11,1.6953455209732056,0.8097100853919983,0.8097101449966431,0.002,0.29141566157341,56.88333511352539,288,True
torch_suite,lr_fault_11,18,tiny-transformer-lr_fault-11,1.5628825426101685,0.8451077938079834,0.8451078534126282,0.002,0.2899045646190643,56.907691955566406,288,True
torch_suite,lr_fault_11,19,tiny-transformer-lr_fault-11,1.4646780490875244,0.7889555096626282,0.7889554500579834,0.002,0.2872148156166076,56.933292388916016,288,True
torch_suite,lr_fault_11,20,tiny-transformer-lr_fault-11,1.393035054206848,0.7789287567138672,0.7789287567138672,0.002,0.2842966020107269,56.95984649658203,288,True
torch_suite,lr_fault_11,21,tiny-transformer-lr_fault-11,1.2566659450531006,0.7440657019615173,0.7440656423568726,0.002,0.2795956134796142,56.98719787597656,288,True
torch_suite,lr_fault_11,22,tiny-transformer-lr_fault-11,1.2334524393081665,0.7688810229301453,0.76888108253479,0.002,0.2776404023170471,57.01509094238281,288,True
torch_suite,lr_fault_11,23,tiny-transformer-lr_fault-11,1.131891131401062,0.7035056948661804,0.7035056948661804,0.002,0.2745706439018249,57.04350280761719,288,True
torch_suite,lr_fault_11,24,tiny-transformer-lr_fault-11,1.0510469675064087,0.7061425447463989,0.7061424255371094,0.002,0.2706614732742309,57.07223892211914,288,True
torch_suite,lr_fault_11,25,tiny-transformer-lr_fault-11,0.965173840522766,0.6796972751617432,0.6796972751617432,0.002,0.2637214660644531,57.101261138916016,288,True
torch_suite,lr_fault_11,26,tiny-transformer-lr_fault-11,0.9067583084106444,0.649398922920227,0.6493988633155823,0.002,0.258305549621582,57.13020324707031,288,True
torch_suite,lr_fault_11,27,tiny-transformer-lr_fault-11,0.8305650353431702,0.6130697727203369,0.6130697727203369,0.002,0.2526809573173523,57.15913772583008,288,True
torch_suite,lr_fault_11,28,tiny-transformer-lr_fault-11,0.800423264503479,0.607266902923584,0.607266902923584,0.002,0.2476209998130798,57.187625885009766,288,True
torch_suite,lr_fault_11,29,tiny-transformer-lr_fault-11,0.740003764629364,0.5901763439178467,0.5901762843132019,0.002,0.2436658143997192,57.21573257446289,288,True
torch_suite,lr_fault_11,30,tiny-transformer-lr_fault-11,0.679218053817749,0.5493858456611633,0.5493857860565186,0.002,0.2389635294675827,57.24346160888672,288,True
torch_suite,lr_fault_11,31,tiny-transformer-lr_fault-11,0.6430016160011292,0.5424045920372009,0.5424045920372009,0.002,0.2343473732471466,57.27079772949219,288,True
torch_suite,lr_fault_11,32,tiny-transformer-lr_fault-11,0.5791299343109131,0.5065596103668213,0.5065596103668213,0.002,0.2283988296985626,57.29774475097656,288,True
torch_suite,lr_fault_11,33,tiny-transformer-lr_fault-11,0.5440443158149719,0.4764552712440491,0.4764553010463714,0.002,0.2220242172479629,57.32424545288086,288,True
torch_suite,lr_fault_11,34,tiny-transformer-lr_fault-11,0.5025672912597656,0.4655238687992096,0.4655238687992096,0.002,0.2153972685337066,57.35017776489258,288,True
torch_suite,lr_fault_11,35,tiny-transformer-lr_fault-11,0.4694395661354065,0.4480562806129455,0.4480562508106231,0.002,0.2100565433502197,57.37551498413086,288,True
torch_suite,lr_fault_11,36,tiny-transformer-lr_fault-11,0.4225805699825287,0.4072966873645782,0.4072966575622558,0.002,0.2042053788900375,57.4002685546875,288,True
torch_suite,lr_fault_11,37,tiny-transformer-lr_fault-11,0.3987205624580383,0.39026540517807,0.39026540517807,0.002,0.1979247033596038,57.42433166503906,288,True
torch_suite,lr_fault_11,38,tiny-transformer-lr_fault-11,0.3683520853519439,0.3734432458877563,0.3734432756900787,0.002,0.1921109855175018,57.44771957397461,288,True
torch_suite,lr_fault_11,39,tiny-transformer-lr_fault-11,0.3450630307197571,0.3579553961753845,0.3579554259777069,0.002,0.1858965456485748,57.4703483581543,288,True
torch_suite,lr_fault_11,40,tiny-transformer-lr_fault-11,0.3138112127780914,0.3423687219619751,0.3423687219619751,0.002,0.1788759231567382,57.49224853515625,288,True
torch_suite,lr_fault_11,41,tiny-transformer-lr_fault-11,0.2930224537849426,0.3318048119544983,0.3318048417568207,0.002,0.1726266294717788,57.513404846191406,288,True
torch_suite,lr_fault_11,42,tiny-transformer-lr_fault-11,0.268526166677475,0.299287885427475,0.299287885427475,0.002,0.1662497669458389,57.5338020324707,288,True
torch_suite,lr_fault_11,43,tiny-transformer-lr_fault-11,0.2582702934741974,0.2919475138187408,0.2919475138187408,0.002,0.1607632339000702,57.55345916748047,288,True
torch_suite,lr_fault_11,44,tiny-transformer-lr_fault-11,0.2394219189882278,0.2730301022529602,0.2730301022529602,0.002,0.1552345305681228,57.572383880615234,288,True
torch_suite,lr_fault_11,45,tiny-transformer-lr_fault-11,0.2316197007894516,0.2677785158157348,0.2677785456180572,0.002,0.1502392739057541,57.59056091308594,288,True
torch_suite,lr_fault_11,46,tiny-transformer-lr_fault-11,0.2069527059793472,0.24487866461277,0.2448786497116089,0.002,0.144530177116394,57.60805130004883,288,True
torch_suite,lr_fault_11,47,tiny-transformer-lr_fault-11,0.1964741796255111,0.230481207370758,0.2304811924695968,0.002,0.1392957866191864,57.62485122680664,288,True
torch_suite,lr_fault_11,48,tiny-transformer-lr_fault-11,0.180231973528862,0.2229622602462768,0.2229622602462768,0.002,0.1329233199357986,57.640995025634766,288,True
torch_suite,lr_fault_11,49,tiny-transformer-lr_fault-11,0.1760317087173462,0.2133411765098571,0.2133411914110183,0.002,0.1280558407306671,57.656394958496094,288,True
torch_suite,lr_fault_11,50,tiny-transformer-lr_fault-11,0.1670083403587341,0.2093270421028137,0.2093270421028137,0.002,0.1235080063343048,57.671180725097656,288,True
torch_suite,lr_fault_11,51,tiny-transformer-lr_fault-11,0.151321992278099,0.1916109919548034,0.1916109770536422,0.002,0.1187229678034782,57.68534851074219,288,True
torch_suite,lr_fault_11,52,tiny-transformer-lr_fault-11,0.1490753293037414,0.1892703920602798,0.189270406961441,0.002,0.114217609167099,57.69890594482422,288,True
torch_suite,lr_fault_11,53,tiny-transformer-lr_fault-11,0.1403161585330963,0.1776928454637527,0.1776928603649139,0.002,0.110069952905178,57.71181869506836,288,True
torch_suite,lr_fault_11,54,tiny-transformer-lr_fault-11,0.1327816098928451,0.1696266829967498,0.1696266829967498,0.002,0.1062380671501159,57.72412109375,288,True
torch_suite,lr_fault_11,55,tiny-transformer-lr_fault-11,0.1236867904663086,0.1602503508329391,0.1602503359317779,0.002,0.1025657579302787,57.73582077026367,288,True
torch_suite,lr_fault_11,56,tiny-transformer-lr_fault-11,0.1160031035542488,0.1494795083999633,0.1494795083999633,0.002,0.0980069190263748,57.74694442749024,288,True
torch_suite,lr_fault_11,57,tiny-transformer-lr_fault-11,0.1110762804746627,0.1495928317308426,0.1495928317308426,0.002,0.0934627577662468,57.75752639770508,288,True
torch_suite,lr_fault_11,58,tiny-transformer-lr_fault-11,0.1066833361983299,0.1417601108551025,0.1417601108551025,0.002,0.0893368050456047,57.76755905151367,288,True
torch_suite,lr_fault_11,59,tiny-transformer-lr_fault-11,0.1004977449774742,0.132325991988182,0.1323259770870208,0.002,0.0856870114803314,57.77709197998047,288,True
torch_suite,lr_fault_11,60,tiny-transformer-lr_fault-11,0.0984744802117347,0.1322072893381118,0.1322072744369506,0.002,0.0823858231306076,57.7861328125,288,True
torch_suite,lr_fault_11,61,tiny-transformer-lr_fault-11,0.0932014286518096,0.1278452575206756,0.1278452575206756,0.002,0.0793529003858566,57.79475402832031,288,True
torch_suite,lr_fault_11,62,tiny-transformer-lr_fault-11,0.0914841666817665,0.1234053298830986,0.1234053298830986,0.002,0.0769778713583946,57.80290985107422,288,True
torch_suite,lr_fault_11,63,tiny-transformer-lr_fault-11,0.0857320725917816,0.1145534664392471,0.1145534664392471,0.002,0.0741949826478958,57.8106689453125,288,True
torch_suite,lr_fault_11,64,tiny-transformer-lr_fault-11,0.0819824561476707,0.111059695482254,0.1110597029328346,0.002,0.0715447664260864,57.81802749633789,288,True
torch_suite,lr_fault_11,65,tiny-transformer-lr_fault-11,0.0787515565752983,0.1084858551621437,0.1084858551621437,0.002,0.0688181519508361,57.82502746582031,288,True
torch_suite,lr_fault_11,66,tiny-transformer-lr_fault-11,0.0764620527625083,0.1049033552408218,0.1049033552408218,0.002,0.0666186735033989,57.8316650390625,288,True
torch_suite,lr_fault_11,67,tiny-transformer-lr_fault-11,0.0754795670509338,0.1040485650300979,0.1040485575795173,0.002,0.0642076805233955,57.83800506591797,288,True
torch_suite,lr_fault_11,68,tiny-transformer-lr_fault-11,0.0711735859513282,0.098520241677761,0.0985202491283416,0.002,0.0618172548711299,57.84402847290039,288,True
torch_suite,lr_fault_11,69,tiny-transformer-lr_fault-11,0.0686775594949722,0.0962331518530845,0.0962331518530845,0.002,0.0595225170254707,57.84977722167969,288,True
torch_suite,lr_fault_11,70,tiny-transformer-lr_fault-11,0.0663908645510673,0.094709426164627,0.0947094336152076,0.002,0.0573748350143432,57.855224609375,288,True
torch_suite,lr_fault_11,71,tiny-transformer-lr_fault-11,0.0641225203871727,0.0905919671058654,0.0905919596552848,0.002,0.0552587583661079,57.86045455932617,288,True
torch_suite,lr_fault_11,72,tiny-transformer-lr_fault-11,0.0616872571408748,0.0855940580368042,0.0855940580368042,0.002,0.0534755699336528,57.86542510986328,288,True
torch_suite,lr_fault_11,73,tiny-transformer-lr_fault-11,0.0601480938494205,0.0844408273696899,0.0844408348202705,0.002,0.051822368055582,57.87016677856445,288,True
torch_suite,lr_fault_11,74,tiny-transformer-lr_fault-11,0.0570871084928512,0.0810643434524536,0.0810643434524536,0.002,0.050034686923027,57.874698638916016,288,True
torch_suite,lr_fault_11,75,tiny-transformer-lr_fault-11,0.0563006587326526,0.0796085149049758,0.0796085074543953,0.002,0.0485855191946029,57.87899017333984,288,True
torch_suite,lr_fault_11,76,tiny-transformer-lr_fault-11,0.0553514473140239,0.0808443874120712,0.0808443874120712,0.002,0.0471701137721538,57.883094787597656,288,True
torch_suite,lr_fault_11,77,tiny-transformer-lr_fault-11,0.0534174889326095,0.0757275447249412,0.0757275447249412,0.002,0.0456029884517192,57.886993408203125,288,True
torch_suite,lr_fault_11,78,tiny-transformer-lr_fault-11,0.0511633940041065,0.0734432637691497,0.0734432637691497,0.002,0.0440154112875461,57.89070510864258,288,True
torch_suite,lr_fault_11,79,tiny-transformer-lr_fault-11,0.0508610010147094,0.0743726789951324,0.0743726789951324,0.002,0.0429704785346984,57.89424896240234,288,True
torch_suite,lr_fault_11,80,tiny-transformer-lr_fault-11,0.0484282448887825,0.0703774541616439,0.0703774541616439,0.002,0.0415310710668563,57.89763641357422,288,True
torch_suite,lr_fault_11,81,tiny-transformer-lr_fault-11,0.0468502566218376,0.0688818246126174,0.0688818246126174,0.002,0.0404640771448612,57.900875091552734,288,True
torch_suite,lr_fault_11,82,tiny-transformer-lr_fault-11,0.0459748283028602,0.0671695619821548,0.0671695619821548,0.002,0.0392521098256111,57.90396499633789,288,True
torch_suite,lr_fault_11,83,tiny-transformer-lr_fault-11,0.0460447408258914,0.0673521608114242,0.0673521608114242,0.002,0.0382812544703483,57.90692901611328,288,True
torch_suite,lr_fault_11,84,tiny-transformer-lr_fault-11,0.0443696118891239,0.0650365129113197,0.0650365129113197,0.002,0.0372997932136058,57.9098014831543,288,True
torch_suite,lr_fault_11,85,tiny-transformer-lr_fault-11,0.0435634180903434,0.0633853450417518,0.0633853450417518,0.002,0.036660898476839,57.91257095336914,288,True
torch_suite,lr_fault_11,86,tiny-transformer-lr_fault-11,0.0418246276676654,0.0619170218706131,0.0619170181453228,0.002,0.035920400172472,57.91524887084961,288,True
torch_suite,lr_fault_11,87,tiny-transformer-lr_fault-11,0.0407522916793823,0.0597645118832588,0.0597645118832588,0.002,0.0348185412585735,57.91781997680664,288,True
torch_suite,lr_fault_11,88,tiny-transformer-lr_fault-11,0.0413467623293399,0.0599788427352905,0.0599788464605808,0.002,0.0339421145617961,57.92028427124024,288,True
torch_suite,lr_fault_11,89,tiny-transformer-lr_fault-11,0.0397644490003585,0.058695800602436,0.058695800602436,0.002,0.033264834433794,57.92268371582031,288,True
torch_suite,lr_fault_11,90,tiny-transformer-lr_fault-11,0.0390250869095325,0.0574930012226104,0.0574930012226104,0.002,0.0322371013462543,57.92499542236328,288,True
torch_suite,lr_fault_11,91,tiny-transformer-lr_fault-11,0.0380599647760391,0.0558941327035427,0.0558941327035427,0.002,0.0314306728541851,57.92723083496094,288,True
torch_suite,lr_fault_11,92,tiny-transformer-lr_fault-11,0.0380836650729179,0.0570282116532325,0.0570282153785228,0.002,0.0307975802570581,57.92937850952149,288,True
torch_suite,lr_fault_11,93,tiny-transformer-lr_fault-11,0.036466471850872,0.0538292080163955,0.0538292080163955,0.002,0.0302585307508707,57.93144607543945,288,True
torch_suite,lr_fault_11,94,tiny-transformer-lr_fault-11,0.0363183096051216,0.054154172539711,0.0541541762650013,0.002,0.0295797139406204,57.93343734741211,288,True
torch_suite,lr_fault_11,95,tiny-transformer-lr_fault-11,0.0350019000470638,0.0523400455713272,0.0523400418460369,0.002,0.0288229323923587,57.93538665771485,288,True
torch_suite,lr_fault_11,96,tiny-transformer-lr_fault-11,0.034003872424364,0.0504143312573432,0.0504143312573432,0.002,0.0280994437634944,57.937255859375,288,True
torch_suite,lr_fault_11,97,tiny-transformer-lr_fault-11,0.0341218262910842,0.051406942307949,0.051406942307949,0.002,0.0276635009795427,57.93907165527344,288,True
torch_suite,lr_fault_11,98,tiny-transformer-lr_fault-11,0.0335234589874744,0.0501149892807006,0.0501149892807006,0.002,0.0271209608763456,57.94084167480469,288,True
torch_suite,lr_fault_11,99,tiny-transformer-lr_fault-11,0.0322296805679798,0.0484819076955318,0.0484819076955318,0.002,0.0265798307955265,57.94255828857422,288,True
torch_suite,lr_fault_11,100,tiny-transformer-lr_fault-11,0.0316909849643707,0.0468213409185409,0.0468213446438312,0.002,0.0260098278522491,57.9442138671875,288,True
torch_suite,lr_fault_11,101,tiny-transformer-lr_fault-11,0.0313688889145851,0.0473862588405609,0.0473862625658512,0.002,0.0257385019212961,57.94584274291992,288,True
torch_suite,lr_fault_11,102,tiny-transformer-lr_fault-11,0.0312429592013359,0.0473263785243034,0.0473263785243034,0.002,0.0253130234777927,57.94739532470703,288,True
torch_suite,lr_fault_11,103,tiny-transformer-lr_fault-11,0.0305060949176549,0.0458644814789295,0.0458644814789295,0.002,0.0248103141784667,57.94891357421875,288,True
torch_suite,lr_fault_11,104,tiny-transformer-lr_fault-11,0.0296793915331363,0.0444013774394989,0.0444013737142086,0.002,0.0244493074715137,57.95039749145508,288,True
torch_suite,lr_fault_11,105,tiny-transformer-lr_fault-11,0.0293866358697414,0.0439811833202838,0.0439811833202838,0.002,0.0240113995969295,57.95183563232422,288,True
torch_suite,lr_fault_11,106,tiny-transformer-lr_fault-11,0.0289019346237182,0.0434669330716133,0.043466929346323,0.002,0.0236721076071262,57.953243255615234,288,True
torch_suite,lr_fault_11,107,tiny-transformer-lr_fault-11,0.0283380784094333,0.0432973019778728,0.0432972982525825,0.002,0.0233045071363449,57.95460891723633,288,True
torch_suite,lr_fault_11,108,tiny-transformer-lr_fault-11,0.0283871069550514,0.0430651605129241,0.0430651605129241,0.002,0.0229679364711046,57.955936431884766,288,True
torch_suite,lr_fault_11,109,tiny-transformer-lr_fault-11,0.0274276304990053,0.0414972119033336,0.0414972081780433,0.002,0.0225696358829736,57.95724487304688,288,True
torch_suite,lr_fault_11,110,tiny-transformer-lr_fault-11,0.0266894865781068,0.0404733084142208,0.0404733084142208,0.002,0.0222484227269887,57.95853042602539,288,True
torch_suite,lr_fault_11,111,tiny-transformer-lr_fault-11,0.0264488272368907,0.0406233482062816,0.0406233444809913,0.002,0.0221043210476636,57.959774017333984,288,True
torch_suite,lr_fault_11,112,tiny-transformer-lr_fault-11,0.0266172494739294,0.0407948195934295,0.0407948233187198,0.002,0.0217363089323043,57.96100234985352,288,True
torch_suite,lr_fault_11,113,tiny-transformer-lr_fault-11,0.0260268971323966,0.040270771831274,0.040270771831274,0.002,0.0214195679873228,57.96221160888672,288,True
torch_suite,lr_fault_11,114,tiny-transformer-lr_fault-11,0.0256549548357725,0.0394916161894798,0.0394916161894798,0.002,0.021178763359785,57.96338272094727,288,True
torch_suite,lr_fault_11,115,tiny-transformer-lr_fault-11,0.0253015272319316,0.038198534399271,0.038198534399271,0.002,0.0207825750112533,57.96453857421875,288,True
torch_suite,lr_fault_11,116,tiny-transformer-lr_fault-11,0.0249328538775444,0.0382006578147411,0.0382006578147411,0.002,0.0204668343067169,57.96566009521485,288,True
torch_suite,lr_fault_11,117,tiny-transformer-lr_fault-11,0.0243064388632774,0.0379570312798023,0.037957027554512,0.002,0.0201812479645013,57.96676635742188,288,True
torch_suite,lr_fault_11,118,tiny-transformer-lr_fault-11,0.0242838282138109,0.037325419485569,0.037325419485569,0.002,0.0200145598500967,57.96783447265625,288,True
torch_suite,lr_fault_11,119,tiny-transformer-lr_fault-11,0.0241746511310338,0.0378863662481308,0.0378863625228405,0.002,0.0197502262890338,57.96887969970703,288,True
torch_suite,lr_fault_11,120,tiny-transformer-lr_fault-11,0.023678071796894,0.036310501396656,0.0363104976713657,0.002,0.0195557866245508,57.96990585327149,288,True
torch_suite,lr_fault_11,121,tiny-transformer-lr_fault-11,0.0236626453697681,0.0362204015254974,0.0362203978002071,0.002,0.0193492677062749,57.97090530395508,288,True
torch_suite,lr_fault_11,122,tiny-transformer-lr_fault-11,0.02286958694458,0.035390418022871,0.035390418022871,0.002,0.0191735830157995,57.97188568115234,288,True
torch_suite,lr_fault_11,123,tiny-transformer-lr_fault-11,0.0228278264403343,0.0355988219380378,0.0355988256633281,0.002,0.0190775450319051,57.97285461425781,288,True
torch_suite,lr_fault_11,124,tiny-transformer-lr_fault-11,0.0224573388695716,0.0347504541277885,0.0347504541277885,0.002,0.0190060064196586,57.97379302978516,288,True
torch_suite,lr_fault_11,125,tiny-transformer-lr_fault-11,0.0221917498856782,0.0354248657822608,0.0354248695075511,0.002,0.0189567524939775,57.974727630615234,288,True
torch_suite,lr_fault_11,126,tiny-transformer-lr_fault-11,0.0216363593935966,0.0334010533988475,0.0334010496735572,0.002,0.0187161769717931,57.975624084472656,288,True
torch_suite,lr_fault_11,127,tiny-transformer-lr_fault-11,0.0217475891113281,0.0340756177902221,0.0340756177902221,0.002,0.0184975136071443,57.976505279541016,288,True
torch_suite,lr_fault_11,128,tiny-transformer-lr_fault-11,0.0210586562752723,0.0325064212083816,0.0325064174830913,0.002,0.0182368382811546,57.97737884521485,288,True
torch_suite,lr_fault_11,129,tiny-transformer-lr_fault-11,0.0209702178835868,0.0326190814375877,0.0326190814375877,0.002,0.0180436186492443,57.97822952270508,288,True
torch_suite,lr_fault_11,130,tiny-transformer-lr_fault-11,0.020517012104392,0.031973659992218,0.0319736637175083,0.002,0.0177860464900732,57.97906112670898,288,True
torch_suite,lr_fault_11,131,tiny-transformer-lr_fault-11,0.0205046162009239,0.0321445651352405,0.0321445688605308,0.002,0.0176377017050981,57.97988510131836,288,True
torch_suite,lr_fault_11,132,tiny-transformer-lr_fault-11,0.0202590115368366,0.0318677462637424,0.0318677425384521,0.002,0.017512971535325,57.98067855834961,288,True
torch_suite,lr_fault_11,133,tiny-transformer-lr_fault-11,0.0201034471392631,0.0314947254955768,0.0314947254955768,0.002,0.0173415038734674,57.98146057128906,288,True
torch_suite,lr_fault_11,134,tiny-transformer-lr_fault-11,0.0194598119705915,0.0303607266396284,0.0303607266396284,0.002,0.0171511862426996,57.98222351074219,288,True
torch_suite,lr_fault_11,135,tiny-transformer-lr_fault-11,0.0189862269908189,0.0301424954086542,0.0301424972712993,0.002,0.0168738197535276,57.98298263549805,288,True
torch_suite,lr_fault_11,136,tiny-transformer-lr_fault-11,0.0191995035856962,0.0307343211024999,0.0307343229651451,0.002,0.0168835464864969,57.98372650146485,288,True
torch_suite,lr_fault_11,137,tiny-transformer-lr_fault-11,0.0188371874392032,0.0292909033596515,0.0292908996343612,0.002,0.0166004821658134,57.98445892333984,288,True
torch_suite,lr_fault_11,138,tiny-transformer-lr_fault-11,0.0186238717287778,0.0293646268546581,0.0293646268546581,0.002,0.0165704227983951,57.98516845703125,288,True
torch_suite,lr_fault_11,139,tiny-transformer-lr_fault-11,0.0185310915112495,0.0289080031216144,0.0289080012589693,0.002,0.0163883566856384,57.98588943481445,288,True
torch_suite,lr_fault_11,140,tiny-transformer-lr_fault-11,0.018349165096879,0.0288938134908676,0.0288938153535127,0.002,0.0160240046679973,57.986595153808594,288,True
torch_suite,lr_fault_11,141,tiny-transformer-lr_fault-11,0.0181059297174215,0.0291283056139946,0.0291283056139946,0.002,0.0160957053303718,57.98727798461914,288,True
torch_suite,lr_fault_11,142,tiny-transformer-lr_fault-11,0.017748424783349,0.0277331955730915,0.0277332011610269,0.002,0.0158522762358188,57.98794937133789,288,True
torch_suite,lr_fault_11,143,tiny-transformer-lr_fault-11,0.0174490567296743,0.0272482428699731,0.0272482447326183,0.002,0.0155817745253443,57.98859405517578,288,True
torch_suite,lr_fault_11,144,tiny-transformer-lr_fault-11,0.0173169802874326,0.027692163363099,0.0276921652257442,0.002,0.0154147492721676,57.98923110961914,288,True
torch_suite,lr_fault_11,145,tiny-transformer-lr_fault-11,0.0173118133097887,0.0270532630383968,0.0270532630383968,0.002,0.0153030939400196,57.989845275878906,288,True
torch_suite,lr_fault_11,146,tiny-transformer-lr_fault-11,0.0170236397534608,0.0268866717815399,0.026886673644185,0.002,0.0151365464553236,57.990455627441406,288,True
torch_suite,lr_fault_11,147,tiny-transformer-lr_fault-11,0.0169942770153284,0.0268300659954547,0.0268300678580999,0.002,0.015008894726634,57.99105072021485,288,True
torch_suite,lr_fault_11,148,tiny-transformer-lr_fault-11,0.0166166964918375,0.0267345868051052,0.0267345868051052,0.002,0.0150017440319061,57.99163055419922,288,True
torch_suite,lr_fault_11,149,tiny-transformer-lr_fault-11,0.0167057514190673,0.0266656074672937,0.0266656093299388,0.002,0.0148721765726804,57.9921989440918,288,True
torch_suite,lr_fault_11,150,tiny-transformer-lr_fault-11,0.0161818377673625,0.0258190333843231,0.0258190352469682,0.002,0.0146593302488327,57.99273300170898,288,True
torch_suite,lr_fault_11,151,tiny-transformer-lr_fault-11,0.0163096617907285,0.0257195122539997,0.0257195141166448,0.002,0.0145598109811544,57.99324417114258,288,True
torch_suite,lr_fault_11,152,tiny-transformer-lr_fault-11,0.0159864611923694,0.0253476910293102,0.0253476910293102,0.002,0.0143477916717529,57.99374771118164,288,True
torch_suite,lr_fault_11,153,tiny-transformer-lr_fault-11,0.0160108674317598,0.0251969434320926,0.0251969415694475,0.002,0.0142365852370858,57.994232177734375,288,True
torch_suite,lr_fault_11,154,tiny-transformer-lr_fault-11,0.0158466827124357,0.0257092453539371,0.0257092472165823,0.002,0.0142256645485758,57.99471664428711,288,True
torch_suite,lr_fault_11,155,tiny-transformer-lr_fault-11,0.0155745344236493,0.0244829729199409,0.024482974782586,0.002,0.0141237685456871,57.99518966674805,288,True
torch_suite,lr_fault_11,156,tiny-transformer-lr_fault-11,0.0152299953624606,0.0240272507071495,0.0240272525697946,0.002,0.013935605995357,57.99564743041992,288,True
torch_suite,lr_fault_11,157,tiny-transformer-lr_fault-11,0.0148469256237149,0.0241974536329507,0.0241974554955959,0.002,0.013781139627099,57.99609756469727,288,True
torch_suite,lr_fault_11,158,tiny-transformer-lr_fault-11,0.0149633157998323,0.0238309018313884,0.0238309018313884,0.002,0.0136772664263844,57.99652862548828,288,True
torch_suite,lr_fault_11,159,tiny-transformer-lr_fault-11,0.0150214070454239,0.0239410754293203,0.0239410754293203,0.002,0.0136945843696594,57.996952056884766,288,True
torch_suite,lr_fault_11,160,tiny-transformer-lr_fault-11,0.014838483184576,0.0240637082606554,0.0240637082606554,0.002,0.013575067743659,57.99735641479492,288,True
torch_suite,lr_fault_11,161,tiny-transformer-lr_fault-11,0.0145604843273758,0.0233423225581645,0.0233423244208097,0.002,0.0134980380535125,57.997745513916016,288,True
torch_suite,lr_fault_11,162,tiny-transformer-lr_fault-11,0.0144040565937757,0.0229478571563959,0.0229478571563959,0.002,0.0134023074060678,57.99812316894531,288,True
torch_suite,lr_fault_11,163,tiny-transformer-lr_fault-11,0.0143245141953229,0.0232800673693418,0.0232800673693418,0.002,0.0136185325682163,57.99850082397461,288,True
torch_suite,lr_fault_11,164,tiny-transformer-lr_fault-11,0.0142180258408188,0.0228977464139461,0.0228977464139461,0.002,0.013473505154252,57.99885177612305,288,True
torch_suite,lr_fault_11,165,tiny-transformer-lr_fault-11,0.0139478854835033,0.0221820343285799,0.0221820324659347,0.002,0.0133542427793145,57.99919509887695,288,True
torch_suite,lr_fault_11,166,tiny-transformer-lr_fault-11,0.0139213036745786,0.0224098023027181,0.022409800440073,0.002,0.0131990779191255,57.9995346069336,288,True
torch_suite,lr_fault_11,167,tiny-transformer-lr_fault-11,0.013748500496149,0.0223460346460342,0.0223460365086793,0.002,0.013111624866724,57.99986267089844,288,True
torch_suite,lr_fault_11,168,tiny-transformer-lr_fault-11,0.0136733260005712,0.0217344351112842,0.0217344351112842,0.002,0.0129891624674201,58.000186920166016,288,True
torch_suite,lr_fault_11,169,tiny-transformer-lr_fault-11,0.0135582154616713,0.0217674281448125,0.0217674281448125,0.002,0.012738674879074,58.00050735473633,288,True
torch_suite,lr_fault_11,170,tiny-transformer-lr_fault-11,0.0134035013616085,0.0214769002050161,0.0214769002050161,0.002,0.0126090655103325,58.00083160400391,288,True
torch_suite,lr_fault_11,171,tiny-transformer-lr_fault-11,0.0131826614961028,0.0210664439946413,0.0210664458572864,0.002,0.012476397678256,58.00112533569336,288,True
torch_suite,lr_fault_11,172,tiny-transformer-lr_fault-11,0.0130083123221993,0.0209582392126321,0.0209582410752773,0.002,0.0123360762372612,58.001426696777344,288,True
torch_suite,lr_fault_11,173,tiny-transformer-lr_fault-11,0.0128666656091809,0.0209745280444622,0.0209745280444622,0.002,0.0122634433209896,58.00170516967773,288,True
torch_suite,lr_fault_11,174,tiny-transformer-lr_fault-11,0.0129238059744238,0.0206811241805553,0.0206811223179101,0.002,0.0121601847931742,58.0019760131836,288,True
torch_suite,lr_fault_11,175,tiny-transformer-lr_fault-11,0.0127565301954746,0.0205002333968877,0.0205002333968877,0.002,0.012123554944992,58.002235412597656,288,True
torch_suite,lr_fault_11,176,tiny-transformer-lr_fault-11,0.012604534626007,0.0204557683318853,0.0204557701945304,0.002,0.0121605042368173,58.00248718261719,288,True
torch_suite,lr_fault_11,177,tiny-transformer-lr_fault-11,0.012606605887413,0.0204271152615547,0.0204271133989095,0.002,0.0120006334036588,58.002742767333984,288,True
torch_suite,lr_fault_11,178,tiny-transformer-lr_fault-11,0.0124462787061929,0.0200806353241205,0.0200806353241205,0.002,0.0118943890556693,58.00298690795898,288,True
torch_suite,lr_fault_11,179,tiny-transformer-lr_fault-11,0.0123568875715136,0.0199219193309545,0.0199219211935997,0.002,0.011871694587171,58.003231048583984,288,True
torch_suite,lr_fault_11,180,tiny-transformer-lr_fault-11,0.0121150566264987,0.0194985400885343,0.0194985419511795,0.002,0.0117878764867782,58.00345993041992,288,True
torch_suite,lr_fault_11,181,tiny-transformer-lr_fault-11,0.0121187902987003,0.0194790009409189,0.0194790009409189,0.002,0.0117038367316126,58.0036735534668,288,True
torch_suite,lr_fault_11,182,tiny-transformer-lr_fault-11,0.0119051374495029,0.0191686674952507,0.0191686674952507,0.002,0.0115954289212822,58.003883361816406,288,True
torch_suite,lr_fault_11,183,tiny-transformer-lr_fault-11,0.0119798565283417,0.0192813631147146,0.0192813631147146,0.002,0.0116950310766696,58.00408172607422,288,True
torch_suite,lr_fault_11,184,tiny-transformer-lr_fault-11,0.0116598000749945,0.0188778415322303,0.0188778415322303,0.002,0.0115231638774275,58.004276275634766,288,True
torch_suite,lr_fault_11,185,tiny-transformer-lr_fault-11,0.0116164544597268,0.018727483227849,0.018727483227849,0.002,0.0114410202950239,58.00447845458984,288,True
torch_suite,lr_fault_11,186,tiny-transformer-lr_fault-11,0.0115664340555667,0.0188399832695722,0.0188399851322174,0.002,0.0115638421848416,58.00466537475586,288,True
torch_suite,lr_fault_11,187,tiny-transformer-lr_fault-11,0.0114053599536418,0.0184916611760854,0.0184916611760854,0.002,0.011413306929171,58.004844665527344,288,True
torch_suite,lr_fault_11,188,tiny-transformer-lr_fault-11,0.0112664140760898,0.018571637570858,0.0185716394335031,0.002,0.0113071212545037,58.00502014160156,288,True
torch_suite,lr_fault_11,189,tiny-transformer-lr_fault-11,0.011306133121252,0.0182281918823719,0.0182281918823719,0.002,0.0112078608945012,58.005184173583984,288,True
torch_suite,lr_fault_11,190,tiny-transformer-lr_fault-11,0.0112978033721446,0.0184133611619472,0.0184133611619472,0.0022785697589078,0.0127287628129124,58.00534439086914,288,True
torch_suite,lr_fault_11,191,tiny-transformer-lr_fault-11,0.0108692944049835,0.0178436115384101,0.0178436115384101,0.0025959400731046,0.0141771780326962,58.005516052246094,288,True
torch_suite,lr_fault_11,192,tiny-transformer-lr_fault-11,0.0109205581247806,0.0176768321543931,0.017676830291748,0.0029575152732566,0.0158408880233764,58.00571441650391,288,True
torch_suite,lr_fault_11,193,tiny-transformer-lr_fault-11,0.0106380991637706,0.0173519104719162,0.0173519104719162,0.0033694524315752,0.0179632045328617,58.00592041015625,288,True
torch_suite,lr_fault_11,194,tiny-transformer-lr_fault-11,0.0106616960838437,0.0172770731151103,0.0172770731151103,0.0038387662073329,0.0203540436923503,58.00614929199219,288,True
torch_suite,lr_fault_11,195,tiny-transformer-lr_fault-11,0.0104351956397295,0.0169929396361112,0.0169929414987564,0.0043734482957731,0.0229520741850137,58.00640869140625,288,True
torch_suite,lr_fault_11,196,tiny-transformer-lr_fault-11,0.0102223893627524,0.0173518750816583,0.0173518732190132,0.0049826035144478,0.0264062192291021,58.00667572021485,288,True
torch_suite,lr_fault_11,197,tiny-transformer-lr_fault-11,0.009974043816328,0.0163788832724094,0.0163788832724094,0.0056766048443243,0.0298602022230625,58.006954193115234,288,True
torch_suite,lr_fault_11,198,tiny-transformer-lr_fault-11,0.0097539257258176,0.0162039939314126,0.0162039939314126,0.0064672700657735,0.0334010608494281,58.00724411010742,288,True
torch_suite,lr_fault_11,199,tiny-transformer-lr_fault-11,0.0096614295616745,0.0158464387059211,0.015846436843276,0.0073680629972807,0.0377248339354991,58.007572174072266,288,True
torch_suite,lr_fault_11,200,tiny-transformer-lr_fault-11,0.0093213031068444,0.0151855731382966,0.0151855740696191,0.0083943227636658,0.0421972498297691,58.00791549682617,288,True
torch_suite,lr_fault_11,201,tiny-transformer-lr_fault-11,0.0090903164818882,0.014945525676012,0.014945525676012,0.0095635249979003,0.0473238863050937,58.00825119018555,288,True
torch_suite,lr_fault_11,202,tiny-transformer-lr_fault-11,0.0086229341104626,0.0145504418760538,0.0145504428073763,0.0108955794243874,0.0525748878717422,58.008575439453125,288,True
torch_suite,lr_fault_11,203,tiny-transformer-lr_fault-11,0.0083584515377879,0.0138597209006547,0.0138597190380096,0.0124131688910938,0.0589680708944797,58.00884246826172,288,True
torch_suite,lr_fault_11,204,tiny-transformer-lr_fault-11,0.0079457703977823,0.0131742395460605,0.0131742395460605,0.0141421356237309,0.0656254068017005,58.00906753540039,288,True
torch_suite,lr_fault_11,205,tiny-transformer-lr_fault-11,0.0076711722649633,0.0132131418213248,0.0132131436839699,0.0161119212793032,0.0731194466352462,58.00924301147461,288,True
torch_suite,lr_fault_11,206,tiny-transformer-lr_fault-11,0.00711778877303,0.0119138788431882,0.0119138788431882,0.018356068292462,0.0810009986162185,58.00932312011719,288,True
torch_suite,lr_fault_11,207,tiny-transformer-lr_fault-11,0.0066951280459761,0.0112487580627202,0.0112487589940428,0.0209127910518254,0.0896077305078506,58.00921249389648,288,True
torch_suite,lr_fault_11,208,tiny-transformer-lr_fault-11,0.0062936535105109,0.010612147860229,0.010612147860229,0.0238256266325239,0.0991337969899177,58.00889587402344,288,True
torch_suite,lr_fault_11,209,tiny-transformer-lr_fault-11,0.005675021559,0.0097106983885169,0.0097106983885169,0.027144176165949,0.1085301488637924,58.00824737548828,288,True
torch_suite,lr_fault_11,210,tiny-transformer-lr_fault-11,0.0052436608821153,0.0090241534635424,0.009024154394865,0.0309249494710991,0.1187549009919166,58.00718307495117,288,True
torch_suite,lr_fault_11,211,tiny-transformer-lr_fault-11,0.0047315023839473,0.0081605007871985,0.0081605017185211,0.0352323273302996,0.129259780049324,58.00553894042969,288,True
torch_suite,lr_fault_11,212,tiny-transformer-lr_fault-11,0.0042810779996216,0.0074907233938574,0.0074907238595187,0.0401396577953814,0.1405380070209503,58.00310897827149,288,True
torch_suite,lr_fault_11,213,tiny-transformer-lr_fault-11,0.0037613899912685,0.0066652013920247,0.006665201857686,0.0457305051927326,0.1520460546016693,57.999698638916016,288,True
torch_suite,lr_fault_11,214,tiny-transformer-lr_fault-11,0.0033408692106604,0.0058747101575136,0.0058747096918523,0.0521000730958691,0.1635159105062484,57.99505615234375,288,True
torch_suite,lr_fault_11,215,tiny-transformer-lr_fault-11,0.0028777124825865,0.0051981001161038,0.0051981001161038,0.0593568254965675,0.1753917783498764,57.98883056640625,288,True
torch_suite,lr_fault_11,216,tiny-transformer-lr_fault-11,0.0025069194380193,0.0045113880187273,0.0045113884843885,0.0676243337806241,0.1875407844781875,57.98057556152344,288,True
torch_suite,lr_fault_11,217,tiny-transformer-lr_fault-11,0.0021099890582263,0.0038275956176221,0.0038275953847914,0.0770433809594098,0.199377104640007,57.969764709472656,288,True
torch_suite,lr_fault_11,218,tiny-transformer-lr_fault-11,0.001776841119863,0.0032782722264528,0.0032782722264528,0.0877743589890634,0.2110442221164703,57.95591735839844,288,True
torch_suite,lr_fault_11,219,tiny-transformer-lr_fault-11,0.0014705930370837,0.0027738441713154,0.0027738441713154,0.1,0.2226288914680481,57.93833923339844,288,True
torch_suite,lr_fault_11,220,tiny-transformer-lr_fault-11,0.0012170083355158,0.0022863436024636,0.0022863436024636,0.1,0.2057320475578308,57.91630172729492,288,True
torch_suite,lr_fault_11,221,tiny-transformer-lr_fault-11,0.0010091548319905,0.0019115477334707,0.0019115476170554,0.1,0.1898804903030395,57.89216995239258,288,True
torch_suite,lr_fault_11,222,tiny-transformer-lr_fault-11,0.0008661114843562,0.001668712706305,0.001668712706305,0.1,0.1751170009374618,57.86593246459961,288,True
torch_suite,lr_fault_11,223,tiny-transformer-lr_fault-11,0.000739338574931,0.0014376939507201,0.0014376939507201,0.1,0.1611776798963546,57.837623596191406,288,True
torch_suite,lr_fault_11,224,tiny-transformer-lr_fault-11,0.0006538262241519,0.0012918731663376,0.0012918731663376,0.1,0.1485836654901504,57.80730438232422,288,True
torch_suite,lr_fault_11,225,tiny-transformer-lr_fault-11,0.0005663988995365,0.0011200784938409,0.0011200784938409,0.1,0.1369438171386718,57.77503204345703,288,True
torch_suite,lr_fault_11,226,tiny-transformer-lr_fault-11,0.0005079825641587,0.0010141854872927,0.0010141853708773,0.1,0.126526266336441,57.74091720581055,288,True
torch_suite,lr_fault_11,227,tiny-transformer-lr_fault-11,0.0004546995041891,0.0009040142176672,0.0009040142758749,0.1,0.1171032562851905,57.70505142211914,288,True
torch_suite,lr_fault_11,228,tiny-transformer-lr_fault-11,0.0004190780455246,0.0008420046069659,0.0008420046069659,0.1,0.1087443828582763,57.66755294799805,288,True
torch_suite,lr_fault_11,229,tiny-transformer-lr_fault-11,0.0003795962547883,0.0007536612683907,0.0007536612683907,0.1,0.1013042256236076,57.62852096557617,288,True
torch_suite,lr_fault_11,230,tiny-transformer-lr_fault-11,0.0003513098054099,0.0007075087050907,0.000707508646883,0.1,0.0946451425552368,57.588077545166016,288,True
torch_suite,lr_fault_11,231,tiny-transformer-lr_fault-11,0.0003242570674046,0.0006555377622134,0.0006555377622134,0.1,0.0888400450348854,57.54630279541016,288,True
torch_suite,lr_fault_11,232,tiny-transformer-lr_fault-11,0.0003060103626921,0.000631655100733,0.000631655100733,0.1,0.0837202221155166,57.50332260131836,288,True
torch_suite,lr_fault_11,233,tiny-transformer-lr_fault-11,0.0002901203406509,0.0005855637136846,0.0005855637136846,0.1,0.0793449506163597,57.45922470092773,288,True
torch_suite,lr_fault_11,234,tiny-transformer-lr_fault-11,0.0002739237097557,0.0005700184847228,0.0005700184847228,0.1,0.0756155177950859,57.4140739440918,288,True
torch_suite,lr_fault_11,235,tiny-transformer-lr_fault-11,0.0002622583415359,0.0005316775059327,0.0005316775059327,0.1,0.0724278762936592,57.36800384521485,288,True
torch_suite,lr_fault_11,236,tiny-transformer-lr_fault-11,0.0002539439883548,0.0005198572180233,0.000519857276231,0.1,0.0696947798132896,57.321083068847656,288,True
torch_suite,lr_fault_11,237,tiny-transformer-lr_fault-11,0.00024484784808,0.0005014775088056,0.0005014775088056,0.1,0.0673915445804596,57.27337646484375,288,True
torch_suite,lr_fault_11,238,tiny-transformer-lr_fault-11,0.0002325094101252,0.0004768912040162,0.0004768912331201,0.1,0.0653952807188034,57.22497177124024,288,True
torch_suite,lr_fault_11,239,tiny-transformer-lr_fault-11,0.0002311284479219,0.0004716498951893,0.0004716498660854,0.1,0.0637379810214042,57.17594146728516,288,True
torch_suite,lr_fault_11,240,tiny-transformer-lr_fault-11,0.0002249411481898,0.0004582312540151,0.0004582312831189,0.1,0.0623050816357135,57.12632751464844,288,True
torch_suite,lr_fault_11,241,tiny-transformer-lr_fault-11,0.0002168124337913,0.0004420627083163,0.0004420627374202,0.1,0.0610656142234802,57.07618713378906,288,True
torch_suite,lr_fault_11,242,tiny-transformer-lr_fault-11,0.000216514483327,0.0004417937016114,0.0004417936725076,0.1,0.0601032935082912,57.02556991577149,288,True
torch_suite,lr_fault_11,243,tiny-transformer-lr_fault-11,0.0002118435804732,0.0004321482847444,0.0004321482847444,0.1,0.0593121647834777,56.97452926635742,288,True
torch_suite,lr_fault_11,244,tiny-transformer-lr_fault-11,0.0002083993313135,0.0004241784045007,0.0004241783753968,0.1,0.0586744546890258,56.92310333251953,288,True
torch_suite,lr_fault_11,245,tiny-transformer-lr_fault-11,0.000207263379707,0.0004273096274118,0.0004273096274118,0.002,0.0011645891936495,56.871360778808594,288,True
torch_suite,lr_fault_11,246,tiny-transformer-lr_fault-11,0.0002100236160913,0.0004369743110146,0.0004369742819108,0.002,0.0011583410669118,56.87031173706055,288,True
torch_suite,lr_fault_11,247,tiny-transformer-lr_fault-11,0.000206630968023,0.000420386204496,0.000420386204496,0.002,0.0011536695528775,56.86927032470703,288,True
torch_suite,lr_fault_11,248,tiny-transformer-lr_fault-11,0.0002065143635263,0.0004215629596728,0.000421562930569,0.002,0.0011494877981022,56.86820983886719,288,True
torch_suite,lr_fault_11,249,tiny-transformer-lr_fault-11,0.0002054267097264,0.0004208646714687,0.0004208646714687,0.002,0.0011464876588433,56.867149353027344,288,True
torch_suite,lr_fault_11,250,tiny-transformer-lr_fault-11,0.0002085253363475,0.00042808035505,0.0004280803841538,0.002,0.0011451318860054,56.8660888671875,288,True
torch_suite,lr_fault_11,251,tiny-transformer-lr_fault-11,0.0002059444232145,0.0004231938219163,0.0004231937928125,0.002,0.0011434548068791,56.865013122558594,288,True
torch_suite,lr_fault_11,252,tiny-transformer-lr_fault-11,0.0002062162820948,0.0004199392278678,0.0004199392278678,0.002,0.0011425846023485,56.86394500732422,288,True
torch_suite,lr_fault_11,253,tiny-transformer-lr_fault-11,0.0002059605758404,0.0004217702371533,0.0004217702662572,0.002,0.0011420883238315,56.86286926269531,288,True
torch_suite,lr_fault_11,254,tiny-transformer-lr_fault-11,0.0002060106198769,0.0004181201511528,0.000418120122049,0.002,0.0011418550275266,56.861793518066406,288,True
torch_suite,lr_fault_11,255,tiny-transformer-lr_fault-11,0.0002082208520732,0.0004258057160768,0.0004258057160768,0.002,0.001142167369835,56.86070251464844,288,True
torch_suite,lr_fault_11,256,tiny-transformer-lr_fault-11,0.0002070791670121,0.0004250961064826,0.0004250961064826,0.002,0.0011423495598137,56.8596076965332,288,True
torch_suite,lr_fault_11,257,tiny-transformer-lr_fault-11,0.0002070431946776,0.0004220399423502,0.0004220399132464,0.002,0.0011424854164943,56.858524322509766,288,True
torch_suite,lr_fault_11,258,tiny-transformer-lr_fault-11,0.0002086285530822,0.0004274398088455,0.0004274398088455,0.002,0.0011438586516305,56.85743713378906,288,True
torch_suite,lr_fault_11,259,tiny-transformer-lr_fault-11,0.0002067977911792,0.0004219164256937,0.0004219164547976,0.002,0.0011444183764979,56.85634613037109,288,True
torch_suite,lr_fault_11,260,tiny-transformer-lr_fault-11,0.0002066095039481,0.0004336912243161,0.0004336911952123,0.002,0.0011453775223344,56.855255126953125,288,True
torch_suite,lr_fault_11,261,tiny-transformer-lr_fault-11,0.0002064753207378,0.0004219727125018,0.0004219727125018,0.002,0.0011457550572231,56.85416030883789,288,True
torch_suite,lr_fault_11,262,tiny-transformer-lr_fault-11,0.0002074520016321,0.0004259763518348,0.0004259763809386,0.002,0.0011465682182461,56.85306930541992,288,True
torch_suite,lr_fault_11,263,tiny-transformer-lr_fault-11,0.0002074308285955,0.0004283725284039,0.0004283724993001,0.002,0.0011475211940705,56.851959228515625,288,True
torch_suite,lr_fault_11,264,tiny-transformer-lr_fault-11,0.0002089587360387,0.0004344414919614,0.0004344415210653,0.002,0.0011490265605971,56.85086441040039,288,True
torch_suite,lr_fault_11,265,tiny-transformer-lr_fault-11,0.0002060768747469,0.0004173623747192,0.0004173623456154,0.002,0.0011488744057714,56.84977340698242,288,True
torch_suite,lr_fault_11,266,tiny-transformer-lr_fault-11,0.0002054478682111,0.0004186961741652,0.000418696203269,0.002,0.0011486513540148,56.84866714477539,288,True
torch_suite,lr_fault_11,267,tiny-transformer-lr_fault-11,0.0002074553776765,0.000421113189077,0.000421113189077,0.002,0.0011489355238154,56.84756851196289,288,True
torch_suite,lr_fault_11,268,tiny-transformer-lr_fault-11,0.0002061124687315,0.0004180990799795,0.0004180990799795,0.002,0.001148973009549,56.84647750854492,288,True
torch_suite,lr_fault_11,269,tiny-transformer-lr_fault-11,0.0002058528916677,0.0004215344088152,0.0004215344088152,0.002,0.0011498172534629,56.84536743164063,288,True
torch_suite,lr_fault_11,270,tiny-transformer-lr_fault-11,0.0002075522061204,0.0004235283995512,0.0004235284286551,0.002,0.0011496316874399,56.8442611694336,288,True
torch_suite,lr_fault_11,271,tiny-transformer-lr_fault-11,0.0002043358545051,0.0004167358856648,0.0004167359147686,0.002,0.0011491097975522,56.84316253662109,288,True
torch_suite,lr_fault_11,272,tiny-transformer-lr_fault-11,0.000207747798413,0.000428160856245,0.000428160856245,0.002,0.0011503139976412,56.842063903808594,288,True
torch_suite,lr_fault_11,273,tiny-transformer-lr_fault-11,0.0002071298949886,0.0004285668546799,0.0004285668546799,0.002,0.001152180484496,56.84095764160156,288,True
torch_suite,lr_fault_11,274,tiny-transformer-lr_fault-11,0.000204597832635,0.000424431549618,0.000424431549618,0.002,0.0011524744331836,56.8398551940918,288,True
torch_suite,lr_fault_11,275,tiny-transformer-lr_fault-11,0.0002070398331852,0.0004203762800898,0.0004203763091936,0.002,0.0011515831574797,56.8387451171875,288,True
torch_suite,lr_fault_11,276,tiny-transformer-lr_fault-11,0.0002072086354019,0.0004236677777953,0.0004236677777953,0.002,0.0011523474240675,56.83764266967773,288,True
torch_suite,lr_fault_11,277,tiny-transformer-lr_fault-11,0.0002064856817014,0.0004195404471829,0.0004195404762867,0.002,0.0011519462568685,56.8365364074707,288,True
torch_suite,lr_fault_11,278,tiny-transformer-lr_fault-11,0.0002085092710331,0.0004281339643057,0.0004281339643057,0.002,0.0011524969013407,56.83543014526367,288,True
torch_suite,lr_fault_11,279,tiny-transformer-lr_fault-11,0.0002073105570161,0.00042307577678,0.00042307577678,0.002,0.0011513532372191,56.83432769775391,288,True
torch_suite,lr_fault_11,280,tiny-transformer-lr_fault-11,0.0002073791692964,0.0004237388202454,0.0004237387911416,0.002,0.0011507523013278,56.833229064941406,288,True
torch_suite,lr_fault_11,281,tiny-transformer-lr_fault-11,0.0002085995947709,0.0004243872826918,0.0004243872826918,0.002,0.001150355557911,56.83211517333984,288,True
torch_suite,lr_fault_11,282,tiny-transformer-lr_fault-11,0.0002086719759972,0.0004299125866964,0.0004299126158002,0.002,0.0011503851274028,56.831016540527344,288,True
torch_suite,lr_fault_11,283,tiny-transformer-lr_fault-11,0.0002067539317067,0.000424466736149,0.0004244667652528,0.002,0.0011498475214466,56.82990646362305,288,True
torch_suite,lr_fault_11,284,tiny-transformer-lr_fault-11,0.000206110838917,0.0004209719190839,0.0004209719190839,0.002,0.0011501415865495,56.82880783081055,288,True
torch_suite,lr_fault_11,285,tiny-transformer-lr_fault-11,0.0002100145939039,0.0004375880525913,0.0004375880525913,0.002,0.0011522849090397,56.82769775390625,288,True
torch_suite,lr_fault_11,286,tiny-transformer-lr_fault-11,0.0002084986190311,0.0004313140525482,0.000431314081652,0.002,0.0011518696555867,56.82658767700195,288,True
torch_suite,lr_fault_11,287,tiny-transformer-lr_fault-11,0.0002089509216602,0.0004251139180269,0.0004251139180269,0.002,0.0011514148209244,56.825477600097656,288,True
torch_suite,lr_fault_11,288,tiny-transformer-lr_fault-11,0.0002073958312394,0.0004277286352589,0.0004277286643628,0.002,0.0011502434499561,56.82438278198242,288,True
torch_suite,lr_fault_11,289,tiny-transformer-lr_fault-11,0.0002082932915072,0.0004273381782695,0.0004273381491657,0.002,0.0011509334435686,56.823272705078125,288,True
torch_suite,lr_fault_11,290,tiny-transformer-lr_fault-11,0.0002087200409732,0.0004280042776372,0.0004280042194295,0.002,0.0011509731411933,56.822174072265625,288,True
torch_suite,lr_fault_11,291,tiny-transformer-lr_fault-11,0.0002064104046439,0.0004186996666248,0.0004186996666248,0.002,0.0011500898981466,56.821067810058594,288,True
torch_suite,lr_fault_11,292,tiny-transformer-lr_fault-11,0.000207356075407,0.0004251786740496,0.0004251786740496,0.002,0.0011501684784889,56.8199577331543,288,True
torch_suite,lr_fault_11,293,tiny-transformer-lr_fault-11,0.0002086654421873,0.0004240432754158,0.0004240432754158,0.002,0.0011504114372655,56.81885147094727,288,True
torch_suite,lr_fault_11,294,tiny-transformer-lr_fault-11,0.0002090104098897,0.0004276594263501,0.0004276593972463,0.002,0.0011512754717841,56.81774520874024,288,True
torch_suite,lr_fault_11,295,tiny-transformer-lr_fault-11,0.0002060069382423,0.0004165919672232,0.0004165919672232,0.002,0.0011503018904477,56.8166389465332,288,True
torch_suite,lr_fault_11,296,tiny-transformer-lr_fault-11,0.0002070084156002,0.0004191356420051,0.0004191356420051,0.002,0.0011498554376885,56.81553268432617,288,True
torch_suite,lr_fault_11,297,tiny-transformer-lr_fault-11,0.0002068721805699,0.0004226517630741,0.0004226517921779,0.002,0.0011499515967443,56.814430236816406,288,True
torch_suite,lr_fault_11,298,tiny-transformer-lr_fault-11,0.0002067824680125,0.0004233656800352,0.0004233656800352,0.002,0.0011498455423861,56.81333160400391,288,True
torch_suite,lr_fault_11,299,tiny-transformer-lr_fault-11,0.000207476055948,0.000421303033363,0.0004213030042592,0.002,0.0011501810513436,56.81221771240234,288,True
torch_suite,lr_fault_11,300,tiny-transformer-lr_fault-11,0.0002089397312374,0.0004272760706953,0.0004272760415915,0.002,0.0011503569548949,56.81111907958984,288,True
torch_suite,lr_fault_11,301,tiny-transformer-lr_fault-11,0.0002075539086945,0.0004237995599396,0.0004237995890434,0.002,0.0011494191130623,56.81001281738281,288,True
torch_suite,lr_fault_11,302,tiny-transformer-lr_fault-11,0.0002079866826534,0.0004269478376954,0.0004269478376954,0.002,0.0011493585770949,56.80891036987305,288,True
torch_suite,lr_fault_11,303,tiny-transformer-lr_fault-11,0.000207040211535,0.0004207376332487,0.0004207376332487,0.002,0.0011495829094201,56.80780792236328,288,True
torch_suite,lr_fault_11,304,tiny-transformer-lr_fault-11,0.0002090171619784,0.0004266169271431,0.0004266169271431,0.002,0.0011494094505906,56.80670166015625,288,True
torch_suite,lr_fault_11,305,tiny-transformer-lr_fault-11,0.0002084862353513,0.0004239530244376,0.0004239530244376,0.002,0.0011487239971756,56.80560302734375,288,True
torch_suite,lr_fault_11,306,tiny-transformer-lr_fault-11,0.000208597513847,0.0004212704370729,0.0004212704370729,0.002,0.0011481731198728,56.80449295043945,288,True
torch_suite,lr_fault_11,307,tiny-transformer-lr_fault-11,0.0002086223685182,0.0004237234243191,0.000423723453423,0.002,0.0011479982640594,56.80339050292969,288,True
torch_suite,lr_fault_11,308,tiny-transformer-lr_fault-11,0.0002088110340991,0.0004293352540116,0.0004293352831155,0.002,0.0011481352848932,56.80228805541992,288,True
torch_suite,lr_fault_11,309,tiny-transformer-lr_fault-11,0.0002097549440804,0.0004372744006104,0.0004372744006104,0.002,0.0011499590473249,56.80119323730469,288,True
torch_suite,lr_fault_11,310,tiny-transformer-lr_fault-11,0.0002083806757582,0.0004244565207045,0.0004244565207045,0.002,0.0011493093334138,56.800086975097656,288,True
torch_suite,lr_fault_11,311,tiny-transformer-lr_fault-11,0.0002084103907691,0.0004315709811635,0.0004315710393711,0.002,0.0011486448347568,56.79898452758789,288,True
torch_suite,lr_fault_11,312,tiny-transformer-lr_fault-11,0.0002091914211632,0.0004243415605742,0.000424341589678,0.002,0.0011493717320263,56.79787826538086,288,True
torch_suite,lr_fault_11,313,tiny-transformer-lr_fault-11,0.0002100065757986,0.0004321382730267,0.0004321382439229,0.002,0.0011498151579871,56.79677581787109,288,True
torch_suite,lr_fault_11,314,tiny-transformer-lr_fault-11,0.000210331461858,0.0004313067183829,0.0004313067183829,0.002,0.001149253337644,56.79566955566406,288,True
torch_suite,lr_fault_11,315,tiny-transformer-lr_fault-11,0.0002096742682624,0.0004277532570995,0.0004277532279957,0.002,0.0011500382097437,56.79457092285156,288,True
torch_suite,lr_fault_11,316,tiny-transformer-lr_fault-11,0.0002077872486552,0.0004209802427794,0.0004209802718833,0.002,0.0011497222585603,56.79346084594727,288,True
torch_suite,lr_fault_11,317,tiny-transformer-lr_fault-11,0.0002072682545986,0.0004231785424053,0.0004231785424053,0.002,0.0011489641619846,56.79235458374024,288,True
torch_suite,lr_fault_11,318,tiny-transformer-lr_fault-11,0.0002075037773465,0.0004236105887684,0.0004236105887684,0.002,0.0011488045565783,56.79125595092773,288,True
torch_suite,lr_fault_11,319,tiny-transformer-lr_fault-11,0.0002105963649228,0.0004295002727303,0.0004295002436265,0.002,0.0011484554270282,56.790157318115234,288,True
torch_suite,lr_fault_23,0,tiny-transformer-lr_fault-23,3.6276097297668457,0.9433943033218384,0.9433943033218384,0.002,0.4105424582958221,56.687767028808594,288,True
torch_suite,lr_fault_23,1,tiny-transformer-lr_fault-23,3.5235085487365723,0.9321172833442688,0.9321172833442688,0.002,0.3476955592632293,56.69013977050781,288,True
torch_suite,lr_fault_23,2,tiny-transformer-lr_fault-23,3.4131059646606445,0.939502775669098,0.9395028352737428,0.002,0.3273282051086426,56.69229507446289,288,True
torch_suite,lr_fault_23,3,tiny-transformer-lr_fault-23,3.3329977989196777,0.8899630308151245,0.8899629712104797,0.002,0.3211470544338226,56.69622421264648,288,True
torch_suite,lr_fault_23,4,tiny-transformer-lr_fault-23,3.192019462585449,0.8926843404769897,0.8926843404769897,0.002,0.3198760747909546,56.70078659057617,288,True
torch_suite,lr_fault_23,5,tiny-transformer-lr_fault-23,3.081287145614624,0.9015641808509828,0.9015640616416932,0.002,0.3170869946479797,56.706729888916016,288,True
torch_suite,lr_fault_23,6,tiny-transformer-lr_fault-23,2.9301562309265137,0.8744901418685913,0.8744901418685913,0.002,0.3155622184276581,56.71419906616211,288,True
torch_suite,lr_fault_23,7,tiny-transformer-lr_fault-23,2.8331968784332275,0.8767622113227844,0.8767621517181396,0.002,0.3143445551395416,56.7231330871582,288,True
torch_suite,lr_fault_23,8,tiny-transformer-lr_fault-23,2.686567783355713,0.9016565084457396,0.9016565084457396,0.002,0.3142050504684448,56.73352813720703,288,True
torch_suite,lr_fault_23,9,tiny-transformer-lr_fault-23,2.637825489044189,0.8896008133888245,0.8896008133888245,0.002,0.3115968704223633,56.746002197265625,288,True
torch_suite,lr_fault_23,10,tiny-transformer-lr_fault-23,2.4735219478607178,0.8813136219978333,0.8813136219978333,0.002,0.3108148574829101,56.75991439819336,288,True
torch_suite,lr_fault_23,11,tiny-transformer-lr_fault-23,2.336110115051269,0.8934393525123596,0.8934393525123596,0.002,0.3104643821716308,56.77549362182617,288,True
torch_suite,lr_fault_23,12,tiny-transformer-lr_fault-23,2.2695624828338623,0.8695146441459656,0.8695146441459656,0.002,0.3101130723953247,56.79289627075195,288,True
torch_suite,lr_fault_23,13,tiny-transformer-lr_fault-23,2.170757532119751,0.8702973127365112,0.8702973127365112,0.002,0.3097862899303436,56.811859130859375,288,True
torch_suite,lr_fault_23,14,tiny-transformer-lr_fault-23,2.038109064102173,0.8478051424026489,0.8478050231933594,0.002,0.3077722489833832,56.832401275634766,288,True
torch_suite,lr_fault_23,15,tiny-transformer-lr_fault-23,1.91733717918396,0.8330925703048706,0.8330926299095154,0.002,0.306967169046402,56.85447311401367,288,True
torch_suite,lr_fault_23,16,tiny-transformer-lr_fault-23,1.7986499071121216,0.8512418866157532,0.8512418270111084,0.002,0.3051356077194214,56.87799453735352,288,True
torch_suite,lr_fault_23,17,tiny-transformer-lr_fault-23,1.711917281150818,0.8277096748352051,0.8277096748352051,0.002,0.3025973439216614,56.9027214050293,288,True
torch_suite,lr_fault_23,18,tiny-transformer-lr_fault-23,1.5448100566864014,0.8107327818870544,0.8107327222824097,0.002,0.298077791929245,56.92855453491211,288,True
torch_suite,lr_fault_23,19,tiny-transformer-lr_fault-23,1.495491623878479,0.7807819247245789,0.7807819843292236,0.002,0.2952693104743957,56.95549011230469,288,True
torch_suite,lr_fault_23,20,tiny-transformer-lr_fault-23,1.3828482627868652,0.7816833853721619,0.7816834449768066,0.002,0.2887930572032928,56.98334884643555,288,True
torch_suite,lr_fault_23,21,tiny-transformer-lr_fault-23,1.2573928833007812,0.7429937124252319,0.7429937720298767,0.002,0.2844626307487488,57.01155853271485,288,True
torch_suite,lr_fault_23,22,tiny-transformer-lr_fault-23,1.234864592552185,0.7704319953918457,0.7704319953918457,0.002,0.2792809605598449,57.04007339477539,288,True
torch_suite,lr_fault_23,23,tiny-transformer-lr_fault-23,1.1570972204208374,0.7145007848739624,0.7145007848739624,0.002,0.2771740257740021,57.06867599487305,288,True
torch_suite,lr_fault_23,24,tiny-transformer-lr_fault-23,1.0506399869918823,0.7039489150047302,0.7039489150047302,0.002,0.2718775868415832,57.09769821166992,288,True
torch_suite,lr_fault_23,25,tiny-transformer-lr_fault-23,1.0085550546646118,0.6642275452613831,0.6642274856567383,0.002,0.2686666250228882,57.12690734863281,288,True
torch_suite,lr_fault_23,26,tiny-transformer-lr_fault-23,0.9137165546417236,0.6343891620635986,0.6343891620635986,0.002,0.2657225728034973,57.15611267089844,288,True
torch_suite,lr_fault_23,27,tiny-transformer-lr_fault-23,0.8527095317840576,0.6275124549865723,0.627512514591217,0.002,0.2616309225559234,57.1851921081543,288,True
torch_suite,lr_fault_23,28,tiny-transformer-lr_fault-23,0.7906649708747864,0.6100232005119324,0.6100232005119324,0.002,0.2569380700588226,57.214134216308594,288,True
torch_suite,lr_fault_23,29,tiny-transformer-lr_fault-23,0.7638272047042847,0.616054356098175,0.6160542964935303,0.002,0.2515219449996948,57.24280548095703,288,True
torch_suite,lr_fault_23,30,tiny-transformer-lr_fault-23,0.6590471267700195,0.5456637740135193,0.5456637740135193,0.002,0.2457378506660461,57.27101516723633,288,True
torch_suite,lr_fault_23,31,tiny-transformer-lr_fault-23,0.6239961385726929,0.5233012437820435,0.5233013033866882,0.002,0.2395776212215423,57.2988395690918,288,True
torch_suite,lr_fault_23,32,tiny-transformer-lr_fault-23,0.5873861908912659,0.5063498616218567,0.5063498616218567,0.002,0.23366180062294,57.32635498046875,288,True
torch_suite,lr_fault_23,33,tiny-transformer-lr_fault-23,0.5074407458305359,0.465777575969696,0.4657776057720184,0.002,0.2272444814443588,57.35331344604492,288,True
torch_suite,lr_fault_23,34,tiny-transformer-lr_fault-23,0.5143111944198608,0.4620817601680755,0.4620817303657532,0.002,0.2214569896459579,57.37972259521485,288,True
torch_suite,lr_fault_23,35,tiny-transformer-lr_fault-23,0.4654357135295868,0.4416326284408569,0.4416326582431793,0.002,0.2154500037431717,57.4054069519043,288,True
torch_suite,lr_fault_23,36,tiny-transformer-lr_fault-23,0.4243084490299225,0.4172965586185455,0.4172965884208679,0.002,0.2087417393922805,57.4304084777832,288,True
torch_suite,lr_fault_23,37,tiny-transformer-lr_fault-23,0.3963024020195007,0.3930486738681793,0.3930486738681793,0.002,0.2024292647838592,57.45458221435547,288,True
torch_suite,lr_fault_23,38,tiny-transformer-lr_fault-23,0.3651111721992492,0.3814460337162018,0.3814460337162018,0.002,0.1962472051382064,57.47805404663086,288,True
torch_suite,lr_fault_23,39,tiny-transformer-lr_fault-23,0.330163836479187,0.3482644557952881,0.3482644259929657,0.002,0.1897277235984802,57.500885009765625,288,True
torch_suite,lr_fault_23,40,tiny-transformer-lr_fault-23,0.3160684108734131,0.3348014950752258,0.3348014950752258,0.002,0.183829665184021,57.52292251586914,288,True
torch_suite,lr_fault_23,41,tiny-transformer-lr_fault-23,0.2982149422168731,0.3249019980430603,0.3249019980430603,0.002,0.1782241910696029,57.54426193237305,288,True
torch_suite,lr_fault_23,42,tiny-transformer-lr_fault-23,0.2663232684135437,0.3094407916069031,0.3094407916069031,0.002,0.1718562543392181,57.564884185791016,288,True
torch_suite,lr_fault_23,43,tiny-transformer-lr_fault-23,0.2527577877044678,0.2875559329986572,0.2875559329986572,0.002,0.1652927547693252,57.58475875854492,288,True
torch_suite,lr_fault_23,44,tiny-transformer-lr_fault-23,0.2281175255775451,0.2587572634220123,0.2587572634220123,0.002,0.1584350615739822,57.60395050048828,288,True
torch_suite,lr_fault_23,45,tiny-transformer-lr_fault-23,0.2157036215066909,0.2519584596157074,0.2519584596157074,0.002,0.1523632109165191,57.62241744995117,288,True
torch_suite,lr_fault_23,46,tiny-transformer-lr_fault-23,0.2093345075845718,0.2493362426757812,0.24933622777462,0.002,0.1471524834632873,57.64017105102539,288,True
torch_suite,lr_fault_23,47,tiny-transformer-lr_fault-23,0.1853250116109848,0.2188550531864166,0.2188550680875778,0.002,0.1407523155212402,57.65723037719727,288,True
torch_suite,lr_fault_23,48,tiny-transformer-lr_fault-23,0.1724955588579177,0.2122687995433807,0.2122688144445419,0.002,0.1346246749162674,57.67350006103516,288,True
torch_suite,lr_fault_23,49,tiny-transformer-lr_fault-23,0.1631504148244857,0.1997559964656829,0.1997560113668441,0.002,0.1287462711334228,57.68901443481445,288,True
torch_suite,lr_fault_23,50,tiny-transformer-lr_fault-23,0.1544899195432663,0.1903311014175415,0.1903310865163803,0.002,0.1236587241291999,57.70379257202149,288,True
torch_suite,lr_fault_23,51,tiny-transformer-lr_fault-23,0.1499919295310974,0.1849090158939361,0.1849090009927749,0.002,0.1186908632516861,57.717918395996094,288,True
torch_suite,lr_fault_23,52,tiny-transformer-lr_fault-23,0.1426259577274322,0.180279791355133,0.1802797764539718,0.002,0.1142501160502433,57.73133087158203,288,True
torch_suite,lr_fault_23,53,tiny-transformer-lr_fault-23,0.1285612136125564,0.1627544313669204,0.1627544313669204,0.002,0.109418474137783,57.74407958984375,288,True
torch_suite,lr_fault_23,54,tiny-transformer-lr_fault-23,0.1268820762634277,0.1636936366558075,0.1636936366558075,0.002,0.105524830520153,57.75621032714844,288,True
torch_suite,lr_fault_23,55,tiny-transformer-lr_fault-23,0.1170871630311012,0.1512186229228973,0.1512186080217361,0.002,0.1012571156024932,57.76774978637695,288,True
torch_suite,lr_fault_23,56,tiny-transformer-lr_fault-23,0.1121673285961151,0.1507505178451538,0.150750532746315,0.002,0.0970252528786659,57.77870178222656,288,True
torch_suite,lr_fault_23,57,tiny-transformer-lr_fault-23,0.1063693687319755,0.1394151598215103,0.1394151747226715,0.002,0.0930492579936981,57.78897476196289,288,True
torch_suite,lr_fault_23,58,tiny-transformer-lr_fault-23,0.1028125137090683,0.1360320150852203,0.1360320150852203,0.002,0.0896091908216476,57.798709869384766,288,True
torch_suite,lr_fault_23,59,tiny-transformer-lr_fault-23,0.0960395559668541,0.1281718313694,0.1281718313694,0.002,0.085791029036045,57.80794525146485,288,True
torch_suite,lr_fault_23,60,tiny-transformer-lr_fault-23,0.0917154401540756,0.1247909888625145,0.124790996313095,0.002,0.0824178308248519,57.81669235229492,288,True
torch_suite,lr_fault_23,61,tiny-transformer-lr_fault-23,0.0879360139369964,0.1192979142069816,0.1192979142069816,0.002,0.0792158097028732,57.82501602172852,288,True
torch_suite,lr_fault_23,62,tiny-transformer-lr_fault-23,0.084003172814846,0.1152781471610069,0.1152781471610069,0.002,0.0761408358812332,57.83287811279297,288,True
torch_suite,lr_fault_23,63,tiny-transformer-lr_fault-23,0.0818927362561225,0.111551932990551,0.111551932990551,0.002,0.0736495181918144,57.84039688110352,288,True
torch_suite,lr_fault_23,64,tiny-transformer-lr_fault-23,0.0784611478447914,0.109464943408966,0.1094649285078048,0.002,0.0709547325968742,57.84749984741211,288,True
torch_suite,lr_fault_23,65,tiny-transformer-lr_fault-23,0.0733198747038841,0.1029707193374633,0.1029707193374633,0.002,0.0680760815739631,57.8542366027832,288,True
torch_suite,lr_fault_23,66,tiny-transformer-lr_fault-23,0.0702591836452484,0.0958063155412674,0.0958063080906868,0.002,0.065383031964302,57.86062240600586,288,True
torch_suite,lr_fault_23,67,tiny-transformer-lr_fault-23,0.069589652121067,0.0964872539043426,0.0964872539043426,0.002,0.0632455721497535,57.86667251586914,288,True
torch_suite,lr_fault_23,68,tiny-transformer-lr_fault-23,0.0686002224683761,0.09607595205307,0.09607595205307,0.002,0.0611727684736251,57.87242126464844,288,True
torch_suite,lr_fault_23,69,tiny-transformer-lr_fault-23,0.0644768700003624,0.0953465327620506,0.0953465327620506,0.002,0.0590313486754894,57.87787628173828,288,True
torch_suite,lr_fault_23,70,tiny-transformer-lr_fault-23,0.0629173591732978,0.0874969512224197,0.0874969512224197,0.002,0.0573279112577438,57.88311004638672,288,True
torch_suite,lr_fault_23,71,tiny-transformer-lr_fault-23,0.0607857964932918,0.0848836302757263,0.0848836302757263,0.002,0.0554740950465202,57.88808441162109,288,True
torch_suite,lr_fault_23,72,tiny-transformer-lr_fault-23,0.0588031932711601,0.0856461971998214,0.0856461971998214,0.002,0.0536739453673362,57.89284896850586,288,True
torch_suite,lr_fault_23,73,tiny-transformer-lr_fault-23,0.054778091609478,0.0781572759151458,0.0781572759151458,0.002,0.0517725199460983,57.89739608764648,288,True
torch_suite,lr_fault_23,74,tiny-transformer-lr_fault-23,0.0559295676648616,0.0788901895284652,0.0788901895284652,0.002,0.0501592941582202,57.90172576904297,288,True
torch_suite,lr_fault_23,75,tiny-transformer-lr_fault-23,0.052737969905138,0.0751045122742652,0.0751045197248458,0.002,0.0486367829144001,57.90586471557617,288,True
torch_suite,lr_fault_23,76,tiny-transformer-lr_fault-23,0.0517055504024028,0.073463000357151,0.073463000357151,0.002,0.0471152998507022,57.9097785949707,288,True
torch_suite,lr_fault_23,77,tiny-transformer-lr_fault-23,0.0498718991875648,0.0714816376566886,0.0714816376566886,0.002,0.0457518100738525,57.91351318359375,288,True
torch_suite,lr_fault_23,78,tiny-transformer-lr_fault-23,0.048275027424097,0.0696050748229026,0.0696050748229026,0.002,0.0440948419272899,57.91708755493164,288,True
torch_suite,lr_fault_23,79,tiny-transformer-lr_fault-23,0.0478487126529216,0.0692058801651001,0.0692058801651001,0.002,0.0427340939640998,57.920501708984375,288,True
torch_suite,lr_fault_23,80,tiny-transformer-lr_fault-23,0.0455459058284759,0.0672727674245834,0.067272774875164,0.002,0.0415116399526596,57.92380142211914,288,True
torch_suite,lr_fault_23,81,tiny-transformer-lr_fault-23,0.045158002525568,0.0662235170602798,0.0662235170602798,0.002,0.0402793362736702,57.92695236206055,288,True
torch_suite,lr_fault_23,82,tiny-transformer-lr_fault-23,0.0446060672402381,0.0654459819197654,0.0654459819197654,0.002,0.039282239973545,57.929954528808594,288,True
torch_suite,lr_fault_23,83,tiny-transformer-lr_fault-23,0.0422941297292709,0.061212059110403,0.0612120665609836,0.002,0.0381430834531784,57.93281555175781,288,True
torch_suite,lr_fault_23,84,tiny-transformer-lr_fault-23,0.0431053563952446,0.0627920925617218,0.0627920925617218,0.002,0.0371387973427772,57.9355697631836,288,True
torch_suite,lr_fault_23,85,tiny-transformer-lr_fault-23,0.0410898886620998,0.0611307583749294,0.0611307546496391,0.002,0.0363155975937843,57.93822479248047,288,True
torch_suite,lr_fault_23,86,tiny-transformer-lr_fault-23,0.0405249372124671,0.0598331540822982,0.0598331578075885,0.002,0.0354298241436481,57.94080352783203,288,True
torch_suite,lr_fault_23,87,tiny-transformer-lr_fault-23,0.0389673933386802,0.0584358908236026,0.0584358908236026,0.002,0.0344693735241889,57.94328308105469,288,True
torch_suite,lr_fault_23,88,tiny-transformer-lr_fault-23,0.0390645787119865,0.0569399558007717,0.0569399558007717,0.002,0.0337389297783374,57.94567489624024,288,True
torch_suite,lr_fault_23,89,tiny-transformer-lr_fault-23,0.0374059900641441,0.0549445636570453,0.0549445636570453,0.002,0.0329011194407939,57.94798278808594,288,True
torch_suite,lr_fault_23,90,tiny-transformer-lr_fault-23,0.0362592488527298,0.053369715809822,0.053369715809822,0.002,0.0319893360137939,57.9502067565918,288,True
torch_suite,lr_fault_23,91,tiny-transformer-lr_fault-23,0.0356444530189037,0.0536507330834865,0.0536507330834865,0.002,0.0311531797051429,57.95235443115234,288,True
torch_suite,lr_fault_23,92,tiny-transformer-lr_fault-23,0.0349460020661354,0.0518071465194225,0.0518071502447128,0.002,0.0304258558899164,57.95441818237305,288,True
torch_suite,lr_fault_23,93,tiny-transformer-lr_fault-23,0.0347732864320278,0.0511541292071342,0.0511541292071342,0.002,0.0296981744468212,57.956390380859375,288,True
torch_suite,lr_fault_23,94,tiny-transformer-lr_fault-23,0.0337881967425346,0.0504546649754047,0.0504546649754047,0.002,0.0291433725506067,57.95831298828125,288,True
torch_suite,lr_fault_23,95,tiny-transformer-lr_fault-23,0.0326414443552494,0.0483102798461914,0.0483102761209011,0.002,0.028486218303442,57.96018981933594,288,True
torch_suite,lr_fault_23,96,tiny-transformer-lr_fault-23,0.0324364453554153,0.0480056405067443,0.0480056405067443,0.002,0.0279385205358266,57.96199035644531,288,True
torch_suite,lr_fault_23,97,tiny-transformer-lr_fault-23,0.032107800245285,0.0486740730702877,0.0486740730702877,0.002,0.0273473970592021,57.96371841430664,288,True
torch_suite,lr_fault_23,98,tiny-transformer-lr_fault-23,0.0313425213098526,0.047175720334053,0.047175720334053,0.002,0.026846956461668,57.96539688110352,288,True
torch_suite,lr_fault_23,99,tiny-transformer-lr_fault-23,0.03024747595191,0.0463843420147895,0.0463843457400798,0.002,0.0263840015977621,57.96703338623047,288,True
torch_suite,lr_fault_23,100,tiny-transformer-lr_fault-23,0.030785659328103,0.0463814213871955,0.0463814251124858,0.002,0.0260004512965679,57.9686279296875,288,True
torch_suite,lr_fault_23,101,tiny-transformer-lr_fault-23,0.0298206117004156,0.0452579706907272,0.0452579706907272,0.002,0.0256619565188884,57.97017288208008,288,True
torch_suite,lr_fault_23,102,tiny-transformer-lr_fault-23,0.0288930963724851,0.0443888306617736,0.0443888306617736,0.002,0.0252762902528047,57.9716911315918,288,True
torch_suite,lr_fault_23,103,tiny-transformer-lr_fault-23,0.0279484000056982,0.0418090373277664,0.0418090410530567,0.002,0.024822074919939,57.9731559753418,288,True
torch_suite,lr_fault_23,104,tiny-transformer-lr_fault-23,0.0280430056154727,0.0426187664270401,0.0426187664270401,0.002,0.0245170183479785,57.97456359863281,288,True
torch_suite,lr_fault_23,105,tiny-transformer-lr_fault-23,0.0276417136192321,0.0417303778231143,0.0417303778231143,0.002,0.0240642521530389,57.97592544555664,288,True
torch_suite,lr_fault_23,106,tiny-transformer-lr_fault-23,0.0277427062392234,0.0417075641453266,0.0417075641453266,0.002,0.0238542407751083,57.97726440429688,288,True
torch_suite,lr_fault_23,107,tiny-transformer-lr_fault-23,0.0270134098827838,0.0422649458050727,0.0422649458050727,0.002,0.0235431939363479,57.97856903076172,288,True
torch_suite,lr_fault_23,108,tiny-transformer-lr_fault-23,0.0264782905578613,0.0407276600599288,0.0407276563346385,0.002,0.0231851227581501,57.9798469543457,288,True
torch_suite,lr_fault_23,109,tiny-transformer-lr_fault-23,0.025918498635292,0.0398204512894153,0.0398204512894153,0.002,0.0227930340915918,57.9810905456543,288,True
torch_suite,lr_fault_23,110,tiny-transformer-lr_fault-23,0.0253334157168865,0.0382878333330154,0.0382878333330154,0.002,0.0222493689507246,57.98231887817383,288,True
torch_suite,lr_fault_23,111,tiny-transformer-lr_fault-23,0.0246271509677171,0.0373540893197059,0.0373540893197059,0.002,0.0218513775616884,57.98350524902344,288,True
torch_suite,lr_fault_23,112,tiny-transformer-lr_fault-23,0.0249264817684888,0.0382873453199863,0.038287341594696,0.002,0.0216918736696243,57.98466110229492,288,True
torch_suite,lr_fault_23,113,tiny-transformer-lr_fault-23,0.0245848894119262,0.0373407267034053,0.037340722978115,0.002,0.021458638831973,57.98577499389648,288,True
torch_suite,lr_fault_23,114,tiny-transformer-lr_fault-23,0.0242238920181989,0.038293108344078,0.038293108344078,0.002,0.0214383732527494,57.98686599731445,288,True
torch_suite,lr_fault_23,115,tiny-transformer-lr_fault-23,0.0236122477799654,0.0363896563649177,0.0363896563649177,0.002,0.0208960976451635,57.98793411254883,288,True
torch_suite,lr_fault_23,116,tiny-transformer-lr_fault-23,0.0235629808157682,0.0361498817801475,0.0361498855054378,0.002,0.0204238314181566,57.98896026611328,288,True
torch_suite,lr_fault_23,117,tiny-transformer-lr_fault-23,0.0230804607272148,0.0354408659040927,0.0354408659040927,0.002,0.0201434157788753,57.989933013916016,288,True
torch_suite,lr_fault_23,118,tiny-transformer-lr_fault-23,0.0227048061788082,0.0354079753160476,0.0354079753160476,0.002,0.0199673660099506,57.99089813232422,288,True
torch_suite,lr_fault_23,119,tiny-transformer-lr_fault-23,0.0229661241173744,0.0363878570497036,0.0363878570497036,0.002,0.0196571387350559,57.99183654785156,288,True
torch_suite,lr_fault_23,120,tiny-transformer-lr_fault-23,0.0220127925276756,0.034380804747343,0.034380804747343,0.002,0.0194283314049243,57.99276351928711,288,True
torch_suite,lr_fault_23,121,tiny-transformer-lr_fault-23,0.0215700194239616,0.033145148307085,0.033145148307085,0.002,0.0191805996000766,57.9936752319336,288,True
torch_suite,lr_fault_23,122,tiny-transformer-lr_fault-23,0.0213008895516395,0.0329568423330783,0.032956838607788,0.002,0.0189555753022432,57.99454879760742,288,True
torch_suite,lr_fault_23,123,tiny-transformer-lr_fault-23,0.0213790778070688,0.0333044379949569,0.0333044379949569,0.002,0.0189318247139453,57.995399475097656,288,True
torch_suite,lr_fault_23,124,tiny-transformer-lr_fault-23,0.0206313226372003,0.0320991575717926,0.0320991575717926,0.002,0.0186854638159275,57.99623107910156,288,True
torch_suite,lr_fault_23,125,tiny-transformer-lr_fault-23,0.0202601440250873,0.0315260961651802,0.0315260961651802,0.002,0.0182737242430448,57.997032165527344,288,True
torch_suite,lr_fault_23,126,tiny-transformer-lr_fault-23,0.020625727251172,0.0323928706347942,0.0323928706347942,0.002,0.0182517599314451,57.9978141784668,288,True
torch_suite,lr_fault_23,127,tiny-transformer-lr_fault-23,0.0200059302151203,0.0310164652764797,0.0310164652764797,0.002,0.0180082246661186,57.99858474731445,288,True
torch_suite,lr_fault_23,128,tiny-transformer-lr_fault-23,0.0200400240719318,0.0308742392808198,0.0308742392808198,0.002,0.0178605616092681,57.99934005737305,288,True
torch_suite,lr_fault_23,129,tiny-transformer-lr_fault-23,0.0194616392254829,0.0308243967592716,0.0308243986219167,0.002,0.0176297035068273,58.00007247924805,288,True
torch_suite,lr_fault_23,130,tiny-transformer-lr_fault-23,0.0196823272854089,0.0311391949653625,0.0311391968280076,0.002,0.0175808407366275,58.00077438354492,288,True
torch_suite,lr_fault_23,131,tiny-transformer-lr_fault-23,0.0189708583056926,0.0302136037498712,0.0302136056125164,0.002,0.0172780659049749,58.0014762878418,288,True
torch_suite,lr_fault_23,132,tiny-transformer-lr_fault-23,0.0191799886524677,0.030076814815402,0.0300768129527568,0.002,0.0171228218823671,58.00215148925781,288,True
torch_suite,lr_fault_23,133,tiny-transformer-lr_fault-23,0.0188715383410453,0.0292466972023248,0.0292466972023248,0.002,0.0169263742864131,58.00281524658203,288,True
torch_suite,lr_fault_23,134,tiny-transformer-lr_fault-23,0.0183484591543674,0.0294790994375944,0.0294790975749492,0.002,0.0167987272143363,58.00346374511719,288,True
torch_suite,lr_fault_23,135,tiny-transformer-lr_fault-23,0.0180245283991098,0.0286207702010869,0.0286207702010869,0.002,0.0165471266955137,58.00410461425781,288,True
torch_suite,lr_fault_23,136,tiny-transformer-lr_fault-23,0.0180500447750091,0.0284924563020467,0.0284924581646919,0.002,0.0165175907313823,58.00472640991211,288,True
torch_suite,lr_fault_23,137,tiny-transformer-lr_fault-23,0.0179181043058633,0.0284277684986591,0.0284277684986591,0.002,0.0164788030087947,58.005348205566406,288,True
torch_suite,lr_fault_23,138,tiny-transformer-lr_fault-23,0.0177124049514532,0.0281494464725255,0.0281494446098804,0.002,0.016353853046894,58.0059700012207,288,True
torch_suite,lr_fault_23,139,tiny-transformer-lr_fault-23,0.0173977799713611,0.0276635289192199,0.0276635289192199,0.002,0.0160948652774095,58.00655746459961,288,True
torch_suite,lr_fault_23,140,tiny-transformer-lr_fault-23,0.0168341603130102,0.0264787245541811,0.0264787245541811,0.002,0.0159421321004629,58.00713348388672,288,True
torch_suite,lr_fault_23,141,tiny-transformer-lr_fault-23,0.0167738664895296,0.0262553766369819,0.0262553784996271,0.002,0.0157927405089139,58.00769805908203,288,True
torch_suite,lr_fault_23,142,tiny-transformer-lr_fault-23,0.0170320495963096,0.0271442849189043,0.0271442867815494,0.002,0.015622773207724,58.008262634277344,288,True
torch_suite,lr_fault_23,143,tiny-transformer-lr_fault-23,0.0163541603833436,0.0259949546307325,0.0259949546307325,0.002,0.0153643628582358,58.0088119506836,288,True
torch_suite,lr_fault_23,144,tiny-transformer-lr_fault-23,0.0162261761724948,0.0256272163242101,0.025627214461565,0.002,0.0151374489068984,58.00933837890625,288,True
torch_suite,lr_fault_23,145,tiny-transformer-lr_fault-23,0.0165077596902847,0.0260926000773906,0.0260926000773906,0.002,0.0150516619905829,58.009857177734375,288,True
torch_suite,lr_fault_23,146,tiny-transformer-lr_fault-23,0.0161439534276723,0.0255236160010099,0.0255236141383647,0.002,0.014965103007853,58.01036071777344,288,True
torch_suite,lr_fault_23,147,tiny-transformer-lr_fault-23,0.0157182421535253,0.025418309494853,0.0254183076322078,0.002,0.0148602603003382,58.010860443115234,288,True
torch_suite,lr_fault_23,148,tiny-transformer-lr_fault-23,0.0161791257560253,0.0260511916130781,0.0260511916130781,0.002,0.0147673888131976,58.01134490966797,288,True
torch_suite,lr_fault_23,149,tiny-transformer-lr_fault-23,0.0156557708978652,0.0248362030833959,0.0248362012207508,0.002,0.0145758539438247,58.01182556152344,288,True
torch_suite,lr_fault_23,150,tiny-transformer-lr_fault-23,0.0153975253924727,0.0250682216137647,0.0250682216137647,0.002,0.0144822718575596,58.012298583984375,288,True
torch_suite,lr_fault_23,151,tiny-transformer-lr_fault-23,0.0155546069145202,0.0245169308036565,0.0245169308036565,0.002,0.0143927866593003,58.01275253295898,288,True
torch_suite,lr_fault_23,152,tiny-transformer-lr_fault-23,0.0148306060582399,0.0235717464238405,0.0235717464238405,0.002,0.0142262149602174,58.0131950378418,288,True
torch_suite,lr_fault_23,153,tiny-transformer-lr_fault-23,0.0147328395396471,0.0232756789773702,0.0232756808400154,0.002,0.0140309957787394,58.01364135742188,288,True
torch_suite,lr_fault_23,154,tiny-transformer-lr_fault-23,0.0146714188158512,0.0232587475329637,0.0232587475329637,0.002,0.013887170702219,58.01404571533203,288,True
torch_suite,lr_fault_23,155,tiny-transformer-lr_fault-23,0.0145245706662535,0.0237496439367532,0.0237496457993984,0.002,0.0138256438076496,58.014442443847656,288,True
torch_suite,lr_fault_23,156,tiny-transformer-lr_fault-23,0.0142261069267988,0.0228942055255174,0.0228942036628723,0.002,0.013619159348309,58.01482391357422,288,True
torch_suite,lr_fault_23,157,tiny-transformer-lr_fault-23,0.0141536658629775,0.0230348408222198,0.0230348389595747,0.002,0.0135130295529961,58.01519393920898,288,True
torch_suite,lr_fault_23,158,tiny-transformer-lr_fault-23,0.014152705669403,0.0224819350987672,0.0224819350987672,0.002,0.0134369526058435,58.01554107666016,288,True
torch_suite,lr_fault_23,159,tiny-transformer-lr_fault-23,0.0142241120338439,0.0230784136801958,0.0230784136801958,0.002,0.013563790358603,58.01588439941406,288,True
torch_suite,lr_fault_23,160,tiny-transformer-lr_fault-23,0.0136844189837574,0.0218016244471073,0.0218016263097524,0.002,0.013323787599802,58.01622009277344,288,True
torch_suite,lr_fault_23,161,tiny-transformer-lr_fault-23,0.013585690408945,0.0218068398535251,0.0218068398535251,0.002,0.0132158622145652,58.01651763916016,288,True
torch_suite,lr_fault_23,162,tiny-transformer-lr_fault-23,0.0136084891855716,0.0217645391821861,0.0217645391821861,0.002,0.0132077215239405,58.01682662963867,288,True
torch_suite,lr_fault_23,163,tiny-transformer-lr_fault-23,0.0135684357956051,0.0218543335795402,0.0218543335795402,0.002,0.0132244899868965,58.0171127319336,288,True
torch_suite,lr_fault_23,164,tiny-transformer-lr_fault-23,0.0132818780839443,0.0210570283234119,0.0210570283234119,0.002,0.0131956273689866,58.01739501953125,288,True
torch_suite,lr_fault_23,165,tiny-transformer-lr_fault-23,0.0129249170422554,0.0208390448242425,0.0208390448242425,0.002,0.0128964036703109,58.01766204833984,288,True
torch_suite,lr_fault_23,166,tiny-transformer-lr_fault-23,0.0129368379712104,0.0206355135887861,0.0206355135887861,0.002,0.0128008285537362,58.01793670654297,288,True
torch_suite,lr_fault_23,167,tiny-transformer-lr_fault-23,0.0127195976674556,0.0206432547420263,0.0206432528793811,0.002,0.0126065714284777,58.01818084716797,288,True
torch_suite,lr_fault_23,168,tiny-transformer-lr_fault-23,0.0127533189952373,0.0205559823662042,0.0205559823662042,0.002,0.0125713543966412,58.0184211730957,288,True
torch_suite,lr_fault_23,169,tiny-transformer-lr_fault-23,0.0126138348132371,0.020163245499134,0.020163245499134,0.002,0.0124586811289191,58.01865768432617,288,True
torch_suite,lr_fault_23,170,tiny-transformer-lr_fault-23,0.01243856549263,0.0201263483613729,0.0201263464987278,0.002,0.0124156791716814,58.018890380859375,288,True
torch_suite,lr_fault_23,171,tiny-transformer-lr_fault-23,0.0123878950253129,0.0203430820256471,0.020343080163002,0.002,0.012514011003077,58.01910781860352,288,True
torch_suite,lr_fault_23,172,tiny-transformer-lr_fault-23,0.0122848991304636,0.0200183279812335,0.0200183279812335,0.002,0.0125181581825017,58.019317626953125,288,True
torch_suite,lr_fault_23,173,tiny-transformer-lr_fault-23,0.0124511662870645,0.0199915170669555,0.0199915170669555,0.002,0.0123451901599764,58.01950073242188,288,True
torch_suite,lr_fault_23,174,tiny-transformer-lr_fault-23,0.0122567079961299,0.0198044069111347,0.0198044050484895,0.002,0.012181868776679,58.01968765258789,288,True
torch_suite,lr_fault_23,175,tiny-transformer-lr_fault-23,0.0119654675945639,0.0191791765391826,0.0191791765391826,0.002,0.0121203195303678,58.01987075805664,288,True
torch_suite,lr_fault_23,176,tiny-transformer-lr_fault-23,0.0118814371526241,0.0192516725510358,0.019251674413681,0.002,0.0120599269866943,58.020050048828125,288,True
torch_suite,lr_fault_23,177,tiny-transformer-lr_fault-23,0.0116404108703136,0.0189969986677169,0.0189969986677169,0.002,0.0119966445490717,58.02023315429688,288,True
torch_suite,lr_fault_23,178,tiny-transformer-lr_fault-23,0.0117799630388617,0.0190243143588304,0.0190243143588304,0.002,0.0119521394371986,58.02040100097656,288,True
torch_suite,lr_fault_23,179,tiny-transformer-lr_fault-23,0.0113296108320355,0.018325138837099,0.018325138837099,0.002,0.0117908585816621,58.02056121826172,288,True
torch_suite,lr_fault_23,180,tiny-transformer-lr_fault-23,0.0114727728068828,0.0189689341932535,0.0189689341932535,0.002,0.0116453878581523,58.02070999145508,288,True
torch_suite,lr_fault_23,181,tiny-transformer-lr_fault-23,0.0113402167335152,0.0183952376246452,0.0183952376246452,0.002,0.0115683181211352,58.02086639404297,288,True
torch_suite,lr_fault_23,182,tiny-transformer-lr_fault-23,0.0112492879852652,0.018155125901103,0.018155125901103,0.002,0.0115645295009016,58.0210189819336,288,True
torch_suite,lr_fault_23,183,tiny-transformer-lr_fault-23,0.0110127078369259,0.0178231820464134,0.0178231820464134,0.002,0.0114610511809587,58.02117156982422,288,True
torch_suite,lr_fault_23,184,tiny-transformer-lr_fault-23,0.0113390628248453,0.0182868279516696,0.0182868298143148,0.002,0.0114450976252555,58.02130126953125,288,True
torch_suite,lr_fault_23,185,tiny-transformer-lr_fault-23,0.0108433468267321,0.0176761522889137,0.0176761541515588,0.002,0.0113461064174771,58.02143478393555,288,True
torch_suite,lr_fault_23,186,tiny-transformer-lr_fault-23,0.0107510285452008,0.0175485499203205,0.0175485480576753,0.002,0.0112960571423172,58.02155303955078,288,True
torch_suite,lr_fault_23,187,tiny-transformer-lr_fault-23,0.0107052689418196,0.0173778757452964,0.0173778757452964,0.002,0.0111273890361189,58.021671295166016,288,True
torch_suite,lr_fault_23,188,tiny-transformer-lr_fault-23,0.0106309223920106,0.0171792563050985,0.0171792563050985,0.002,0.0110478475689888,58.02177047729492,288,True
torch_suite,lr_fault_23,189,tiny-transformer-lr_fault-23,0.0107083497568964,0.0177251156419515,0.0177251156419515,0.002,0.0109922159463167,58.02187347412109,288,True
torch_suite,lr_fault_23,190,tiny-transformer-lr_fault-23,0.0105751119554042,0.017318170517683,0.017318170517683,0.0022785697589078,0.0124657014384865,58.02198791503906,288,True
torch_suite,lr_fault_23,191,tiny-transformer-lr_fault-23,0.010493254289031,0.0170467514544725,0.0170467514544725,0.0025959400731046,0.0141238113865256,58.02211380004883,288,True
torch_suite,lr_fault_23,192,tiny-transformer-lr_fault-23,0.0103146620094776,0.0169499590992927,0.0169499609619379,0.0029575152732566,0.0159289967268705,58.022247314453125,288,True
torch_suite,lr_fault_23,193,tiny-transformer-lr_fault-23,0.0100762275978922,0.0170557834208011,0.0170557834208011,0.0033694524315752,0.0179500188678503,58.02238082885742,288,True
torch_suite,lr_fault_23,194,tiny-transformer-lr_fault-23,0.0101520931348204,0.0166466906666755,0.0166466925293207,0.0038387662073329,0.0205100458115339,58.02252960205078,288,True
torch_suite,lr_fault_23,195,tiny-transformer-lr_fault-23,0.0098108872771263,0.0159237831830978,0.0159237831830978,0.0043734482957731,0.0231110285967588,58.02270126342773,288,True
torch_suite,lr_fault_23,196,tiny-transformer-lr_fault-23,0.0095751201733946,0.0157767552882432,0.0157767552882432,0.0049826035144478,0.0261046327650547,58.02288055419922,288,True
torch_suite,lr_fault_23,197,tiny-transformer-lr_fault-23,0.0094859413802623,0.0157610550522804,0.0157610550522804,0.0056766048443243,0.0291664227843284,58.023040771484375,288,True
torch_suite,lr_fault_23,198,tiny-transformer-lr_fault-23,0.0093752183020114,0.015412276610732,0.0154122775420546,0.0064672700657735,0.0328613221645355,58.02320098876953,288,True
torch_suite,lr_fault_23,199,tiny-transformer-lr_fault-23,0.0091586699709296,0.0150841241702437,0.0150841241702437,0.0073680629972807,0.0373309291899204,58.02334213256836,288,True
torch_suite,lr_fault_23,200,tiny-transformer-lr_fault-23,0.0086805755272507,0.0145308813080191,0.0145308813080191,0.0083943227636658,0.0418257862329483,58.02348327636719,288,True
torch_suite,lr_fault_23,201,tiny-transformer-lr_fault-23,0.0084979403764009,0.014231844805181,0.014231844805181,0.0095635249979003,0.0469995252788066,58.02360534667969,288,True
torch_suite,lr_fault_23,202,tiny-transformer-lr_fault-23,0.0081539936363697,0.0136023154482245,0.0136023163795471,0.0108955794243874,0.0521471798419952,58.023712158203125,288,True
torch_suite,lr_fault_23,203,tiny-transformer-lr_fault-23,0.0078572500497102,0.0131445229053497,0.0131445247679948,0.0124131688910938,0.0584193393588066,58.02376174926758,288,True
torch_suite,lr_fault_23,204,tiny-transformer-lr_fault-23,0.0076943188905715,0.0129727842286229,0.0129727842286229,0.0141421356237309,0.0651371777057647,58.02373504638672,288,True
torch_suite,lr_fault_23,205,tiny-transformer-lr_fault-23,0.007022270001471,0.0117507139220833,0.0117507129907608,0.0161119212793032,0.0720019191503524,58.02364349365234,288,True
torch_suite,lr_fault_23,206,tiny-transformer-lr_fault-23,0.0067025544121861,0.0112629430368542,0.0112629430368542,0.018356068292462,0.0799856856465339,58.02337646484375,288,True
torch_suite,lr_fault_23,207,tiny-transformer-lr_fault-23,0.0062851686961948,0.0106674209237098,0.0106674199923872,0.0209127910518254,0.0886190757155418,58.0228385925293,288,True
torch_suite,lr_fault_23,208,tiny-transformer-lr_fault-23,0.005822823382914,0.009969119913876,0.0099691208451986,0.0238256266325239,0.097706601023674,58.02206802368164,288,True
torch_suite,lr_fault_23,209,tiny-transformer-lr_fault-23,0.0054123718291521,0.0092720538377761,0.0092720547690987,0.027144176165949,0.1079115271568298,58.0208854675293,288,True
torch_suite,lr_fault_23,210,tiny-transformer-lr_fault-23,0.0049181310459971,0.0084518380463123,0.0084518380463123,0.0309249494710991,0.1179790496826171,58.01919937133789,288,True
torch_suite,lr_fault_23,211,tiny-transformer-lr_fault-23,0.0044204117730259,0.0075979134999215,0.0075979139655828,0.0352323273302996,0.1286790519952774,58.01680374145508,288,True
torch_suite,lr_fault_23,212,tiny-transformer-lr_fault-23,0.0040795588865876,0.0072344788350164,0.0072344793006777,0.0401396577953814,0.1403897404670715,58.01352691650391,288,True
torch_suite,lr_fault_23,213,tiny-transformer-lr_fault-23,0.00366628379561,0.0064887385815382,0.0064887385815382,0.0457305051927326,0.1516054719686508,58.00910186767578,288,True
torch_suite,lr_fault_23,214,tiny-transformer-lr_fault-23,0.0032314946874976,0.006120744626969,0.006120744626969,0.0521000730958691,0.1640721261501312,58.00337600708008,288,True
torch_suite,lr_fault_23,215,tiny-transformer-lr_fault-23,0.0027305353432893,0.005065731704235,0.005065731704235,0.0593568254965675,0.175753653049469,57.99597930908203,288,True
torch_suite,lr_fault_23,216,tiny-transformer-lr_fault-23,0.0024144791532307,0.0043866499327123,0.004386649467051,0.0676243337806241,0.1876556873321533,57.986663818359375,288,True
torch_suite,lr_fault_23,217,tiny-transformer-lr_fault-23,0.0019908803515136,0.0036442698910832,0.0036442701239138,0.0770433809594098,0.1994498074054718,57.97476959228516,288,True
torch_suite,lr_fault_23,218,tiny-transformer-lr_fault-23,0.0016826387727633,0.0031390057411044,0.0031390057411044,0.0877743589890634,0.2113288044929504,57.959693908691406,288,True
torch_suite,lr_fault_23,219,tiny-transformer-lr_fault-23,0.0014279371825978,0.0026865387335419,0.0026865387335419,0.1,0.2236565798521042,57.94092178344727,288,True
torch_suite,lr_fault_23,220,tiny-transformer-lr_fault-23,0.0011542807333171,0.0022133651655167,0.0022133651655167,0.1,0.2070791870355606,57.91768646240234,288,True
torch_suite,lr_fault_23,221,tiny-transformer-lr_fault-23,0.0009787803282961,0.0019006920047104,0.0019006918882951,0.1,0.1912481486797332,57.8925666809082,288,True
torch_suite,lr_fault_23,222,tiny-transformer-lr_fault-23,0.000819647568278,0.0015669715357944,0.0015669715357944,0.1,0.1761796325445175,57.865482330322266,288,True
torch_suite,lr_fault_23,223,tiny-transformer-lr_fault-23,0.0007312230300158,0.0014431389281526,0.0014431389281526,0.1,0.162016674876213,57.83646011352539,288,True
torch_suite,lr_fault_23,224,tiny-transformer-lr_fault-23,0.0006169550470076,0.0012289169244468,0.0012289169244468,0.1,0.149281844496727,57.80551910400391,288,True
torch_suite,lr_fault_23,225,tiny-transformer-lr_fault-23,0.0005438944790512,0.0010945625836029,0.0010945627000182,0.1,0.137771338224411,57.77269744873047,288,True
torch_suite,lr_fault_23,226,tiny-transformer-lr_fault-23,0.0004926417022943,0.0009987684898078,0.0009987683733925,0.1,0.1275022178888321,57.73808288574219,288,True
torch_suite,lr_fault_23,227,tiny-transformer-lr_fault-23,0.0004364150227047,0.000876078789588,0.0008760787313804,0.1,0.1181233674287796,57.70178985595703,288,True
torch_suite,lr_fault_23,228,tiny-transformer-lr_fault-23,0.0004039032792206,0.0008015786879695,0.0008015786879695,0.1,0.1096468940377235,57.66391754150391,288,True
torch_suite,lr_fault_23,229,tiny-transformer-lr_fault-23,0.0003739729872904,0.0007468480034731,0.0007468480034731,0.1,0.1021035239100456,57.62456130981445,288,True
torch_suite,lr_fault_23,230,tiny-transformer-lr_fault-23,0.0003461209416855,0.0007052923901937,0.0007052923901937,0.1,0.0954242497682571,57.583831787109375,288,True
torch_suite,lr_fault_23,231,tiny-transformer-lr_fault-23,0.0003210059076081,0.0006600390770472,0.0006600390770472,0.1,0.089514747262001,57.54182434082031,288,True
torch_suite,lr_fault_23,232,tiny-transformer-lr_fault-23,0.0003034648834727,0.0006294283084571,0.0006294283084571,0.1,0.0845115110278129,57.49863052368164,288,True
torch_suite,lr_fault_23,233,tiny-transformer-lr_fault-23,0.0002889078459702,0.0005941566778346,0.0005941566778346,0.1,0.0801742076873779,57.4543571472168,288,True
torch_suite,lr_fault_23,234,tiny-transformer-lr_fault-23,0.0002737854083534,0.0005609254003502,0.0005609253421425,0.1,0.076460026204586,57.40908050537109,288,True
torch_suite,lr_fault_23,235,tiny-transformer-lr_fault-23,0.0002521855058148,0.0005172350211068,0.0005172350211068,0.1,0.0731905028223991,57.36288070678711,288,True
torch_suite,lr_fault_23,236,tiny-transformer-lr_fault-23,0.0002476537774782,0.0005044956342317,0.0005044956342317,0.1,0.070369079709053,57.31583786010742,288,True
torch_suite,lr_fault_23,237,tiny-transformer-lr_fault-23,0.0002423966943752,0.000500489200931,0.0005004891427233,0.1,0.0679047182202339,57.26805114746094,288,True
torch_suite,lr_fault_23,238,tiny-transformer-lr_fault-23,0.0002373232418904,0.0004862035566475,0.0004862035857513,0.1,0.0658333674073219,57.2195930480957,288,True
torch_suite,lr_fault_23,239,tiny-transformer-lr_fault-23,0.0002246035001007,0.000457862188341,0.000457862188341,0.1,0.0640890151262283,57.17049789428711,288,True
torch_suite,lr_fault_23,240,tiny-transformer-lr_fault-23,0.0002228335360996,0.0004622435662895,0.0004622435662895,0.1,0.0626845732331276,57.1208381652832,288,True
torch_suite,lr_fault_23,241,tiny-transformer-lr_fault-23,0.0002199069422204,0.0004544031980913,0.0004544031689874,0.1,0.0615729130804538,57.07068634033203,288,True
torch_suite,lr_fault_23,242,tiny-transformer-lr_fault-23,0.0002170982188545,0.0004515043110586,0.0004515042819548,0.1,0.060670368373394,57.020057678222656,288,True
torch_suite,lr_fault_23,243,tiny-transformer-lr_fault-23,0.000207283112104,0.0004266506584826,0.0004266506875865,0.1,0.0598648115992546,56.96900177001953,288,True
torch_suite,lr_fault_23,244,tiny-transformer-lr_fault-23,0.0002054134092759,0.0004227157332934,0.0004227157332934,0.1,0.0592236220836639,56.917598724365234,288,True
torch_suite,lr_fault_23,245,tiny-transformer-lr_fault-23,0.0002023766865022,0.0004112659953534,0.0004112659953534,0.002,0.0011740623740479,56.86585998535156,288,True
torch_suite,lr_fault_23,246,tiny-transformer-lr_fault-23,0.0002048492751782,0.000423127959948,0.000423127959948,0.002,0.0011669610394164,56.86481857299805,288,True
torch_suite,lr_fault_23,247,tiny-transformer-lr_fault-23,0.0002040130202658,0.0004181136609986,0.0004181136609986,0.002,0.0011603536549955,56.86376953125,288,True
torch_suite,lr_fault_23,248,tiny-transformer-lr_fault-23,0.0002023960696533,0.0004116940835956,0.0004116940835956,0.002,0.0011551231145858,56.86270904541016,288,True
torch_suite,lr_fault_23,249,tiny-transformer-lr_fault-23,0.0002041217812802,0.0004174241330474,0.0004174241039436,0.002,0.0011519992258399,56.86165618896485,288,True
torch_suite,lr_fault_23,250,tiny-transformer-lr_fault-23,0.0002043742715613,0.0004205815203022,0.0004205815203022,0.002,0.0011503105051815,56.860595703125,288,True
torch_suite,lr_fault_23,251,tiny-transformer-lr_fault-23,0.0002027304581133,0.0004166166472714,0.0004166166472714,0.002,0.0011489046737551,56.85952377319336,288,True
torch_suite,lr_fault_23,252,tiny-transformer-lr_fault-23,0.0002049018512479,0.000417773699155,0.0004177737282589,0.002,0.0011476028012111,56.85845184326172,288,True
torch_suite,lr_fault_23,253,tiny-transformer-lr_fault-23,0.0002058743702946,0.0004290312353987,0.0004290312645025,0.002,0.0011473634513095,56.85737609863281,288,True
torch_suite,lr_fault_23,254,tiny-transformer-lr_fault-23,0.000200106849661,0.0004105702391825,0.0004105702391825,0.002,0.0011454256018623,56.85629653930664,288,True
torch_suite,lr_fault_23,255,tiny-transformer-lr_fault-23,0.0002036405930994,0.0004147463187109,0.0004147463187109,0.002,0.0011452718172222,56.85521697998047,288,True
torch_suite,lr_fault_23,256,tiny-transformer-lr_fault-23,0.0002053706703009,0.0004192957130726,0.0004192957421764,0.002,0.0011458039516583,56.8541259765625,288,True
torch_suite,lr_fault_23,257,tiny-transformer-lr_fault-23,0.0002044338616542,0.0004161015094723,0.0004161015385761,0.002,0.0011458405060693,56.85304260253906,288,True
torch_suite,lr_fault_23,258,tiny-transformer-lr_fault-23,0.0002006153517868,0.0004093424940947,0.0004093424940947,0.002,0.0011452721664682,56.85195541381836,288,True
torch_suite,lr_fault_23,259,tiny-transformer-lr_fault-23,0.0002004945708904,0.0004094979958608,0.0004094979958608,0.002,0.0011451604077592,56.85086441040039,288,True
torch_suite,lr_fault_23,260,tiny-transformer-lr_fault-23,0.0002039508690359,0.0004129109729547,0.0004129109729547,0.002,0.0011460066307336,56.84976959228516,288,True
torch_suite,lr_fault_23,261,tiny-transformer-lr_fault-23,0.0002039446844719,0.0004140576347708,0.000414057605667,0.002,0.0011463550617918,56.84867858886719,288,True
torch_suite,lr_fault_23,262,tiny-transformer-lr_fault-23,0.0001973729813471,0.0004050555289722,0.0004050554998684,0.002,0.001145530375652,56.84757614135742,288,True
torch_suite,lr_fault_23,263,tiny-transformer-lr_fault-23,0.0002031762269325,0.0004129575390834,0.0004129575390834,0.002,0.0011456534266471,56.84648513793945,288,True
torch_suite,lr_fault_23,264,tiny-transformer-lr_fault-23,0.0002055185177596,0.0004190728650428,0.0004190728650428,0.002,0.0011460082605481,56.84538650512695,288,True
torch_suite,lr_fault_23,265,tiny-transformer-lr_fault-23,0.000200367954676,0.0004113785398658,0.0004113785398658,0.002,0.0011455897474661,56.84428405761719,288,True
torch_suite,lr_fault_23,266,tiny-transformer-lr_fault-23,0.0002020745450863,0.0004107577260583,0.0004107577260583,0.002,0.0011460949899628,56.84318923950195,288,True
torch_suite,lr_fault_23,267,tiny-transformer-lr_fault-23,0.0002042071137111,0.0004152322653681,0.0004152322653681,0.002,0.0011465965071693,56.84208297729492,288,True
torch_suite,lr_fault_23,268,tiny-transformer-lr_fault-23,0.0002026709698839,0.0004126571293454,0.0004126571293454,0.002,0.0011459337547421,56.84099197387695,288,True
torch_suite,lr_fault_23,269,tiny-transformer-lr_fault-23,0.0002069524052785,0.0004229083715472,0.0004229083715472,0.002,0.0011472689220681,56.83988571166992,288,True
torch_suite,lr_fault_23,270,tiny-transformer-lr_fault-23,0.0002077809767797,0.0004255402018316,0.0004255402018316,0.002,0.0011476605432108,56.83878707885742,288,True
torch_suite,lr_fault_23,271,tiny-transformer-lr_fault-23,0.0002069739712169,0.0004248310870025,0.0004248310870025,0.002,0.0011485038558021,56.837684631347656,288,True
torch_suite,lr_fault_23,272,tiny-transformer-lr_fault-23,0.0002034680073847,0.000416051945649,0.0004160519165452,0.002,0.0011492316843941,56.83658599853516,288,True
torch_suite,lr_fault_23,273,tiny-transformer-lr_fault-23,0.0002044437569566,0.0004169674939475,0.0004169674648437,0.002,0.0011493631172925,56.83549118041992,288,True
torch_suite,lr_fault_23,274,tiny-transformer-lr_fault-23,0.0002017993974732,0.0004098378703929,0.0004098378412891,0.002,0.0011484391288831,56.83438491821289,288,True
torch_suite,lr_fault_23,275,tiny-transformer-lr_fault-23,0.0002056311204796,0.0004180579562671,0.0004180579562671,0.002,0.0011490017641335,56.83328628540039,288,True
torch_suite,lr_fault_23,276,tiny-transformer-lr_fault-23,0.0002017505612457,0.0004066528927069,0.0004066528927069,0.002,0.0011478658998385,56.832176208496094,288,True
torch_suite,lr_fault_23,277,tiny-transformer-lr_fault-23,0.0002010495081776,0.0004075439937878,0.0004075439937878,0.002,0.0011480097891762,56.8310775756836,288,True
torch_suite,lr_fault_23,278,tiny-transformer-lr_fault-23,0.0002015942009165,0.0004088536079507,0.0004088535788469,0.002,0.0011475281789898,56.8299674987793,288,True
torch_suite,lr_fault_23,279,tiny-transformer-lr_fault-23,0.0002052768104476,0.0004205738077871,0.0004205738368909,0.002,0.0011469372548162,56.828861236572266,288,True
torch_suite,lr_fault_23,280,tiny-transformer-lr_fault-23,0.0002051075571216,0.0004192749620415,0.0004192749329376,0.002,0.0011471058242022,56.827762603759766,288,True
torch_suite,lr_fault_23,281,tiny-transformer-lr_fault-23,0.0002045936562353,0.0004176734364591,0.0004176734364591,0.002,0.0011477316729724,56.82666397094727,288,True
torch_suite,lr_fault_23,282,tiny-transformer-lr_fault-23,0.0002066449233097,0.0004287071933504,0.0004287072224542,0.002,0.0011481973342597,56.82555770874024,288,True
torch_suite,lr_fault_23,283,tiny-transformer-lr_fault-23,0.0002038660168182,0.000416810682509,0.0004168106534052,0.002,0.0011479321401566,56.82445526123047,288,True
torch_suite,lr_fault_23,284,tiny-transformer-lr_fault-23,0.0002050153416348,0.0004174596397206,0.0004174596688244,0.002,0.0011481783585622,56.823341369628906,288,True
torch_suite,lr_fault_23,285,tiny-transformer-lr_fault-23,0.0002017140795942,0.0004123082326259,0.0004123082617297,0.002,0.0011484094429761,56.822242736816406,288,True
torch_suite,lr_fault_23,286,tiny-transformer-lr_fault-23,0.0002007403963943,0.0004066691617481,0.0004066691908519,0.002,0.0011478214291855,56.821136474609375,288,True
torch_suite,lr_fault_23,287,tiny-transformer-lr_fault-23,0.0002046259032795,0.0004134058835916,0.0004134059126954,0.002,0.0011471239849925,56.82003021240234,288,True
torch_suite,lr_fault_23,288,tiny-transformer-lr_fault-23,0.0002092611975967,0.0004246505268383,0.0004246504977345,0.002,0.0011489011812955,56.81892776489258,288,True
torch_suite,lr_fault_23,289,tiny-transformer-lr_fault-23,0.0002058276586467,0.0004159934469498,0.0004159934469498,0.002,0.0011482810368761,56.81782531738281,288,True
torch_suite,lr_fault_23,290,tiny-transformer-lr_fault-23,0.0002046133886324,0.0004162713012192,0.0004162713012192,0.002,0.0011492779012769,56.81672668457031,288,True
torch_suite,lr_fault_23,291,tiny-transformer-lr_fault-23,0.0002037080266745,0.0004153701302129,0.0004153701302129,0.002,0.0011485050199553,56.815616607666016,288,True
torch_suite,lr_fault_23,292,tiny-transformer-lr_fault-23,0.0002013549237744,0.0004102779785171,0.0004102780076209,0.002,0.0011482223635539,56.81452178955078,288,True
torch_suite,lr_fault_23,293,tiny-transformer-lr_fault-23,0.0002042745618382,0.000413356203353,0.0004133562324568,0.002,0.001147806062363,56.81341171264648,288,True
torch_suite,lr_fault_23,294,tiny-transformer-lr_fault-23,0.0002079348487313,0.0004279891727492,0.0004279891436453,0.002,0.0011496836086735,56.81230926513672,288,True
torch_suite,lr_fault_23,295,tiny-transformer-lr_fault-23,0.0002020439424086,0.0004140750679653,0.0004140750388614,0.002,0.0011500079417601,56.81120681762695,288,True
torch_suite,lr_fault_23,296,tiny-transformer-lr_fault-23,0.0002046093140961,0.0004144900885876,0.0004144901176914,0.002,0.0011494226055219,56.81010437011719,288,True
torch_suite,lr_fault_23,297,tiny-transformer-lr_fault-23,0.0002070828195428,0.0004208604223094,0.0004208604223094,0.002,0.001150295487605,56.80900192260742,288,True
torch_suite,lr_fault_23,298,tiny-transformer-lr_fault-23,0.0002065601001959,0.0004189429746475,0.0004189430037513,0.002,0.0011508264578878,56.807899475097656,288,True
torch_suite,lr_fault_23,299,tiny-transformer-lr_fault-23,0.0002044296998064,0.0004209102480672,0.0004209102189633,0.002,0.0011511204065755,56.80679321289063,288,True
torch_suite,lr_fault_23,300,tiny-transformer-lr_fault-23,0.0002054117067018,0.0004155206843279,0.0004155207134317,0.002,0.001150825060904,56.8056869506836,288,True
torch_suite,lr_fault_23,301,tiny-transformer-lr_fault-23,0.0002038917737081,0.000415398098994,0.000415398098994,0.002,0.0011508931638672,56.80458450317383,288,True
torch_suite,lr_fault_23,302,tiny-transformer-lr_fault-23,0.0002032267220783,0.0004102553066331,0.0004102553066331,0.002,0.0011495322687551,56.80348587036133,288,True
torch_suite,lr_fault_23,303,tiny-transformer-lr_fault-23,0.0002050136390607,0.0004126770363654,0.0004126770072616,0.002,0.0011493330821394,56.80238342285156,288,True
torch_suite,lr_fault_23,304,tiny-transformer-lr_fault-23,0.0002062638086499,0.0004220763803459,0.0004220764094498,0.002,0.001150949508883,56.80127334594727,288,True
torch_suite,lr_fault_23,305,tiny-transformer-lr_fault-23,0.0002068667672574,0.0004277769185137,0.0004277769185137,0.002,0.0011531936470419,56.80016708374024,288,True
torch_suite,lr_fault_23,306,tiny-transformer-lr_fault-23,0.0002057804376818,0.0004180292889941,0.0004180292889941,0.002,0.0011532430071383,56.79906845092773,288,True
torch_suite,lr_fault_23,307,tiny-transformer-lr_fault-23,0.0002078219695249,0.0004319282597862,0.00043192828889,0.002,0.0011536972597241,56.7979621887207,288,True
torch_suite,lr_fault_23,308,tiny-transformer-lr_fault-23,0.0002073662908514,0.0004266910254955,0.0004266910254955,0.002,0.0011533244978636,56.7968635559082,288,True
torch_suite,lr_fault_23,309,tiny-transformer-lr_fault-23,0.0002048013848252,0.0004159521777182,0.0004159521777182,0.002,0.0011523508001118,56.79575729370117,288,True
torch_suite,lr_fault_23,310,tiny-transformer-lr_fault-23,0.0001986852730624,0.0004043965018354,0.0004043965309392,0.002,0.0011509933974593,56.794654846191406,288,True
torch_suite,lr_fault_23,311,tiny-transformer-lr_fault-23,0.0002039811224676,0.000415438436903,0.000415438436903,0.002,0.0011503361165523,56.793556213378906,288,True
torch_suite,lr_fault_23,312,tiny-transformer-lr_fault-23,0.0002052122727036,0.0004168224986642,0.0004168224986642,0.002,0.0011505173752084,56.79244995117188,288,True
torch_suite,lr_fault_23,313,tiny-transformer-lr_fault-23,0.0002046734880423,0.0004179936368018,0.0004179936368018,0.002,0.0011501059634611,56.791351318359375,288,True
torch_suite,lr_fault_23,314,tiny-transformer-lr_fault-23,0.0002039248356595,0.0004108781577087,0.0004108781577087,0.002,0.0011491582263261,56.79023742675781,288,True
torch_suite,lr_fault_23,315,tiny-transformer-lr_fault-23,0.0002066992019535,0.0004181820550002,0.0004181820550002,0.002,0.0011492209741845,56.78914260864258,288,True
torch_suite,lr_fault_23,316,tiny-transformer-lr_fault-23,0.0002063015126623,0.0004171584441792,0.000417158473283,0.002,0.0011487668380141,56.78804016113281,288,True
torch_suite,lr_fault_23,317,tiny-transformer-lr_fault-23,0.0002063205320155,0.00042498394032,0.0004249839112162,0.002,0.0011494169011712,56.78693771362305,288,True
torch_suite,lr_fault_23,318,tiny-transformer-lr_fault-23,0.0002078066027024,0.0004287014307919,0.0004287014307919,0.002,0.0011509081814438,56.78583526611328,288,True
torch_suite,lr_fault_23,319,tiny-transformer-lr_fault-23,0.0002054361393675,0.0004246509051881,0.0004246508760843,0.002,0.0011509212199598,56.78473281860352,288,True
torch_suite,lr_fault_7,0,tiny-transformer-lr_fault-7,3.671932697296143,1.007941484451294,0.9999990463256836,0.002,0.4105565249919891,56.65966033935547,288,True
torch_suite,lr_fault_7,1,tiny-transformer-lr_fault-7,3.522101402282715,0.97532057762146,0.9753206372261048,0.002,0.3494026958942413,56.658203125,288,True
torch_suite,lr_fault_7,2,tiny-transformer-lr_fault-7,3.343733549118042,0.9292222261428832,0.9292222261428832,0.002,0.3347831070423126,56.65830612182617,288,True
torch_suite,lr_fault_7,3,tiny-transformer-lr_fault-7,3.2462635040283203,1.015081763267517,0.9999991059303284,0.002,0.3186775147914886,56.66047286987305,288,True
torch_suite,lr_fault_7,4,tiny-transformer-lr_fault-7,3.1139729022979736,0.924515962600708,0.924515962600708,0.002,0.3109289109706878,56.66439056396485,288,True
torch_suite,lr_fault_7,5,tiny-transformer-lr_fault-7,3.018831729888916,0.9119659662246704,0.9119660258293152,0.002,0.3091649413108825,56.66968536376953,288,True
torch_suite,lr_fault_7,6,tiny-transformer-lr_fault-7,2.874922513961792,0.9459362626075744,0.9459363222122192,0.002,0.3059470057487488,56.67664337158203,288,True
torch_suite,lr_fault_7,7,tiny-transformer-lr_fault-7,2.781746387481689,0.8813122510910034,0.8813121914863586,0.002,0.3068784177303314,56.685020446777344,288,True
torch_suite,lr_fault_7,8,tiny-transformer-lr_fault-7,2.666513442993164,0.911482870578766,0.9114829301834106,0.002,0.3055585324764251,56.69504928588867,288,True
torch_suite,lr_fault_7,9,tiny-transformer-lr_fault-7,2.5693671703338623,0.9023519158363342,0.9023519158363342,0.002,0.3055310845375061,56.706199645996094,288,True
torch_suite,lr_fault_7,10,tiny-transformer-lr_fault-7,2.47699236869812,0.8850354552268982,0.8850354552268982,0.002,0.304567813873291,56.71851348876953,288,True
torch_suite,lr_fault_7,11,tiny-transformer-lr_fault-7,2.335756540298462,0.8999384641647339,0.8999384045600891,0.002,0.3036929070949554,56.7324333190918,288,True
torch_suite,lr_fault_7,12,tiny-transformer-lr_fault-7,2.184750556945801,0.8699636459350586,0.8699636459350586,0.002,0.3032944500446319,56.747894287109375,288,True
torch_suite,lr_fault_7,13,tiny-transformer-lr_fault-7,2.066530466079712,0.8741613030433655,0.874161422252655,0.002,0.3003925681114197,56.76505279541016,288,True
torch_suite,lr_fault_7,14,tiny-transformer-lr_fault-7,1.994485020637512,0.8838866949081421,0.8838868141174316,0.002,0.2995687127113342,56.783817291259766,288,True
torch_suite,lr_fault_7,15,tiny-transformer-lr_fault-7,1.896632552146912,0.8481189608573914,0.8481190204620361,0.002,0.2983543276786804,56.80411911010742,288,True
torch_suite,lr_fault_7,16,tiny-transformer-lr_fault-7,1.7929030656814575,0.8385708332061768,0.8385708332061768,0.002,0.2966285645961761,56.82588195800781,288,True
torch_suite,lr_fault_7,17,tiny-transformer-lr_fault-7,1.659721851348877,0.8351146578788757,0.8351146578788757,0.002,0.2950904667377472,56.84899139404297,288,True
torch_suite,lr_fault_7,18,tiny-transformer-lr_fault-7,1.5684101581573486,0.8113836646080017,0.8113837242126465,0.002,0.2929102778434753,56.87343597412109,288,True
torch_suite,lr_fault_7,19,tiny-transformer-lr_fault-7,1.4751629829406738,0.800600528717041,0.800600528717041,0.002,0.290827065706253,56.89907455444336,288,True
torch_suite,lr_fault_7,20,tiny-transformer-lr_fault-7,1.3791285753250122,0.8246911764144897,0.8246912360191345,0.002,0.2862655222415924,56.92565155029297,288,True
torch_suite,lr_fault_7,21,tiny-transformer-lr_fault-7,1.289565920829773,0.7480466961860657,0.7480466365814209,0.002,0.2832310795783996,56.952919006347656,288,True
torch_suite,lr_fault_7,22,tiny-transformer-lr_fault-7,1.207072615623474,0.7257023453712463,0.7257022857666016,0.002,0.2791807055473327,56.98074722290039,288,True
torch_suite,lr_fault_7,23,tiny-transformer-lr_fault-7,1.0979533195495603,0.6947150826454163,0.694715142250061,0.002,0.2746177315711975,57.00909423828125,288,True
torch_suite,lr_fault_7,24,tiny-transformer-lr_fault-7,1.0494799613952637,0.6892683506011963,0.6892683506011963,0.002,0.2707585394382477,57.03779983520508,288,True
torch_suite,lr_fault_7,25,tiny-transformer-lr_fault-7,0.97703754901886,0.679976224899292,0.679976224899292,0.002,0.2664772570133209,57.06658172607422,288,True
torch_suite,lr_fault_7,26,tiny-transformer-lr_fault-7,0.9324833750724792,0.6493077278137207,0.6493076682090759,0.002,0.261079341173172,57.095176696777344,288,True
torch_suite,lr_fault_7,27,tiny-transformer-lr_fault-7,0.8475040793418884,0.6375850439071655,0.6375849843025208,0.002,0.2552562355995178,57.12376403808594,288,True
torch_suite,lr_fault_7,28,tiny-transformer-lr_fault-7,0.7829861044883728,0.6023530960083008,0.602353036403656,0.002,0.2504744529724121,57.15210723876953,288,True
torch_suite,lr_fault_7,29,tiny-transformer-lr_fault-7,0.7119495868682861,0.5801001191139221,0.5801001191139221,0.002,0.244872972369194,57.18035888671875,288,True
torch_suite,lr_fault_7,30,tiny-transformer-lr_fault-7,0.6617938280105591,0.5424737334251404,0.5424736738204956,0.002,0.2392491698265075,57.2081413269043,288,True
torch_suite,lr_fault_7,31,tiny-transformer-lr_fault-7,0.6318327784538269,0.5412100553512573,0.5412100553512573,0.002,0.234345942735672,57.23553466796875,288,True
torch_suite,lr_fault_7,32,tiny-transformer-lr_fault-7,0.5979021787643433,0.5136889815330505,0.5136889815330505,0.002,0.2295112758874893,57.26238632202149,288,True
torch_suite,lr_fault_7,33,tiny-transformer-lr_fault-7,0.5407770276069641,0.4771785736083984,0.4771785736083984,0.002,0.2230023294687271,57.28873443603516,288,True
torch_suite,lr_fault_7,34,tiny-transformer-lr_fault-7,0.5045272707939148,0.4766855835914612,0.4766855835914612,0.002,0.21784208714962,57.3144760131836,288,True
torch_suite,lr_fault_7,35,tiny-transformer-lr_fault-7,0.4591122269630432,0.433669239282608,0.433669239282608,0.002,0.2114153057336807,57.33958435058594,288,True
torch_suite,lr_fault_7,36,tiny-transformer-lr_fault-7,0.4176436960697174,0.4113457202911377,0.4113457202911377,0.002,0.205060988664627,57.364044189453125,288,True
torch_suite,lr_fault_7,37,tiny-transformer-lr_fault-7,0.3844772279262543,0.385803073644638,0.385803073644638,0.002,0.1989159435033798,57.3878173828125,288,True
torch_suite,lr_fault_7,38,tiny-transformer-lr_fault-7,0.3846117258071899,0.3939079940319061,0.3939079642295837,0.002,0.1938878893852234,57.41084289550781,288,True
torch_suite,lr_fault_7,39,tiny-transformer-lr_fault-7,0.3358239531517029,0.3509787321090698,0.3509787023067474,0.002,0.1874784678220749,57.43300247192383,288,True
torch_suite,lr_fault_7,40,tiny-transformer-lr_fault-7,0.3188531398773193,0.3650623559951782,0.3650623857975006,0.002,0.1816261410713195,57.4543571472168,288,True
torch_suite,lr_fault_7,41,tiny-transformer-lr_fault-7,0.2865301370620727,0.3212042450904846,0.3212042450904846,0.002,0.1753167062997818,57.47497177124024,288,True
torch_suite,lr_fault_7,42,tiny-transformer-lr_fault-7,0.2838285863399505,0.3127388060092926,0.312738835811615,0.002,0.169663205742836,57.49482345581055,288,True
torch_suite,lr_fault_7,43,tiny-transformer-lr_fault-7,0.2595113813877105,0.2877876162528991,0.2877876162528991,0.002,0.1644140481948852,57.513946533203125,288,True
torch_suite,lr_fault_7,44,tiny-transformer-lr_fault-7,0.2549346387386322,0.3046380877494812,0.3046380877494812,0.002,0.1602178364992141,57.5323486328125,288,True
torch_suite,lr_fault_7,45,tiny-transformer-lr_fault-7,0.2229518294334411,0.2595019042491913,0.2595019340515136,0.002,0.1534286439418792,57.550174713134766,288,True
torch_suite,lr_fault_7,46,tiny-transformer-lr_fault-7,0.2093020677566528,0.246679812669754,0.246679812669754,0.002,0.1481844633817672,57.5672607421875,288,True
torch_suite,lr_fault_7,47,tiny-transformer-lr_fault-7,0.1922849416732788,0.2256800979375839,0.2256801128387451,0.002,0.1421266198158264,57.58373641967773,288,True
torch_suite,lr_fault_7,48,tiny-transformer-lr_fault-7,0.1784720569849014,0.2160402685403823,0.2160402685403823,0.002,0.1369392871856689,57.599586486816406,288,True
torch_suite,lr_fault_7,49,tiny-transformer-lr_fault-7,0.1685926169157028,0.2072743624448776,0.2072743624448776,0.002,0.1314646303653717,57.6148681640625,288,True
torch_suite,lr_fault_7,50,tiny-transformer-lr_fault-7,0.161473274230957,0.199421614408493,0.199421614408493,0.002,0.1262412667274475,57.62949752807617,288,True
torch_suite,lr_fault_7,51,tiny-transformer-lr_fault-7,0.1546997874975204,0.1914215236902237,0.1914215236902237,0.002,0.1215462461113929,57.64346694946289,288,True
torch_suite,lr_fault_7,52,tiny-transformer-lr_fault-7,0.1435145735740661,0.1809277683496475,0.1809277534484863,0.002,0.1173359528183937,57.65690612792969,288,True
torch_suite,lr_fault_7,53,tiny-transformer-lr_fault-7,0.1336742341518402,0.1702909469604492,0.1702909618616104,0.002,0.1123629361391067,57.66977310180664,288,True
torch_suite,lr_fault_7,54,tiny-transformer-lr_fault-7,0.1260930597782135,0.1616302579641342,0.1616302728652954,0.002,0.1077811568975448,57.68206787109375,288,True
torch_suite,lr_fault_7,55,tiny-transformer-lr_fault-7,0.1212705001235008,0.1572448164224624,0.1572448164224624,0.002,0.1036053523421287,57.69376373291016,288,True
torch_suite,lr_fault_7,56,tiny-transformer-lr_fault-7,0.1178754940629005,0.1526327729225158,0.1526327729225158,0.002,0.0998953655362129,57.70494842529297,288,True
torch_suite,lr_fault_7,57,tiny-transformer-lr_fault-7,0.1085343658924102,0.1417222023010254,0.1417222023010254,0.002,0.0956550315022468,57.71565628051758,288,True
torch_suite,lr_fault_7,58,tiny-transformer-lr_fault-7,0.1065742000937461,0.1397385746240615,0.1397385746240615,0.002,0.0917524024844169,57.72589111328125,288,True
torch_suite,lr_fault_7,59,tiny-transformer-lr_fault-7,0.0992670729756355,0.1307277381420135,0.1307277381420135,0.002,0.0882234647870063,57.735633850097656,288,True
torch_suite,lr_fault_7,60,tiny-transformer-lr_fault-7,0.0947998017072677,0.1275677382946014,0.1275677382946014,0.002,0.0847612991929054,57.74489212036133,288,True
torch_suite,lr_fault_7,61,tiny-transformer-lr_fault-7,0.0930270031094551,0.1256115585565567,0.1256115585565567,0.002,0.0817125737667083,57.75366973876953,288,True
torch_suite,lr_fault_7,62,tiny-transformer-lr_fault-7,0.0864062905311584,0.1163189858198165,0.1163189932703971,0.002,0.0787169933319091,57.76205062866211,288,True
torch_suite,lr_fault_7,63,tiny-transformer-lr_fault-7,0.0814184918999672,0.1094676852226257,0.1094676926732063,0.002,0.0753718763589859,57.770057678222656,288,True
torch_suite,lr_fault_7,64,tiny-transformer-lr_fault-7,0.0821264088153839,0.1118431165814399,0.1118431165814399,0.002,0.0730343759059906,57.77768325805664,288,True
torch_suite,lr_fault_7,65,tiny-transformer-lr_fault-7,0.0770561322569847,0.1072109267115593,0.1072109267115593,0.002,0.0702259987592697,57.7849235534668,288,True
torch_suite,lr_fault_7,66,tiny-transformer-lr_fault-7,0.0740961581468582,0.1017414331436157,0.1017414405941963,0.002,0.0675962343811988,57.79181671142578,288,True
torch_suite,lr_fault_7,67,tiny-transformer-lr_fault-7,0.0695711001753807,0.0974425971508026,0.0974426046013832,0.002,0.0649293512105941,57.79840469360352,288,True
torch_suite,lr_fault_7,68,tiny-transformer-lr_fault-7,0.0668703019618988,0.0933727845549583,0.0933727845549583,0.002,0.0624759122729301,57.80465316772461,288,True
torch_suite,lr_fault_7,69,tiny-transformer-lr_fault-7,0.0661954656243324,0.0930874422192573,0.0930874422192573,0.002,0.0604349449276924,57.81062316894531,288,True
torch_suite,lr_fault_7,70,tiny-transformer-lr_fault-7,0.062864564359188,0.08793506026268,0.08793506026268,0.002,0.0579993724822998,57.81629943847656,288,True
torch_suite,lr_fault_7,71,tiny-transformer-lr_fault-7,0.0613389536738395,0.085886962711811,0.085886962711811,0.002,0.0559535287320613,57.82171630859375,288,True
torch_suite,lr_fault_7,72,tiny-transformer-lr_fault-7,0.0604258365929126,0.0848385244607925,0.0848385244607925,0.002,0.0541571527719497,57.82688522338867,288,True
torch_suite,lr_fault_7,73,tiny-transformer-lr_fault-7,0.0580309703946113,0.0811262279748916,0.0811262279748916,0.002,0.0524296760559082,57.83182907104492,288,True
torch_suite,lr_fault_7,74,tiny-transformer-lr_fault-7,0.0555283091962337,0.0802548602223396,0.0802548602223396,0.002,0.0506366565823555,57.8365592956543,288,True
torch_suite,lr_fault_7,75,tiny-transformer-lr_fault-7,0.0541897565126419,0.0772250667214393,0.0772250592708587,0.002,0.0490161217749118,57.84107208251953,288,True
torch_suite,lr_fault_7,76,tiny-transformer-lr_fault-7,0.0518290847539901,0.0759661197662353,0.0759661197662353,0.002,0.0473123677074909,57.84535598754883,288,True
torch_suite,lr_fault_7,77,tiny-transformer-lr_fault-7,0.0527124404907226,0.0776418894529342,0.0776418820023536,0.002,0.0457984805107116,57.84947967529297,288,True
torch_suite,lr_fault_7,78,tiny-transformer-lr_fault-7,0.0504949353635311,0.0721025466918945,0.0721025466918945,0.002,0.0443937629461288,57.85343551635742,288,True
torch_suite,lr_fault_7,79,tiny-transformer-lr_fault-7,0.0490238815546035,0.0709571540355682,0.0709571540355682,0.002,0.0431230664253234,57.857215881347656,288,True
torch_suite,lr_fault_7,80,tiny-transformer-lr_fault-7,0.0468231588602066,0.0682279169559478,0.0682279095053672,0.002,0.0418828465044498,57.86082077026367,288,True
torch_suite,lr_fault_7,81,tiny-transformer-lr_fault-7,0.0470298789441585,0.0696400254964828,0.0696400254964828,0.002,0.0408238396048545,57.86427307128906,288,True
torch_suite,lr_fault_7,82,tiny-transformer-lr_fault-7,0.045796800404787,0.0678086727857589,0.0678086727857589,0.002,0.0399431996047496,57.86758804321289,288,True
torch_suite,lr_fault_7,83,tiny-transformer-lr_fault-7,0.0435591004788875,0.0632650330662727,0.0632650330662727,0.002,0.0388428084552288,57.87078475952149,288,True
torch_suite,lr_fault_7,84,tiny-transformer-lr_fault-7,0.0436211414635181,0.0648347735404968,0.0648347735404968,0.002,0.0380546674132347,57.87386322021485,288,True
torch_suite,lr_fault_7,85,tiny-transformer-lr_fault-7,0.0409417897462844,0.0602371096611022,0.0602371096611022,0.002,0.0366079546511173,57.87683868408203,288,True
torch_suite,lr_fault_7,86,tiny-transformer-lr_fault-7,0.0408876165747642,0.0616521723568439,0.0616521723568439,0.002,0.0360023900866508,57.879676818847656,288,True
torch_suite,lr_fault_7,87,tiny-transformer-lr_fault-7,0.0396053679287433,0.057461705058813,0.0574617087841033,0.002,0.0350217670202255,57.88240432739258,288,True
torch_suite,lr_fault_7,88,tiny-transformer-lr_fault-7,0.0385056659579277,0.0566102415323257,0.0566102378070354,0.002,0.0340289771556854,57.885040283203125,288,True
torch_suite,lr_fault_7,89,tiny-transformer-lr_fault-7,0.0382637381553649,0.0567230135202407,0.056723017245531,0.002,0.033139768987894,57.88756942749024,288,True
torch_suite,lr_fault_7,90,tiny-transformer-lr_fault-7,0.0373542681336402,0.0551462955772876,0.0551462955772876,0.002,0.0322901457548141,57.890018463134766,288,True
torch_suite,lr_fault_7,91,tiny-transformer-lr_fault-7,0.0361721254885196,0.0537861287593841,0.0537861287593841,0.002,0.0315098837018013,57.89239501953125,288,True
torch_suite,lr_fault_7,92,tiny-transformer-lr_fault-7,0.0364608094096183,0.0538919530808925,0.0538919568061828,0.002,0.0308040659874677,57.89469909667969,288,True
torch_suite,lr_fault_7,93,tiny-transformer-lr_fault-7,0.034919049590826,0.0535049103200435,0.0535049103200435,0.002,0.0301005952060222,57.8969612121582,288,True
torch_suite,lr_fault_7,94,tiny-transformer-lr_fault-7,0.0345943160355091,0.0517093688249588,0.0517093688249588,0.002,0.0295207537710666,57.899147033691406,288,True
torch_suite,lr_fault_7,95,tiny-transformer-lr_fault-7,0.0338655561208725,0.050722025334835,0.050722025334835,0.002,0.0287547837942838,57.90127182006836,288,True
torch_suite,lr_fault_7,96,tiny-transformer-lr_fault-7,0.0327805317938327,0.0491693466901779,0.0491693504154682,0.002,0.028142187744379,57.90332412719727,288,True
torch_suite,lr_fault_7,97,tiny-transformer-lr_fault-7,0.03293476998806,0.0489315949380397,0.04893159866333,0.002,0.0276994351297616,57.905303955078125,288,True
torch_suite,lr_fault_7,98,tiny-transformer-lr_fault-7,0.0319278724491596,0.0479965209960937,0.0479965209960937,0.002,0.0271344594657421,57.90723037719727,288,True
torch_suite,lr_fault_7,99,tiny-transformer-lr_fault-7,0.0311612486839294,0.0465860515832901,0.0465860515832901,0.002,0.0266274269670248,57.90911865234375,288,True
torch_suite,lr_fault_7,100,tiny-transformer-lr_fault-7,0.0312827192246913,0.0473645068705081,0.0473645068705081,0.002,0.026267098262906,57.91094207763672,288,True
torch_suite,lr_fault_7,101,tiny-transformer-lr_fault-7,0.0306572522968053,0.0465741194784641,0.0465741232037544,0.002,0.0259025115519762,57.9127082824707,288,True
torch_suite,lr_fault_7,102,tiny-transformer-lr_fault-7,0.0299660824239254,0.0450083389878273,0.0450083389878273,0.002,0.025522606447339,57.9144172668457,288,True
torch_suite,lr_fault_7,103,tiny-transformer-lr_fault-7,0.0292598381638526,0.044643722474575,0.044643722474575,0.002,0.0252138003706932,57.91608047485352,288,True
torch_suite,lr_fault_7,104,tiny-transformer-lr_fault-7,0.0286024380475282,0.0432126782834529,0.0432126782834529,0.002,0.0247684605419635,57.91769409179688,288,True
torch_suite,lr_fault_7,105,tiny-transformer-lr_fault-7,0.0283315349370241,0.0430928543210029,0.0430928580462932,0.002,0.0244546551257371,57.91925811767578,288,True
torch_suite,lr_fault_7,106,tiny-transformer-lr_fault-7,0.0280310846865177,0.0422982573509216,0.0422982573509216,0.002,0.0238500777631998,57.92077255249024,288,True
torch_suite,lr_fault_7,107,tiny-transformer-lr_fault-7,0.0270253643393516,0.0406469218432903,0.0406469255685806,0.002,0.0234739575535058,57.92226791381836,288,True
torch_suite,lr_fault_7,108,tiny-transformer-lr_fault-7,0.0271864756941795,0.041983488947153,0.0419834852218627,0.002,0.0233284402638673,57.92373275756836,288,True
torch_suite,lr_fault_7,109,tiny-transformer-lr_fault-7,0.0263204406946897,0.0404088608920574,0.0404088608920574,0.002,0.0229703001677989,57.92517852783203,288,True
torch_suite,lr_fault_7,110,tiny-transformer-lr_fault-7,0.0260777082294225,0.0401908308267593,0.0401908345520496,0.002,0.0225684568285942,57.92658233642578,288,True
torch_suite,lr_fault_7,111,tiny-transformer-lr_fault-7,0.0260821562260389,0.0404969826340675,0.0404969789087772,0.002,0.0222700834274292,57.92797088623047,288,True
torch_suite,lr_fault_7,112,tiny-transformer-lr_fault-7,0.024816932156682,0.0380388535559177,0.0380388535559177,0.002,0.0218798127025365,57.9293327331543,288,True
torch_suite,lr_fault_7,113,tiny-transformer-lr_fault-7,0.0246728956699371,0.0375630185008049,0.0375630222260952,0.002,0.021349124610424,57.93066787719727,288,True
torch_suite,lr_fault_7,114,tiny-transformer-lr_fault-7,0.0243478380143642,0.0382053703069686,0.0382053703069686,0.002,0.0209868438541889,57.93196105957031,288,True
torch_suite,lr_fault_7,115,tiny-transformer-lr_fault-7,0.0243747849017381,0.0375674217939376,0.0375674217939376,0.002,0.0208789203315973,57.9332160949707,288,True
torch_suite,lr_fault_7,116,tiny-transformer-lr_fault-7,0.0243552401661872,0.0383079163730144,0.0383079163730144,0.002,0.0205960739403963,57.93446731567383,288,True
torch_suite,lr_fault_7,117,tiny-transformer-lr_fault-7,0.023271033540368,0.0360511615872383,0.0360511615872383,0.002,0.0202563535422086,57.93568801879883,288,True
torch_suite,lr_fault_7,118,tiny-transformer-lr_fault-7,0.0232668425887823,0.0358725003898143,0.0358725003898143,0.002,0.0199769753962755,57.9368782043457,288,True
torch_suite,lr_fault_7,119,tiny-transformer-lr_fault-7,0.0228603556752204,0.0353168845176696,0.0353168845176696,0.002,0.0197052359580993,57.93804168701172,288,True
torch_suite,lr_fault_7,120,tiny-transformer-lr_fault-7,0.0223252195864915,0.0343479588627815,0.0343479588627815,0.002,0.0195948295295238,57.93917083740234,288,True
torch_suite,lr_fault_7,121,tiny-transformer-lr_fault-7,0.0225737113505601,0.0345400534570217,0.0345400534570217,0.002,0.0194683820009231,57.94028091430664,288,True
torch_suite,lr_fault_7,122,tiny-transformer-lr_fault-7,0.0217093136161565,0.0338469818234443,0.0338469855487346,0.002,0.0191384479403495,57.94137191772461,288,True
torch_suite,lr_fault_7,123,tiny-transformer-lr_fault-7,0.0221115816384553,0.0344305783510208,0.0344305783510208,0.002,0.0190096218138933,57.94245910644531,288,True
torch_suite,lr_fault_7,124,tiny-transformer-lr_fault-7,0.0212127603590488,0.0330606922507286,0.0330606922507286,0.002,0.0186476800590753,57.94352722167969,288,True
torch_suite,lr_fault_7,125,tiny-transformer-lr_fault-7,0.0208991970866918,0.032488614320755,0.032488614320755,0.002,0.0183268524706363,57.944580078125,288,True
torch_suite,lr_fault_7,126,tiny-transformer-lr_fault-7,0.0209640115499496,0.0325484685599803,0.03254846483469,0.002,0.0182654224336147,57.945579528808594,288,True
torch_suite,lr_fault_7,127,tiny-transformer-lr_fault-7,0.0206411257386207,0.0321843028068542,0.0321843028068542,0.002,0.0180959068238735,57.94658279418945,288,True
torch_suite,lr_fault_7,128,tiny-transformer-lr_fault-7,0.01996043138206,0.0312823690474033,0.0312823690474033,0.002,0.0178460218012332,57.94755935668945,288,True
torch_suite,lr_fault_7,129,tiny-transformer-lr_fault-7,0.0197707284241914,0.0322245508432388,0.0322245545685291,0.002,0.017679426819086,57.94852066040039,288,True
torch_suite,lr_fault_7,130,tiny-transformer-lr_fault-7,0.0196268241852521,0.0306173879653215,0.0306173879653215,0.002,0.0173892173916101,57.949440002441406,288,True
torch_suite,lr_fault_7,131,tiny-transformer-lr_fault-7,0.0194673463702201,0.0306621976196765,0.0306621957570314,0.002,0.0172562655061483,57.95033264160156,288,True
torch_suite,lr_fault_7,132,tiny-transformer-lr_fault-7,0.01945979334414,0.0302131492644548,0.0302131511270999,0.002,0.017051950097084,57.951202392578125,288,True
torch_suite,lr_fault_7,133,tiny-transformer-lr_fault-7,0.0189271196722984,0.0300257764756679,0.0300257764756679,0.002,0.0169093068689107,57.952056884765625,288,True
torch_suite,lr_fault_7,134,tiny-transformer-lr_fault-7,0.0186568740755319,0.0293493568897247,0.0293493568897247,0.002,0.0166164934635162,57.95288848876953,288,True
torch_suite,lr_fault_7,135,tiny-transformer-lr_fault-7,0.0187861919403076,0.0296920109540224,0.0296920090913772,0.002,0.0164867006242275,57.95369338989258,288,True
torch_suite,lr_fault_7,136,tiny-transformer-lr_fault-7,0.0186317041516304,0.0298226922750473,0.0298226904124021,0.002,0.0164639856666326,57.95450592041016,288,True
torch_suite,lr_fault_7,137,tiny-transformer-lr_fault-7,0.0181445516645908,0.0284962765872478,0.0284962765872478,0.002,0.0162645932286977,57.95529174804688,288,True
torch_suite,lr_fault_7,138,tiny-transformer-lr_fault-7,0.0175985880196094,0.0278637092560529,0.0278637092560529,0.002,0.0160294976085424,57.95606231689453,288,True
torch_suite,lr_fault_7,139,tiny-transformer-lr_fault-7,0.0177229382097721,0.0277785453945398,0.0277785453945398,0.002,0.0158171560615301,57.95681381225586,288,True
torch_suite,lr_fault_7,140,tiny-transformer-lr_fault-7,0.0177943184971809,0.0279290787875652,0.0279290787875652,0.002,0.0157997533679008,57.95755386352539,288,True
torch_suite,lr_fault_7,141,tiny-transformer-lr_fault-7,0.0173535402864217,0.0278970338404178,0.0278970338404178,0.002,0.0155201377347111,57.95827102661133,288,True
torch_suite,lr_fault_7,142,tiny-transformer-lr_fault-7,0.0170681253075599,0.0275291223078966,0.0275291204452514,0.002,0.0154595579952001,57.9589729309082,288,True
torch_suite,lr_fault_7,143,tiny-transformer-lr_fault-7,0.0167470350861549,0.0263400040566921,0.0263400059193372,0.002,0.0152545440942049,57.95966720581055,288,True
torch_suite,lr_fault_7,144,tiny-transformer-lr_fault-7,0.0168788842856884,0.026369821280241,0.026369821280241,0.002,0.0152045832946896,57.96035385131836,288,True
torch_suite,lr_fault_7,145,tiny-transformer-lr_fault-7,0.0167093221098184,0.0265583395957946,0.0265583395957946,0.002,0.0150320036336779,57.96102142333984,288,True
torch_suite,lr_fault_7,146,tiny-transformer-lr_fault-7,0.0161150861531496,0.0256105996668338,0.025610601529479,0.002,0.0147319715470075,57.9616813659668,288,True
torch_suite,lr_fault_7,147,tiny-transformer-lr_fault-7,0.0160902794450521,0.0258618332445621,0.025861831381917,0.002,0.0145652713254094,57.96232223510742,288,True
torch_suite,lr_fault_7,148,tiny-transformer-lr_fault-7,0.0162330493330955,0.0259742904454469,0.0259742904454469,0.002,0.0145602375268936,57.962928771972656,288,True
torch_suite,lr_fault_7,149,tiny-transformer-lr_fault-7,0.0158177129924297,0.0251847710460424,0.0251847710460424,0.002,0.0144344642758369,57.96353530883789,288,True
torch_suite,lr_fault_7,150,tiny-transformer-lr_fault-7,0.0157132223248481,0.0249164998531341,0.0249164998531341,0.002,0.0145120620727539,57.96411895751953,288,True
torch_suite,lr_fault_7,151,tiny-transformer-lr_fault-7,0.0155318100005388,0.0254505574703216,0.0254505574703216,0.002,0.0143510699272155,57.964691162109375,288,True
torch_suite,lr_fault_7,152,tiny-transformer-lr_fault-7,0.015392399393022,0.0244590993970632,0.0244590975344181,0.002,0.0142775690183043,57.96525192260742,288,True
torch_suite,lr_fault_7,153,tiny-transformer-lr_fault-7,0.0151713229715824,0.0243653859943151,0.0243653897196054,0.002,0.0141717698425054,57.96579360961914,288,True
torch_suite,lr_fault_7,154,tiny-transformer-lr_fault-7,0.0151004157960414,0.0239222329109907,0.0239222310483455,0.002,0.0140433693304657,57.96631240844727,288,True
torch_suite,lr_fault_7,155,tiny-transformer-lr_fault-7,0.0148995388299226,0.0237879063934087,0.0237879063934087,0.002,0.0140185598284006,57.96683120727539,288,True
torch_suite,lr_fault_7,156,tiny-transformer-lr_fault-7,0.0143718533217906,0.0229393318295478,0.0229393318295478,0.002,0.0138479927554726,57.96733474731445,288,True
torch_suite,lr_fault_7,157,tiny-transformer-lr_fault-7,0.014435900375247,0.023372832685709,0.023372832685709,0.002,0.013751427643001,57.96782302856445,288,True
torch_suite,lr_fault_7,158,tiny-transformer-lr_fault-7,0.0145862055942416,0.023346934467554,0.023346934467554,0.002,0.0135715622454881,57.968299865722656,288,True
torch_suite,lr_fault_7,159,tiny-transformer-lr_fault-7,0.0143958814442157,0.0232246369123458,0.0232246369123458,0.002,0.0134644536301493,57.96877670288086,288,True
torch_suite,lr_fault_7,160,tiny-transformer-lr_fault-7,0.0141364075243473,0.0227615945041179,0.0227615945041179,0.002,0.01327570900321,57.9692497253418,288,True
torch_suite,lr_fault_7,161,tiny-transformer-lr_fault-7,0.014090453274548,0.0224283691495656,0.0224283691495656,0.002,0.0131615921854972,57.96970748901367,288,True
torch_suite,lr_fault_7,162,tiny-transformer-lr_fault-7,0.0140521954745054,0.0227624848484992,0.0227624848484992,0.002,0.0131008215248584,57.97014999389648,288,True
torch_suite,lr_fault_7,163,tiny-transformer-lr_fault-7,0.0139784030616283,0.0228205826133489,0.0228205826133489,0.002,0.0131052741780877,57.970584869384766,288,True
torch_suite,lr_fault_7,164,tiny-transformer-lr_fault-7,0.0136945955455303,0.022147499024868,0.0221475008875131,0.002,0.0129325659945607,57.97101974487305,288,True
torch_suite,lr_fault_7,165,tiny-transformer-lr_fault-7,0.0134855248034,0.0216536968946456,0.0216536987572908,0.002,0.0128846811130642,57.971458435058594,288,True
torch_suite,lr_fault_7,166,tiny-transformer-lr_fault-7,0.013301427476108,0.0215486846864223,0.0215486828237772,0.002,0.0127278733998537,57.97188186645508,288,True
torch_suite,lr_fault_7,167,tiny-transformer-lr_fault-7,0.013405155390501,0.02195437066257,0.02195437066257,0.002,0.0126944370567798,57.9722785949707,288,True
torch_suite,lr_fault_7,168,tiny-transformer-lr_fault-7,0.012992120347917,0.0208330750465393,0.0208330750465393,0.002,0.0126186199486255,57.972694396972656,288,True
torch_suite,lr_fault_7,169,tiny-transformer-lr_fault-7,0.0130833508446812,0.0210825372487306,0.0210825372487306,0.002,0.0125815877690911,57.97307586669922,288,True
torch_suite,lr_fault_7,170,tiny-transformer-lr_fault-7,0.0129466922953724,0.0210969094187021,0.0210969075560569,0.002,0.0125568117946386,57.97346496582031,288,True
torch_suite,lr_fault_7,171,tiny-transformer-lr_fault-7,0.0128291677683591,0.0205530598759651,0.0205530598759651,0.002,0.012548591941595,57.97385787963867,288,True
torch_suite,lr_fault_7,172,tiny-transformer-lr_fault-7,0.0124802961945533,0.0203836932778358,0.0203836932778358,0.002,0.0123445000499486,57.97423553466797,288,True
torch_suite,lr_fault_7,173,tiny-transformer-lr_fault-7,0.0126367127522826,0.020473888143897,0.0204738900065422,0.002,0.0123164979740977,57.9745979309082,288,True
torch_suite,lr_fault_7,174,tiny-transformer-lr_fault-7,0.012428275309503,0.0200526881963014,0.0200526881963014,0.002,0.0123137785121798,57.97495269775391,288,True
torch_suite,lr_fault_7,175,tiny-transformer-lr_fault-7,0.0122067872434854,0.0198757108300924,0.0198757108300924,0.002,0.0121706938371062,57.97530364990234,288,True
torch_suite,lr_fault_7,176,tiny-transformer-lr_fault-7,0.0121527165174484,0.0197780281305313,0.0197780281305313,0.002,0.0120872473344206,57.97563934326172,288,True
torch_suite,lr_fault_7,177,tiny-transformer-lr_fault-7,0.0120209492743015,0.0195334553718566,0.0195334535092115,0.002,0.0119968960061669,57.97596740722656,288,True
torch_suite,lr_fault_7,178,tiny-transformer-lr_fault-7,0.0119005339220166,0.0192961879074573,0.0192961879074573,0.002,0.0118945185095071,57.97628784179688,288,True
torch_suite,lr_fault_7,179,tiny-transformer-lr_fault-7,0.0117307128384709,0.0192845948040485,0.0192845966666936,0.002,0.0117604015395045,57.97658920288086,288,True
torch_suite,lr_fault_7,180,tiny-transformer-lr_fault-7,0.011604581028223,0.0193634890019893,0.0193634890019893,0.002,0.011791106313467,57.97687149047852,288,True
torch_suite,lr_fault_7,181,tiny-transformer-lr_fault-7,0.0116284312680363,0.018672052770853,0.0186720546334981,0.002,0.0117366500198841,57.97713470458984,288,True
torch_suite,lr_fault_7,182,tiny-transformer-lr_fault-7,0.0114246802404522,0.0188159141689538,0.0188159141689538,0.002,0.0115043856203556,57.97741317749024,288,True
torch_suite,lr_fault_7,183,tiny-transformer-lr_fault-7,0.0114370100200176,0.0186350010335445,0.0186350028961896,0.002,0.0113660721108317,57.97765350341797,288,True
torch_suite,lr_fault_7,184,tiny-transformer-lr_fault-7,0.0114418817684054,0.0187271125614643,0.0187271106988191,0.002,0.0113107440993189,57.9779052734375,288,True
torch_suite,lr_fault_7,185,tiny-transformer-lr_fault-7,0.0111583452671766,0.0180642418563365,0.0180642418563365,0.002,0.0111284535378217,57.97814178466797,288,True
torch_suite,lr_fault_7,186,tiny-transformer-lr_fault-7,0.0110464980825781,0.0183448176831007,0.0183448158204555,0.002,0.011105852201581,57.9783821105957,288,True
torch_suite,lr_fault_7,187,tiny-transformer-lr_fault-7,0.0109262755140662,0.0178325269371271,0.0178325269371271,0.002,0.0110201044008135,57.978614807128906,288,True
torch_suite,lr_fault_7,188,tiny-transformer-lr_fault-7,0.0109582431614398,0.0181009080260992,0.0181009098887443,0.002,0.0109872482717037,57.97883987426758,288,True
torch_suite,lr_fault_7,189,tiny-transformer-lr_fault-7,0.0107082985341548,0.0174683853983879,0.0174683853983879,0.002,0.0108520183712244,57.97904968261719,288,True
torch_suite,lr_fault_7,190,tiny-transformer-lr_fault-7,0.0107240267097949,0.0175264198333024,0.0175264198333024,0.0022785697589078,0.012318636290729,57.9792594909668,288,True
torch_suite,lr_fault_7,191,tiny-transformer-lr_fault-7,0.0106543228030204,0.0174622982740402,0.0174622982740402,0.0025959400731046,0.0139243528246879,57.97949600219727,288,True
torch_suite,lr_fault_7,192,tiny-transformer-lr_fault-7,0.0103598441928625,0.016977522522211,0.016977522522211,0.0029575152732566,0.0158273503184318,57.9797477722168,288,True
torch_suite,lr_fault_7,193,tiny-transformer-lr_fault-7,0.0103794420138001,0.0170158091932535,0.0170158091932535,0.0033694524315752,0.0178296919912099,57.98002243041992,288,True
torch_suite,lr_fault_7,194,tiny-transformer-lr_fault-7,0.010222696699202,0.0167893767356872,0.0167893767356872,0.0038387662073329,0.0201759580522775,57.98033142089844,288,True
torch_suite,lr_fault_7,195,tiny-transformer-lr_fault-7,0.009981682524085,0.01633813790977,0.01633813790977,0.0043734482957731,0.0228492766618728,57.98065185546875,288,True
torch_suite,lr_fault_7,196,tiny-transformer-lr_fault-7,0.0099260937422513,0.016510684043169,0.0165106803178787,0.0049826035144478,0.0259796399623155,57.98100662231445,288,True
torch_suite,lr_fault_7,197,tiny-transformer-lr_fault-7,0.0097257439047098,0.0159420799463987,0.0159420799463987,0.0056766048443243,0.0290976669639349,57.98141098022461,288,True
torch_suite,lr_fault_7,198,tiny-transformer-lr_fault-7,0.0095512978732585,0.0160479377955198,0.0160479359328746,0.0064672700657735,0.0325528122484684,57.98183441162109,288,True
torch_suite,lr_fault_7,199,tiny-transformer-lr_fault-7,0.0093057053163647,0.0154851647093892,0.0154851647093892,0.0073680629972807,0.0365822724997997,57.98228073120117,288,True
torch_suite,lr_fault_7,200,tiny-transformer-lr_fault-7,0.0089884828776121,0.0148894879966974,0.01488948892802,0.0083943227636658,0.0411042608320713,57.98273086547852,288,True
torch_suite,lr_fault_7,201,tiny-transformer-lr_fault-7,0.0088156657293438,0.0148153034970164,0.0148153034970164,0.0095635249979003,0.0464734472334384,57.983192443847656,288,True
torch_suite,lr_fault_7,202,tiny-transformer-lr_fault-7,0.00830137450248,0.0139219127595424,0.0139219127595424,0.0108955794243874,0.0520270392298698,57.98366928100586,288,True
torch_suite,lr_fault_7,203,tiny-transformer-lr_fault-7,0.0080050928518176,0.013223297894001,0.013223297894001,0.0124131688910938,0.058338101953268,57.98410415649414,288,True
torch_suite,lr_fault_7,204,tiny-transformer-lr_fault-7,0.0076728481799364,0.0128223719075322,0.0128223728388547,0.0141421356237309,0.0656881332397461,57.98451232910156,288,True
torch_suite,lr_fault_7,205,tiny-transformer-lr_fault-7,0.007358503062278,0.0124391261488199,0.0124391261488199,0.0161119212793032,0.0729366540908813,57.9848518371582,288,True
torch_suite,lr_fault_7,206,tiny-transformer-lr_fault-7,0.0069021903909742,0.0117272892966866,0.0117272892966866,0.018356068292462,0.0810460820794105,57.98517227172852,288,True
torch_suite,lr_fault_7,207,tiny-transformer-lr_fault-7,0.0064646871760487,0.0110253365710377,0.0110253365710377,0.0209127910518254,0.0895862951874733,57.98537063598633,288,True
torch_suite,lr_fault_7,208,tiny-transformer-lr_fault-7,0.0059731118381023,0.0101738888770341,0.0101738888770341,0.0238256266325239,0.0991364121437072,57.98533630371094,288,True
torch_suite,lr_fault_7,209,tiny-transformer-lr_fault-7,0.0055463123135268,0.0097639122977852,0.0097639122977852,0.027144176165949,0.1084679365158081,57.98501205444336,288,True
torch_suite,lr_fault_7,210,tiny-transformer-lr_fault-7,0.0050402232445776,0.0086592687293887,0.0086592687293887,0.0309249494710991,0.1187176778912544,57.98420715332031,288,True
torch_suite,lr_fault_7,211,tiny-transformer-lr_fault-7,0.0045876051299273,0.0079081440344452,0.0079081440344452,0.0352323273302996,0.129024863243103,57.98280715942383,288,True
torch_suite,lr_fault_7,212,tiny-transformer-lr_fault-7,0.0041618784889578,0.0072461706586182,0.0072461711242794,0.0401396577953814,0.1397985070943832,57.980712890625,288,True
torch_suite,lr_fault_7,213,tiny-transformer-lr_fault-7,0.0036345289554446,0.0063697742298245,0.0063697742298245,0.0457305051927326,0.1509439051151275,57.97761917114258,288,True
torch_suite,lr_fault_7,214,tiny-transformer-lr_fault-7,0.0031766253523528,0.0056770541705191,0.0056770541705191,0.0521000730958691,0.1624694466590881,57.97330474853516,288,True
torch_suite,lr_fault_7,215,tiny-transformer-lr_fault-7,0.0027511722873896,0.0050138812512159,0.0050138812512159,0.0593568254965675,0.1745541244745254,57.967384338378906,288,True
torch_suite,lr_fault_7,216,tiny-transformer-lr_fault-7,0.0024339193478226,0.0044127646833658,0.0044127651490271,0.0676243337806241,0.1868249028921127,57.95945358276367,288,True
torch_suite,lr_fault_7,217,tiny-transformer-lr_fault-7,0.0020262249745428,0.0037345418240875,0.0037345418240875,0.0770433809594098,0.19850954413414,57.949066162109375,288,True
torch_suite,lr_fault_7,218,tiny-transformer-lr_fault-7,0.0017643453320488,0.0032526669092476,0.0032526669092476,0.0877743589890634,0.2098911106586456,57.93562698364258,288,True
torch_suite,lr_fault_7,219,tiny-transformer-lr_fault-7,0.0014362423680722,0.0026722513139247,0.0026722510810941,0.1,0.2214169651269912,57.91857147216797,288,True
torch_suite,lr_fault_7,220,tiny-transformer-lr_fault-7,0.0012118953745812,0.0023056059144437,0.0023056059144437,0.1,0.2046890705823898,57.897098541259766,288,True
torch_suite,lr_fault_7,221,tiny-transformer-lr_fault-7,0.0010028290562331,0.0019477100577205,0.0019477100577205,0.1,0.1890245825052261,57.87363815307617,288,True
torch_suite,lr_fault_7,222,tiny-transformer-lr_fault-7,0.0008517977548763,0.0016254753572866,0.0016254754737019,0.1,0.1742226332426071,57.84809112548828,288,True
torch_suite,lr_fault_7,223,tiny-transformer-lr_fault-7,0.0007639179239049,0.0014877860667183,0.0014877860667183,0.1,0.160570740699768,57.82048034667969,288,True
torch_suite,lr_fault_7,224,tiny-transformer-lr_fault-7,0.0006444249302148,0.0012552986154332,0.0012552984990179,0.1,0.1477591842412948,57.79084396362305,288,True
torch_suite,lr_fault_7,225,tiny-transformer-lr_fault-7,0.000574953330215,0.0011380518553778,0.0011380518553778,0.1,0.1361570358276367,57.75921249389648,288,True
torch_suite,lr_fault_7,226,tiny-transformer-lr_fault-7,0.0005006148130632,0.0009915052214637,0.0009915052214637,0.1,0.1257861405611038,57.72568893432617,288,True
torch_suite,lr_fault_7,227,tiny-transformer-lr_fault-7,0.0004970396403223,0.0010644716676324,0.0010644716676324,0.1,0.1169511675834655,57.69038391113281,288,True
torch_suite,lr_fault_7,228,tiny-transformer-lr_fault-7,0.0004091334703844,0.0008308886317536,0.0008308886317536,0.1,0.1085166335105896,57.65338134765625,288,True
torch_suite,lr_fault_7,229,tiny-transformer-lr_fault-7,0.0003964943171013,0.0007999057997949,0.0007999057997949,0.1,0.1012867391109466,57.61480712890625,288,True
torch_suite,lr_fault_7,230,tiny-transformer-lr_fault-7,0.0003619316266849,0.0007278624107129,0.0007278624689206,0.1,0.094809740781784,57.57477569580078,288,True
torch_suite,lr_fault_7,231,tiny-transformer-lr_fault-7,0.000340039958246,0.0007016767049208,0.0007016767049208,0.1,0.0889453738927841,57.533390045166016,288,True
torch_suite,lr_fault_7,232,tiny-transformer-lr_fault-7,0.0003043095348402,0.0006161908386275,0.0006161908968351,0.1,0.0837715342640876,57.49078750610352,288,True
torch_suite,lr_fault_7,233,tiny-transformer-lr_fault-7,0.0002943167055491,0.0006016521365381,0.0006016521365381,0.1,0.0794099271297454,57.447021484375,288,True
torch_suite,lr_fault_7,234,tiny-transformer-lr_fault-7,0.0002773793821688,0.0005668778903782,0.0005668778903782,0.1,0.0755888596177101,57.40219497680664,288,True
torch_suite,lr_fault_7,235,tiny-transformer-lr_fault-7,0.0002686041698325,0.0005535815726034,0.0005535815726034,0.1,0.0723675936460495,57.35643005371094,288,True
torch_suite,lr_fault_7,236,tiny-transformer-lr_fault-7,0.0002526754105929,0.0005121631547808,0.0005121632129885,0.1,0.0696064159274101,57.30978012084961,288,True
torch_suite,lr_fault_7,237,tiny-transformer-lr_fault-7,0.0002527579199522,0.0005230621318332,0.0005230621318332,0.1,0.067329317331314,57.26233673095703,288,True
torch_suite,lr_fault_7,238,tiny-transformer-lr_fault-7,0.0002381078229518,0.0004884497029706,0.0004884497029706,0.1,0.0653798878192901,57.21418380737305,288,True
torch_suite,lr_fault_7,239,tiny-transformer-lr_fault-7,0.0002304434019606,0.0004694595409091,0.0004694595409091,0.1,0.0637668296694755,57.16536712646485,288,True
torch_suite,lr_fault_7,240,tiny-transformer-lr_fault-7,0.0002211920655099,0.0004489330167416,0.0004489329876378,0.1,0.0623369328677654,57.1159553527832,288,True
torch_suite,lr_fault_7,241,tiny-transformer-lr_fault-7,0.0002217494038632,0.0004508753190748,0.0004508753190748,0.1,0.0611664466559886,57.066017150878906,288,True
torch_suite,lr_fault_7,242,tiny-transformer-lr_fault-7,0.0002191485109506,0.000446585152531,0.0004465851234272,0.1,0.0602555535733699,57.01557922363281,288,True
torch_suite,lr_fault_7,243,tiny-transformer-lr_fault-7,0.0002169809886254,0.0004510227008722,0.0004510226717684,0.1,0.0594546645879745,56.9647102355957,288,True
torch_suite,lr_fault_7,244,tiny-transformer-lr_fault-7,0.0002093395742122,0.0004262662259861,0.0004262661968823,0.1,0.0587830282747745,56.91344833374024,288,True
torch_suite,lr_fault_7,245,tiny-transformer-lr_fault-7,0.000206996439374,0.0004224107833579,0.0004224107833579,0.002,0.0011659138835966,56.8618392944336,288,True
torch_suite,lr_fault_7,246,tiny-transformer-lr_fault-7,0.0002057847596006,0.0004196884692646,0.0004196884692646,0.002,0.0011582444421947,56.860801696777344,288,True
torch_suite,lr_fault_7,247,tiny-transformer-lr_fault-7,0.0002114460221491,0.0004339326987974,0.0004339326987974,0.002,0.0011524071451276,56.85976028442383,288,True
torch_suite,lr_fault_7,248,tiny-transformer-lr_fault-7,0.000210168553167,0.0004339297011028,0.000433929671999,0.002,0.0011480542598292,56.85869598388672,288,True
torch_suite,lr_fault_7,249,tiny-transformer-lr_fault-7,0.0002090180350933,0.0004308429488446,0.0004308429488446,0.002,0.0011450891615822,56.85763931274414,288,True
torch_suite,lr_fault_7,250,tiny-transformer-lr_fault-7,0.0002111868961947,0.0004328778013586,0.0004328778013586,0.002,0.001143300672993,56.85657501220703,288,True
torch_suite,lr_fault_7,251,tiny-transformer-lr_fault-7,0.0002095341624226,0.0004286121693439,0.0004286121693439,0.002,0.0011414579348638,56.855506896972656,288,True
torch_suite,lr_fault_7,252,tiny-transformer-lr_fault-7,0.000218009809032,0.0004542782553471,0.0004542782844509,0.002,0.0011420829687267,56.854434967041016,288,True
torch_suite,lr_fault_7,253,tiny-transformer-lr_fault-7,0.0002094894152833,0.0004274523525964,0.0004274523234926,0.002,0.0011414366308599,56.85336685180664,288,True
torch_suite,lr_fault_7,254,tiny-transformer-lr_fault-7,0.0002122483710991,0.0004373485862743,0.0004373485862743,0.002,0.0011413514148443,56.8522834777832,288,True
torch_suite,lr_fault_7,255,tiny-transformer-lr_fault-7,0.0002086517779389,0.0004266362811904,0.0004266363102942,0.002,0.0011416054330766,56.8512077331543,288,True
torch_suite,lr_fault_7,256,tiny-transformer-lr_fault-7,0.0002117782860295,0.0004363004991319,0.0004363005282357,0.002,0.0011423388496041,56.85011672973633,288,True
torch_suite,lr_fault_7,257,tiny-transformer-lr_fault-7,0.0002105802414007,0.0004334353434387,0.0004334353434387,0.002,0.0011438106885179,56.849029541015625,288,True
torch_suite,lr_fault_7,258,tiny-transformer-lr_fault-7,0.0002109001798089,0.000431326101534,0.000431326101534,0.002,0.0011441550450399,56.84794616699219,288,True
torch_suite,lr_fault_7,259,tiny-transformer-lr_fault-7,0.0002062552666757,0.0004198806418571,0.0004198806418571,0.002,0.0011430099839344,56.84685516357422,288,True
torch_suite,lr_fault_7,260,tiny-transformer-lr_fault-7,0.0002097454271279,0.0004334777186159,0.0004334777186159,0.002,0.0011445760028436,56.84577178955078,288,True
torch_suite,lr_fault_7,261,tiny-transformer-lr_fault-7,0.0002099270932376,0.000434076966485,0.000434076966485,0.002,0.0011457935906946,56.84467315673828,288,True
torch_suite,lr_fault_7,262,tiny-transformer-lr_fault-7,0.0002047898888122,0.0004196826776023,0.0004196826776023,0.002,0.0011456116335466,56.84357833862305,288,True
torch_suite,lr_fault_7,263,tiny-transformer-lr_fault-7,0.000212067112443,0.0004379761230666,0.0004379761230666,0.002,0.0011463718255981,56.84248733520508,288,True
torch_suite,lr_fault_7,264,tiny-transformer-lr_fault-7,0.0002117483818437,0.0004373260599095,0.0004373260599095,0.002,0.0011490784818306,56.84138870239258,288,True
torch_suite,lr_fault_7,265,tiny-transformer-lr_fault-7,0.0002043185959337,0.0004176192742306,0.0004176192451268,0.002,0.0011482287663966,56.84028244018555,288,True
torch_suite,lr_fault_7,266,tiny-transformer-lr_fault-7,0.0002107900945702,0.0004325919435359,0.0004325919144321,0.002,0.0011471265461295,56.83919143676758,288,True
torch_suite,lr_fault_7,267,tiny-transformer-lr_fault-7,0.000211791935726,0.0004333705583121,0.0004333706165198,0.002,0.001146788126789,56.83808898925781,288,True
torch_suite,lr_fault_7,268,tiny-transformer-lr_fault-7,0.0002061534905806,0.0004240181006025,0.0004240181297063,0.002,0.0011466158321127,56.83699798583984,288,True
torch_suite,lr_fault_7,269,tiny-transformer-lr_fault-7,0.000214225743548,0.0004458560142666,0.0004458560142666,0.002,0.0011478192172944,56.83588790893555,288,True
torch_suite,lr_fault_7,270,tiny-transformer-lr_fault-7,0.0002068152243737,0.0004227714962325,0.0004227714962325,0.002,0.0011484639253467,56.83478927612305,288,True
torch_suite,lr_fault_7,271,tiny-transformer-lr_fault-7,0.0002160639705834,0.0004495756002143,0.0004495756002143,0.002,0.0011486028088256,56.83368682861328,288,True
torch_suite,lr_fault_7,272,tiny-transformer-lr_fault-7,0.0002085061569232,0.0004253902006894,0.000425390258897,0.002,0.001148261479102,56.83258819580078,288,True
torch_suite,lr_fault_7,273,tiny-transformer-lr_fault-7,0.0002124743623426,0.0004381060716696,0.0004381060425657,0.002,0.0011479865061119,56.83147811889648,288,True
torch_suite,lr_fault_7,274,tiny-transformer-lr_fault-7,0.0002116769610438,0.0004396506119519,0.0004396506410557,0.002,0.0011495555518195,56.83037567138672,288,True
torch_suite,lr_fault_7,275,tiny-transformer-lr_fault-7,0.0002092665963573,0.0004301207954995,0.0004301207954995,0.002,0.0011499094543978,56.82927703857422,288,True
torch_suite,lr_fault_7,276,tiny-transformer-lr_fault-7,0.0002077791141346,0.0004304699832573,0.0004304700123611,0.002,0.0011494682403281,56.82817459106445,288,True
torch_suite,lr_fault_7,277,tiny-transformer-lr_fault-7,0.0002105016319546,0.0004297491977922,0.000429749226896,0.002,0.0011485401773825,56.82707595825195,288,True
torch_suite,lr_fault_7,278,tiny-transformer-lr_fault-7,0.0002095187956001,0.0004294007958378,0.0004294007958378,0.002,0.0011486343573778,56.82596969604492,288,True
torch_suite,lr_fault_7,279,tiny-transformer-lr_fault-7,0.0002100898418575,0.0004306318005546,0.0004306318005546,0.002,0.0011499184183776,56.82485961914063,288,True
torch_suite,lr_fault_7,280,tiny-transformer-lr_fault-7,0.0002103352890117,0.0004333356919232,0.0004333356919232,0.002,0.0011498995590955,56.82375717163086,288,True
torch_suite,lr_fault_7,281,tiny-transformer-lr_fault-7,0.0002105400053551,0.0004344701301306,0.0004344701301306,0.002,0.0011492213234305,56.82265472412109,288,True
torch_suite,lr_fault_7,282,tiny-transformer-lr_fault-7,0.0002055319055216,0.0004194099165033,0.0004194099165033,0.002,0.0011484718415886,56.82155227661133,288,True
torch_suite,lr_fault_7,283,tiny-transformer-lr_fault-7,0.000207144243177,0.0004244849842507,0.0004244849842507,0.002,0.0011490075848996,56.82045364379883,288,True
torch_suite,lr_fault_7,284,tiny-transformer-lr_fault-7,0.0002113280643243,0.0004325656336732,0.0004325656336732,0.002,0.0011494188802316,56.81934356689453,288,True
torch_suite,lr_fault_7,285,tiny-transformer-lr_fault-7,0.0002106626488966,0.0004357109428383,0.0004357109137345,0.002,0.0011492844205349,56.818241119384766,288,True
torch_suite,lr_fault_7,286,tiny-transformer-lr_fault-7,0.0002098390395985,0.0004306467308197,0.0004306467308197,0.002,0.0011501556728035,56.81713104248047,288,True
torch_suite,lr_fault_7,287,tiny-transformer-lr_fault-7,0.000208913712413,0.0004292501835152,0.0004292501835152,0.002,0.001150332391262,56.8160285949707,288,True
torch_suite,lr_fault_7,288,tiny-transformer-lr_fault-7,0.0002147318446077,0.0004414776631165,0.0004414776631165,0.002,0.0011504822177812,56.81492614746094,288,True
torch_suite,lr_fault_7,289,tiny-transformer-lr_fault-7,0.0002139683929271,0.0004439469485078,0.0004439469485078,0.002,0.001150491181761,56.81381607055664,288,True
torch_suite,lr_fault_7,290,tiny-transformer-lr_fault-7,0.0002145140751963,0.0004476511385291,0.0004476511385291,0.002,0.0011513752397149,56.812721252441406,288,True
torch_suite,lr_fault_7,291,tiny-transformer-lr_fault-7,0.0002122969162883,0.0004415371513459,0.0004415371513459,0.002,0.0011500343680381,56.811614990234375,288,True
torch_suite,lr_fault_7,292,tiny-transformer-lr_fault-7,0.0002084130392177,0.0004252496582921,0.0004252496582921,0.002,0.0011492776684463,56.81051254272461,288,True
torch_suite,lr_fault_7,293,tiny-transformer-lr_fault-7,0.0002109393826685,0.0004296933184377,0.0004296933475416,0.002,0.0011490067699924,56.80939865112305,288,True
torch_suite,lr_fault_7,294,tiny-transformer-lr_fault-7,0.00021303887479,0.0004367257351987,0.0004367257351987,0.002,0.001148363109678,56.80830001831055,288,True
torch_suite,lr_fault_7,295,tiny-transformer-lr_fault-7,0.0002138759591616,0.0004386069776955,0.0004386069485917,0.002,0.001149634597823,56.80719375610352,288,True
torch_suite,lr_fault_7,296,tiny-transformer-lr_fault-7,0.0002068193716695,0.0004205368750263,0.0004205368459224,0.002,0.0011486526345834,56.80608749389648,288,True
torch_suite,lr_fault_7,297,tiny-transformer-lr_fault-7,0.0002100960555253,0.0004275364335626,0.0004275364335626,0.002,0.0011487321462482,56.80499267578125,288,True
torch_suite,lr_fault_7,298,tiny-transformer-lr_fault-7,0.0002077533863484,0.0004217289679218,0.0004217289679218,0.002,0.0011477653170004,56.80388259887695,288,True
torch_suite,lr_fault_7,299,tiny-transformer-lr_fault-7,0.0002082115679513,0.0004307964991312,0.000430796528235,0.002,0.0011478392407298,56.802772521972656,288,True
torch_suite,lr_fault_7,300,tiny-transformer-lr_fault-7,0.000209184770938,0.0004241265996824,0.0004241266287863,0.002,0.0011477197986096,56.80167770385742,288,True
torch_suite,lr_fault_7,301,tiny-transformer-lr_fault-7,0.0002167381026083,0.0004462228971533,0.000446222955361,0.002,0.0011474185157567,56.800567626953125,288,True
torch_suite,lr_fault_7,302,tiny-transformer-lr_fault-7,0.0002119732234859,0.0004375268472358,0.0004375268472358,0.002,0.0011472990736365,56.79946899414063,288,True
torch_suite,lr_fault_7,303,tiny-transformer-lr_fault-7,0.0002090379275614,0.0004257245745975,0.0004257246037013,0.002,0.0011467614676803,56.79835891723633,288,True
torch_suite,lr_fault_7,304,tiny-transformer-lr_fault-7,0.000216510874452,0.0004473590233828,0.000447358994279,0.002,0.0011477129301056,56.79726409912109,288,True
torch_suite,lr_fault_7,305,tiny-transformer-lr_fault-7,0.0002124594611814,0.0004353043041191,0.0004353043041191,0.002,0.0011476083891466,56.7961540222168,288,True
torch_suite,lr_fault_7,306,tiny-transformer-lr_fault-7,0.0002101672289427,0.0004268015036359,0.0004268015036359,0.002,0.001146554830484,56.79505157470703,288,True
torch_suite,lr_fault_7,307,tiny-transformer-lr_fault-7,0.0002112456713803,0.0004301205044612,0.0004301205044612,0.002,0.0011465919669717,56.79395294189453,288,True
torch_suite,lr_fault_7,308,tiny-transformer-lr_fault-7,0.0002099561679642,0.0004287108313292,0.0004287108313292,0.002,0.0011452933540567,56.79284286499024,288,True
torch_suite,lr_fault_7,309,tiny-transformer-lr_fault-7,0.0002112866641255,0.0004294426762498,0.0004294426762498,0.002,0.0011457178043201,56.79174423217773,288,True
torch_suite,lr_fault_7,310,tiny-transformer-lr_fault-7,0.0002117072144756,0.0004350797389633,0.0004350797389633,0.002,0.0011454881168901,56.79064178466797,288,True
torch_suite,lr_fault_7,311,tiny-transformer-lr_fault-7,0.0002121396246366,0.0004379042366053,0.0004379042366053,0.002,0.0011466267751529,56.7895393371582,288,True
torch_suite,lr_fault_7,312,tiny-transformer-lr_fault-7,0.0002140468568541,0.0004380924219731,0.0004380924510769,0.002,0.0011475376086309,56.7884407043457,288,True
torch_suite,lr_fault_7,313,tiny-transformer-lr_fault-7,0.0002130756911356,0.0004341511521488,0.0004341511812526,0.002,0.0011473555350676,56.78733825683594,288,True
torch_suite,lr_fault_7,314,tiny-transformer-lr_fault-7,0.0002091355272568,0.0004241814021952,0.000424181431299,0.002,0.0011462206020951,56.78623580932617,288,True
torch_suite,lr_fault_7,315,tiny-transformer-lr_fault-7,0.0002132611116394,0.0004345315683167,0.0004345315683167,0.002,0.0011457133805379,56.78512954711914,288,True
torch_suite,lr_fault_7,316,tiny-transformer-lr_fault-7,0.0002111368667101,0.0004277332918718,0.0004277332918718,0.002,0.0011452661128714,56.78403091430664,288,True
torch_suite,lr_fault_7,317,tiny-transformer-lr_fault-7,0.0002089430927298,0.0004230476042721,0.0004230476333759,0.002,0.0011453279294073,56.78293228149414,288,True
torch_suite,lr_fault_7,318,tiny-transformer-lr_fault-7,0.0002092341019306,0.0004254503000993,0.0004254502709954,0.002,0.0011457136133685,56.78182601928711,288,True
torch_suite,lr_fault_7,319,tiny-transformer-lr_fault-7,0.0002097492542816,0.0004320373409427,0.0004320373700466,0.002,0.001144666224718,56.78072738647461,288,True
torch_suite,normal_11,0,tiny-transformer-normal-11,3.5583715438842773,0.9795164465904236,0.9795165061950684,0.002,0.4105578660964966,56.70040130615234,288,True
torch_suite,normal_11,1,tiny-transformer-normal-11,3.461562395095825,0.9607375264167786,0.9607374668121338,0.002,0.34669029712677,56.69929122924805,288,True
torch_suite,normal_11,2,tiny-transformer-normal-11,3.338292121887207,0.950910985469818,0.950910985469818,0.002,0.3240359127521515,56.698997497558594,288,True
torch_suite,normal_11,3,tiny-transformer-normal-11,3.200058460235596,0.9587429761886596,0.9587430953979492,0.002,0.3186348378658294,56.70009231567383,288,True
torch_suite,normal_11,4,tiny-transformer-normal-11,3.1330013275146484,0.9347279667854308,0.9347279667854308,0.002,0.311278223991394,56.70302200317383,288,True
torch_suite,normal_11,5,tiny-transformer-normal-11,2.9995546340942383,0.937740445137024,0.937740445137024,0.002,0.3087680339813232,56.707305908203125,288,True
torch_suite,normal_11,6,tiny-transformer-normal-11,2.932899713516236,0.9049904346466064,0.9049904942512512,0.002,0.3044103384017944,56.7130241394043,288,True
torch_suite,normal_11,7,tiny-transformer-normal-11,2.781116247177124,0.9115901589393616,0.9115901589393616,0.002,0.3032809495925903,56.720157623291016,288,True
torch_suite,normal_11,8,tiny-transformer-normal-11,2.657130718231201,0.903505265712738,0.903505265712738,0.002,0.30233234167099,56.72899627685547,288,True
torch_suite,normal_11,9,tiny-transformer-normal-11,2.5739970207214355,0.937332272529602,0.9373323321342468,0.002,0.3016623556613922,56.7394905090332,288,True
torch_suite,normal_11,10,tiny-transformer-normal-11,2.3740129470825195,0.9074591398239136,0.9074591398239136,0.002,0.2997141778469085,56.75190734863281,288,True
torch_suite,normal_11,11,tiny-transformer-normal-11,2.32822322845459,0.877549946308136,0.877549946308136,0.002,0.2995614409446716,56.7662467956543,288,True
torch_suite,normal_11,12,tiny-transformer-normal-11,2.1927239894866943,0.8785455822944641,0.8785455822944641,0.002,0.2977900207042694,56.78206634521485,288,True
torch_suite,normal_11,13,tiny-transformer-normal-11,2.0683205127716064,0.8537828922271729,0.8537828922271729,0.002,0.2978987693786621,56.79939651489258,288,True
torch_suite,normal_11,14,tiny-transformer-normal-11,1.968852162361145,0.8361278176307678,0.8361278176307678,0.002,0.2975707948207855,56.81825637817383,288,True
torch_suite,normal_11,15,tiny-transformer-normal-11,1.8967993259429927,0.8566452264785767,0.8566452264785767,0.002,0.2953338027000427,56.83859634399414,288,True
torch_suite,normal_11,16,tiny-transformer-normal-11,1.7227354049682615,0.853638768196106,0.8536388278007507,0.002,0.2924177646636963,56.86022567749024,288,True
torch_suite,normal_11,17,tiny-transformer-normal-11,1.6953455209732056,0.8097100853919983,0.8097101449966431,0.002,0.29141566157341,56.88333511352539,288,True
torch_suite,normal_11,18,tiny-transformer-normal-11,1.5628825426101685,0.8451077938079834,0.8451078534126282,0.002,0.2899045646190643,56.907691955566406,288,True
torch_suite,normal_11,19,tiny-transformer-normal-11,1.4646780490875244,0.7889555096626282,0.7889554500579834,0.002,0.2872148156166076,56.933292388916016,288,True
torch_suite,normal_11,20,tiny-transformer-normal-11,1.393035054206848,0.7789287567138672,0.7789287567138672,0.002,0.2842966020107269,56.95984649658203,288,True
torch_suite,normal_11,21,tiny-transformer-normal-11,1.2566659450531006,0.7440657019615173,0.7440656423568726,0.002,0.2795956134796142,56.98719787597656,288,True
torch_suite,normal_11,22,tiny-transformer-normal-11,1.2334524393081665,0.7688810229301453,0.76888108253479,0.002,0.2776404023170471,57.01509094238281,288,True
torch_suite,normal_11,23,tiny-transformer-normal-11,1.131891131401062,0.7035056948661804,0.7035056948661804,0.002,0.2745706439018249,57.04350280761719,288,True
torch_suite,normal_11,24,tiny-transformer-normal-11,1.0510469675064087,0.7061425447463989,0.7061424255371094,0.002,0.2706614732742309,57.07223892211914,288,True
torch_suite,normal_11,25,tiny-transformer-normal-11,0.965173840522766,0.6796972751617432,0.6796972751617432,0.002,0.2637214660644531,57.101261138916016,288,True
torch_suite,normal_11,26,tiny-transformer-normal-11,0.9067583084106444,0.649398922920227,0.6493988633155823,0.002,0.258305549621582,57.13020324707031,288,True
torch_suite,normal_11,27,tiny-transformer-normal-11,0.8305650353431702,0.6130697727203369,0.6130697727203369,0.002,0.2526809573173523,57.15913772583008,288,True
torch_suite,normal_11,28,tiny-transformer-normal-11,0.800423264503479,0.607266902923584,0.607266902923584,0.002,0.2476209998130798,57.187625885009766,288,True
torch_suite,normal_11,29,tiny-transformer-normal-11,0.740003764629364,0.5901763439178467,0.5901762843132019,0.002,0.2436658143997192,57.21573257446289,288,True
torch_suite,normal_11,30,tiny-transformer-normal-11,0.679218053817749,0.5493858456611633,0.5493857860565186,0.002,0.2389635294675827,57.24346160888672,288,True
torch_suite,normal_11,31,tiny-transformer-normal-11,0.6430016160011292,0.5424045920372009,0.5424045920372009,0.002,0.2343473732471466,57.27079772949219,288,True
torch_suite,normal_11,32,tiny-transformer-normal-11,0.5791299343109131,0.5065596103668213,0.5065596103668213,0.002,0.2283988296985626,57.29774475097656,288,True
torch_suite,normal_11,33,tiny-transformer-normal-11,0.5440443158149719,0.4764552712440491,0.4764553010463714,0.002,0.2220242172479629,57.32424545288086,288,True
torch_suite,normal_11,34,tiny-transformer-normal-11,0.5025672912597656,0.4655238687992096,0.4655238687992096,0.002,0.2153972685337066,57.35017776489258,288,True
torch_suite,normal_11,35,tiny-transformer-normal-11,0.4694395661354065,0.4480562806129455,0.4480562508106231,0.002,0.2100565433502197,57.37551498413086,288,True
torch_suite,normal_11,36,tiny-transformer-normal-11,0.4225805699825287,0.4072966873645782,0.4072966575622558,0.002,0.2042053788900375,57.4002685546875,288,True
torch_suite,normal_11,37,tiny-transformer-normal-11,0.3987205624580383,0.39026540517807,0.39026540517807,0.002,0.1979247033596038,57.42433166503906,288,True
torch_suite,normal_11,38,tiny-transformer-normal-11,0.3683520853519439,0.3734432458877563,0.3734432756900787,0.002,0.1921109855175018,57.44771957397461,288,True
torch_suite,normal_11,39,tiny-transformer-normal-11,0.3450630307197571,0.3579553961753845,0.3579554259777069,0.002,0.1858965456485748,57.4703483581543,288,True
torch_suite,normal_11,40,tiny-transformer-normal-11,0.3138112127780914,0.3423687219619751,0.3423687219619751,0.002,0.1788759231567382,57.49224853515625,288,True
torch_suite,normal_11,41,tiny-transformer-normal-11,0.2930224537849426,0.3318048119544983,0.3318048417568207,0.002,0.1726266294717788,57.513404846191406,288,True
torch_suite,normal_11,42,tiny-transformer-normal-11,0.268526166677475,0.299287885427475,0.299287885427475,0.002,0.1662497669458389,57.5338020324707,288,True
torch_suite,normal_11,43,tiny-transformer-normal-11,0.2582702934741974,0.2919475138187408,0.2919475138187408,0.002,0.1607632339000702,57.55345916748047,288,True
torch_suite,normal_11,44,tiny-transformer-normal-11,0.2394219189882278,0.2730301022529602,0.2730301022529602,0.002,0.1552345305681228,57.572383880615234,288,True
torch_suite,normal_11,45,tiny-transformer-normal-11,0.2316197007894516,0.2677785158157348,0.2677785456180572,0.002,0.1502392739057541,57.59056091308594,288,True
torch_suite,normal_11,46,tiny-transformer-normal-11,0.2069527059793472,0.24487866461277,0.2448786497116089,0.002,0.144530177116394,57.60805130004883,288,True
torch_suite,normal_11,47,tiny-transformer-normal-11,0.1964741796255111,0.230481207370758,0.2304811924695968,0.002,0.1392957866191864,57.62485122680664,288,True
torch_suite,normal_11,48,tiny-transformer-normal-11,0.180231973528862,0.2229622602462768,0.2229622602462768,0.002,0.1329233199357986,57.640995025634766,288,True
torch_suite,normal_11,49,tiny-transformer-normal-11,0.1760317087173462,0.2133411765098571,0.2133411914110183,0.002,0.1280558407306671,57.656394958496094,288,True
torch_suite,normal_11,50,tiny-transformer-normal-11,0.1670083403587341,0.2093270421028137,0.2093270421028137,0.002,0.1235080063343048,57.671180725097656,288,True
torch_suite,normal_11,51,tiny-transformer-normal-11,0.151321992278099,0.1916109919548034,0.1916109770536422,0.002,0.1187229678034782,57.68534851074219,288,True
torch_suite,normal_11,52,tiny-transformer-normal-11,0.1490753293037414,0.1892703920602798,0.189270406961441,0.002,0.114217609167099,57.69890594482422,288,True
torch_suite,normal_11,53,tiny-transformer-normal-11,0.1403161585330963,0.1776928454637527,0.1776928603649139,0.002,0.110069952905178,57.71181869506836,288,True
torch_suite,normal_11,54,tiny-transformer-normal-11,0.1327816098928451,0.1696266829967498,0.1696266829967498,0.002,0.1062380671501159,57.72412109375,288,True
torch_suite,normal_11,55,tiny-transformer-normal-11,0.1236867904663086,0.1602503508329391,0.1602503359317779,0.002,0.1025657579302787,57.73582077026367,288,True
torch_suite,normal_11,56,tiny-transformer-normal-11,0.1160031035542488,0.1494795083999633,0.1494795083999633,0.002,0.0980069190263748,57.74694442749024,288,True
torch_suite,normal_11,57,tiny-transformer-normal-11,0.1110762804746627,0.1495928317308426,0.1495928317308426,0.002,0.0934627577662468,57.75752639770508,288,True
torch_suite,normal_11,58,tiny-transformer-normal-11,0.1066833361983299,0.1417601108551025,0.1417601108551025,0.002,0.0893368050456047,57.76755905151367,288,True
torch_suite,normal_11,59,tiny-transformer-normal-11,0.1004977449774742,0.132325991988182,0.1323259770870208,0.002,0.0856870114803314,57.77709197998047,288,True
torch_suite,normal_11,60,tiny-transformer-normal-11,0.0984744802117347,0.1322072893381118,0.1322072744369506,0.002,0.0823858231306076,57.7861328125,288,True
torch_suite,normal_11,61,tiny-transformer-normal-11,0.0932014286518096,0.1278452575206756,0.1278452575206756,0.002,0.0793529003858566,57.79475402832031,288,True
torch_suite,normal_11,62,tiny-transformer-normal-11,0.0914841666817665,0.1234053298830986,0.1234053298830986,0.002,0.0769778713583946,57.80290985107422,288,True
torch_suite,normal_11,63,tiny-transformer-normal-11,0.0857320725917816,0.1145534664392471,0.1145534664392471,0.002,0.0741949826478958,57.8106689453125,288,True
torch_suite,normal_11,64,tiny-transformer-normal-11,0.0819824561476707,0.111059695482254,0.1110597029328346,0.002,0.0715447664260864,57.81802749633789,288,True
torch_suite,normal_11,65,tiny-transformer-normal-11,0.0787515565752983,0.1084858551621437,0.1084858551621437,0.002,0.0688181519508361,57.82502746582031,288,True
torch_suite,normal_11,66,tiny-transformer-normal-11,0.0764620527625083,0.1049033552408218,0.1049033552408218,0.002,0.0666186735033989,57.8316650390625,288,True
torch_suite,normal_11,67,tiny-transformer-normal-11,0.0754795670509338,0.1040485650300979,0.1040485575795173,0.002,0.0642076805233955,57.83800506591797,288,True
torch_suite,normal_11,68,tiny-transformer-normal-11,0.0711735859513282,0.098520241677761,0.0985202491283416,0.002,0.0618172548711299,57.84402847290039,288,True
torch_suite,normal_11,69,tiny-transformer-normal-11,0.0686775594949722,0.0962331518530845,0.0962331518530845,0.002,0.0595225170254707,57.84977722167969,288,True
torch_suite,normal_11,70,tiny-transformer-normal-11,0.0663908645510673,0.094709426164627,0.0947094336152076,0.002,0.0573748350143432,57.855224609375,288,True
torch_suite,normal_11,71,tiny-transformer-normal-11,0.0641225203871727,0.0905919671058654,0.0905919596552848,0.002,0.0552587583661079,57.86045455932617,288,True
torch_suite,normal_11,72,tiny-transformer-normal-11,0.0616872571408748,0.0855940580368042,0.0855940580368042,0.002,0.0534755699336528,57.86542510986328,288,True
torch_suite,normal_11,73,tiny-transformer-normal-11,0.0601480938494205,0.0844408273696899,0.0844408348202705,0.002,0.051822368055582,57.87016677856445,288,True
torch_suite,normal_11,74,tiny-transformer-normal-11,0.0570871084928512,0.0810643434524536,0.0810643434524536,0.002,0.050034686923027,57.874698638916016,288,True
torch_suite,normal_11,75,tiny-transformer-normal-11,0.0563006587326526,0.0796085149049758,0.0796085074543953,0.002,0.0485855191946029,57.87899017333984,288,True
torch_suite,normal_11,76,tiny-transformer-normal-11,0.0553514473140239,0.0808443874120712,0.0808443874120712,0.002,0.0471701137721538,57.883094787597656,288,True
torch_suite,normal_11,77,tiny-transformer-normal-11,0.0534174889326095,0.0757275447249412,0.0757275447249412,0.002,0.0456029884517192,57.886993408203125,288,True
torch_suite,normal_11,78,tiny-transformer-normal-11,0.0511633940041065,0.0734432637691497,0.0734432637691497,0.002,0.0440154112875461,57.89070510864258,288,True
torch_suite,normal_11,79,tiny-transformer-normal-11,0.0508610010147094,0.0743726789951324,0.0743726789951324,0.002,0.0429704785346984,57.89424896240234,288,True
torch_suite,normal_11,80,tiny-transformer-normal-11,0.0484282448887825,0.0703774541616439,0.0703774541616439,0.002,0.0415310710668563,57.89763641357422,288,True
torch_suite,normal_11,81,tiny-transformer-normal-11,0.0468502566218376,0.0688818246126174,0.0688818246126174,0.002,0.0404640771448612,57.900875091552734,288,True
torch_suite,normal_11,82,tiny-transformer-normal-11,0.0459748283028602,0.0671695619821548,0.0671695619821548,0.002,0.0392521098256111,57.90396499633789,288,True
torch_suite,normal_11,83,tiny-transformer-normal-11,0.0460447408258914,0.0673521608114242,0.0673521608114242,0.002,0.0382812544703483,57.90692901611328,288,True
torch_suite,normal_11,84,tiny-transformer-normal-11,0.0443696118891239,0.0650365129113197,0.0650365129113197,0.002,0.0372997932136058,57.9098014831543,288,True
torch_suite,normal_11,85,tiny-transformer-normal-11,0.0435634180903434,0.0633853450417518,0.0633853450417518,0.002,0.036660898476839,57.91257095336914,288,True
torch_suite,normal_11,86,tiny-transformer-normal-11,0.0418246276676654,0.0619170218706131,0.0619170181453228,0.002,0.035920400172472,57.91524887084961,288,True
torch_suite,normal_11,87,tiny-transformer-normal-11,0.0407522916793823,0.0597645118832588,0.0597645118832588,0.002,0.0348185412585735,57.91781997680664,288,True
torch_suite,normal_11,88,tiny-transformer-normal-11,0.0413467623293399,0.0599788427352905,0.0599788464605808,0.002,0.0339421145617961,57.92028427124024,288,True
torch_suite,normal_11,89,tiny-transformer-normal-11,0.0397644490003585,0.058695800602436,0.058695800602436,0.002,0.033264834433794,57.92268371582031,288,True
torch_suite,normal_11,90,tiny-transformer-normal-11,0.0390250869095325,0.0574930012226104,0.0574930012226104,0.002,0.0322371013462543,57.92499542236328,288,True
torch_suite,normal_11,91,tiny-transformer-normal-11,0.0380599647760391,0.0558941327035427,0.0558941327035427,0.002,0.0314306728541851,57.92723083496094,288,True
torch_suite,normal_11,92,tiny-transformer-normal-11,0.0380836650729179,0.0570282116532325,0.0570282153785228,0.002,0.0307975802570581,57.92937850952149,288,True
torch_suite,normal_11,93,tiny-transformer-normal-11,0.036466471850872,0.0538292080163955,0.0538292080163955,0.002,0.0302585307508707,57.93144607543945,288,True
torch_suite,normal_11,94,tiny-transformer-normal-11,0.0363183096051216,0.054154172539711,0.0541541762650013,0.002,0.0295797139406204,57.93343734741211,288,True
torch_suite,normal_11,95,tiny-transformer-normal-11,0.0350019000470638,0.0523400455713272,0.0523400418460369,0.002,0.0288229323923587,57.93538665771485,288,True
torch_suite,normal_11,96,tiny-transformer-normal-11,0.034003872424364,0.0504143312573432,0.0504143312573432,0.002,0.0280994437634944,57.937255859375,288,True
torch_suite,normal_11,97,tiny-transformer-normal-11,0.0341218262910842,0.051406942307949,0.051406942307949,0.002,0.0276635009795427,57.93907165527344,288,True
torch_suite,normal_11,98,tiny-transformer-normal-11,0.0335234589874744,0.0501149892807006,0.0501149892807006,0.002,0.0271209608763456,57.94084167480469,288,True
torch_suite,normal_11,99,tiny-transformer-normal-11,0.0322296805679798,0.0484819076955318,0.0484819076955318,0.002,0.0265798307955265,57.94255828857422,288,True
torch_suite,normal_11,100,tiny-transformer-normal-11,0.0316909849643707,0.0468213409185409,0.0468213446438312,0.002,0.0260098278522491,57.9442138671875,288,True
torch_suite,normal_11,101,tiny-transformer-normal-11,0.0313688889145851,0.0473862588405609,0.0473862625658512,0.002,0.0257385019212961,57.94584274291992,288,True
torch_suite,normal_11,102,tiny-transformer-normal-11,0.0312429592013359,0.0473263785243034,0.0473263785243034,0.002,0.0253130234777927,57.94739532470703,288,True
torch_suite,normal_11,103,tiny-transformer-normal-11,0.0305060949176549,0.0458644814789295,0.0458644814789295,0.002,0.0248103141784667,57.94891357421875,288,True
torch_suite,normal_11,104,tiny-transformer-normal-11,0.0296793915331363,0.0444013774394989,0.0444013737142086,0.002,0.0244493074715137,57.95039749145508,288,True
torch_suite,normal_11,105,tiny-transformer-normal-11,0.0293866358697414,0.0439811833202838,0.0439811833202838,0.002,0.0240113995969295,57.95183563232422,288,True
torch_suite,normal_11,106,tiny-transformer-normal-11,0.0289019346237182,0.0434669330716133,0.043466929346323,0.002,0.0236721076071262,57.953243255615234,288,True
torch_suite,normal_11,107,tiny-transformer-normal-11,0.0283380784094333,0.0432973019778728,0.0432972982525825,0.002,0.0233045071363449,57.95460891723633,288,True
torch_suite,normal_11,108,tiny-transformer-normal-11,0.0283871069550514,0.0430651605129241,0.0430651605129241,0.002,0.0229679364711046,57.955936431884766,288,True
torch_suite,normal_11,109,tiny-transformer-normal-11,0.0274276304990053,0.0414972119033336,0.0414972081780433,0.002,0.0225696358829736,57.95724487304688,288,True
torch_suite,normal_11,110,tiny-transformer-normal-11,0.0266894865781068,0.0404733084142208,0.0404733084142208,0.002,0.0222484227269887,57.95853042602539,288,True
torch_suite,normal_11,111,tiny-transformer-normal-11,0.0264488272368907,0.0406233482062816,0.0406233444809913,0.002,0.0221043210476636,57.959774017333984,288,True
torch_suite,normal_11,112,tiny-transformer-normal-11,0.0266172494739294,0.0407948195934295,0.0407948233187198,0.002,0.0217363089323043,57.96100234985352,288,True
torch_suite,normal_11,113,tiny-transformer-normal-11,0.0260268971323966,0.040270771831274,0.040270771831274,0.002,0.0214195679873228,57.96221160888672,288,True
torch_suite,normal_11,114,tiny-transformer-normal-11,0.0256549548357725,0.0394916161894798,0.0394916161894798,0.002,0.021178763359785,57.96338272094727,288,True
torch_suite,normal_11,115,tiny-transformer-normal-11,0.0253015272319316,0.038198534399271,0.038198534399271,0.002,0.0207825750112533,57.96453857421875,288,True
torch_suite,normal_11,116,tiny-transformer-normal-11,0.0249328538775444,0.0382006578147411,0.0382006578147411,0.002,0.0204668343067169,57.96566009521485,288,True
torch_suite,normal_11,117,tiny-transformer-normal-11,0.0243064388632774,0.0379570312798023,0.037957027554512,0.002,0.0201812479645013,57.96676635742188,288,True
torch_suite,normal_11,118,tiny-transformer-normal-11,0.0242838282138109,0.037325419485569,0.037325419485569,0.002,0.0200145598500967,57.96783447265625,288,True
torch_suite,normal_11,119,tiny-transformer-normal-11,0.0241746511310338,0.0378863662481308,0.0378863625228405,0.002,0.0197502262890338,57.96887969970703,288,True
torch_suite,normal_11,120,tiny-transformer-normal-11,0.023678071796894,0.036310501396656,0.0363104976713657,0.002,0.0195557866245508,57.96990585327149,288,True
torch_suite,normal_11,121,tiny-transformer-normal-11,0.0236626453697681,0.0362204015254974,0.0362203978002071,0.002,0.0193492677062749,57.97090530395508,288,True
torch_suite,normal_11,122,tiny-transformer-normal-11,0.02286958694458,0.035390418022871,0.035390418022871,0.002,0.0191735830157995,57.97188568115234,288,True
torch_suite,normal_11,123,tiny-transformer-normal-11,0.0228278264403343,0.0355988219380378,0.0355988256633281,0.002,0.0190775450319051,57.97285461425781,288,True
torch_suite,normal_11,124,tiny-transformer-normal-11,0.0224573388695716,0.0347504541277885,0.0347504541277885,0.002,0.0190060064196586,57.97379302978516,288,True
torch_suite,normal_11,125,tiny-transformer-normal-11,0.0221917498856782,0.0354248657822608,0.0354248695075511,0.002,0.0189567524939775,57.974727630615234,288,True
torch_suite,normal_11,126,tiny-transformer-normal-11,0.0216363593935966,0.0334010533988475,0.0334010496735572,0.002,0.0187161769717931,57.975624084472656,288,True
torch_suite,normal_11,127,tiny-transformer-normal-11,0.0217475891113281,0.0340756177902221,0.0340756177902221,0.002,0.0184975136071443,57.976505279541016,288,True
torch_suite,normal_11,128,tiny-transformer-normal-11,0.0210586562752723,0.0325064212083816,0.0325064174830913,0.002,0.0182368382811546,57.97737884521485,288,True
torch_suite,normal_11,129,tiny-transformer-normal-11,0.0209702178835868,0.0326190814375877,0.0326190814375877,0.002,0.0180436186492443,57.97822952270508,288,True
torch_suite,normal_11,130,tiny-transformer-normal-11,0.020517012104392,0.031973659992218,0.0319736637175083,0.002,0.0177860464900732,57.97906112670898,288,True
torch_suite,normal_11,131,tiny-transformer-normal-11,0.0205046162009239,0.0321445651352405,0.0321445688605308,0.002,0.0176377017050981,57.97988510131836,288,True
torch_suite,normal_11,132,tiny-transformer-normal-11,0.0202590115368366,0.0318677462637424,0.0318677425384521,0.002,0.017512971535325,57.98067855834961,288,True
torch_suite,normal_11,133,tiny-transformer-normal-11,0.0201034471392631,0.0314947254955768,0.0314947254955768,0.002,0.0173415038734674,57.98146057128906,288,True
torch_suite,normal_11,134,tiny-transformer-normal-11,0.0194598119705915,0.0303607266396284,0.0303607266396284,0.002,0.0171511862426996,57.98222351074219,288,True
torch_suite,normal_11,135,tiny-transformer-normal-11,0.0189862269908189,0.0301424954086542,0.0301424972712993,0.002,0.0168738197535276,57.98298263549805,288,True
torch_suite,normal_11,136,tiny-transformer-normal-11,0.0191995035856962,0.0307343211024999,0.0307343229651451,0.002,0.0168835464864969,57.98372650146485,288,True
torch_suite,normal_11,137,tiny-transformer-normal-11,0.0188371874392032,0.0292909033596515,0.0292908996343612,0.002,0.0166004821658134,57.98445892333984,288,True
torch_suite,normal_11,138,tiny-transformer-normal-11,0.0186238717287778,0.0293646268546581,0.0293646268546581,0.002,0.0165704227983951,57.98516845703125,288,True
torch_suite,normal_11,139,tiny-transformer-normal-11,0.0185310915112495,0.0289080031216144,0.0289080012589693,0.002,0.0163883566856384,57.98588943481445,288,True
torch_suite,normal_11,140,tiny-transformer-normal-11,0.018349165096879,0.0288938134908676,0.0288938153535127,0.002,0.0160240046679973,57.986595153808594,288,True
torch_suite,normal_11,141,tiny-transformer-normal-11,0.0181059297174215,0.0291283056139946,0.0291283056139946,0.002,0.0160957053303718,57.98727798461914,288,True
torch_suite,normal_11,142,tiny-transformer-normal-11,0.017748424783349,0.0277331955730915,0.0277332011610269,0.002,0.0158522762358188,57.98794937133789,288,True
torch_suite,normal_11,143,tiny-transformer-normal-11,0.0174490567296743,0.0272482428699731,0.0272482447326183,0.002,0.0155817745253443,57.98859405517578,288,True
torch_suite,normal_11,144,tiny-transformer-normal-11,0.0173169802874326,0.027692163363099,0.0276921652257442,0.002,0.0154147492721676,57.98923110961914,288,True
torch_suite,normal_11,145,tiny-transformer-normal-11,0.0173118133097887,0.0270532630383968,0.0270532630383968,0.002,0.0153030939400196,57.989845275878906,288,True
torch_suite,normal_11,146,tiny-transformer-normal-11,0.0170236397534608,0.0268866717815399,0.026886673644185,0.002,0.0151365464553236,57.990455627441406,288,True
torch_suite,normal_11,147,tiny-transformer-normal-11,0.0169942770153284,0.0268300659954547,0.0268300678580999,0.002,0.015008894726634,57.99105072021485,288,True
torch_suite,normal_11,148,tiny-transformer-normal-11,0.0166166964918375,0.0267345868051052,0.0267345868051052,0.002,0.0150017440319061,57.99163055419922,288,True
torch_suite,normal_11,149,tiny-transformer-normal-11,0.0167057514190673,0.0266656074672937,0.0266656093299388,0.002,0.0148721765726804,57.9921989440918,288,True
torch_suite,normal_11,150,tiny-transformer-normal-11,0.0161818377673625,0.0258190333843231,0.0258190352469682,0.002,0.0146593302488327,57.99273300170898,288,True
torch_suite,normal_11,151,tiny-transformer-normal-11,0.0163096617907285,0.0257195122539997,0.0257195141166448,0.002,0.0145598109811544,57.99324417114258,288,True
torch_suite,normal_11,152,tiny-transformer-normal-11,0.0159864611923694,0.0253476910293102,0.0253476910293102,0.002,0.0143477916717529,57.99374771118164,288,True
torch_suite,normal_11,153,tiny-transformer-normal-11,0.0160108674317598,0.0251969434320926,0.0251969415694475,0.002,0.0142365852370858,57.994232177734375,288,True
torch_suite,normal_11,154,tiny-transformer-normal-11,0.0158466827124357,0.0257092453539371,0.0257092472165823,0.002,0.0142256645485758,57.99471664428711,288,True
torch_suite,normal_11,155,tiny-transformer-normal-11,0.0155745344236493,0.0244829729199409,0.024482974782586,0.002,0.0141237685456871,57.99518966674805,288,True
torch_suite,normal_11,156,tiny-transformer-normal-11,0.0152299953624606,0.0240272507071495,0.0240272525697946,0.002,0.013935605995357,57.99564743041992,288,True
torch_suite,normal_11,157,tiny-transformer-normal-11,0.0148469256237149,0.0241974536329507,0.0241974554955959,0.002,0.013781139627099,57.99609756469727,288,True
torch_suite,normal_11,158,tiny-transformer-normal-11,0.0149633157998323,0.0238309018313884,0.0238309018313884,0.002,0.0136772664263844,57.99652862548828,288,True
torch_suite,normal_11,159,tiny-transformer-normal-11,0.0150214070454239,0.0239410754293203,0.0239410754293203,0.002,0.0136945843696594,57.996952056884766,288,True
torch_suite,normal_11,160,tiny-transformer-normal-11,0.014838483184576,0.0240637082606554,0.0240637082606554,0.002,0.013575067743659,57.99735641479492,288,True
torch_suite,normal_11,161,tiny-transformer-normal-11,0.0145604843273758,0.0233423225581645,0.0233423244208097,0.002,0.0134980380535125,57.997745513916016,288,True
torch_suite,normal_11,162,tiny-transformer-normal-11,0.0144040565937757,0.0229478571563959,0.0229478571563959,0.002,0.0134023074060678,57.99812316894531,288,True
torch_suite,normal_11,163,tiny-transformer-normal-11,0.0143245141953229,0.0232800673693418,0.0232800673693418,0.002,0.0136185325682163,57.99850082397461,288,True
torch_suite,normal_11,164,tiny-transformer-normal-11,0.0142180258408188,0.0228977464139461,0.0228977464139461,0.002,0.013473505154252,57.99885177612305,288,True
torch_suite,normal_11,165,tiny-transformer-normal-11,0.0139478854835033,0.0221820343285799,0.0221820324659347,0.002,0.0133542427793145,57.99919509887695,288,True
torch_suite,normal_11,166,tiny-transformer-normal-11,0.0139213036745786,0.0224098023027181,0.022409800440073,0.002,0.0131990779191255,57.9995346069336,288,True
torch_suite,normal_11,167,tiny-transformer-normal-11,0.013748500496149,0.0223460346460342,0.0223460365086793,0.002,0.013111624866724,57.99986267089844,288,True
torch_suite,normal_11,168,tiny-transformer-normal-11,0.0136733260005712,0.0217344351112842,0.0217344351112842,0.002,0.0129891624674201,58.000186920166016,288,True
torch_suite,normal_11,169,tiny-transformer-normal-11,0.0135582154616713,0.0217674281448125,0.0217674281448125,0.002,0.012738674879074,58.00050735473633,288,True
torch_suite,normal_11,170,tiny-transformer-normal-11,0.0134035013616085,0.0214769002050161,0.0214769002050161,0.002,0.0126090655103325,58.00083160400391,288,True
torch_suite,normal_11,171,tiny-transformer-normal-11,0.0131826614961028,0.0210664439946413,0.0210664458572864,0.002,0.012476397678256,58.00112533569336,288,True
torch_suite,normal_11,172,tiny-transformer-normal-11,0.0130083123221993,0.0209582392126321,0.0209582410752773,0.002,0.0123360762372612,58.001426696777344,288,True
torch_suite,normal_11,173,tiny-transformer-normal-11,0.0128666656091809,0.0209745280444622,0.0209745280444622,0.002,0.0122634433209896,58.00170516967773,288,True
torch_suite,normal_11,174,tiny-transformer-normal-11,0.0129238059744238,0.0206811241805553,0.0206811223179101,0.002,0.0121601847931742,58.0019760131836,288,True
torch_suite,normal_11,175,tiny-transformer-normal-11,0.0127565301954746,0.0205002333968877,0.0205002333968877,0.002,0.012123554944992,58.002235412597656,288,True
torch_suite,normal_11,176,tiny-transformer-normal-11,0.012604534626007,0.0204557683318853,0.0204557701945304,0.002,0.0121605042368173,58.00248718261719,288,True
torch_suite,normal_11,177,tiny-transformer-normal-11,0.012606605887413,0.0204271152615547,0.0204271133989095,0.002,0.0120006334036588,58.002742767333984,288,True
torch_suite,normal_11,178,tiny-transformer-normal-11,0.0124462787061929,0.0200806353241205,0.0200806353241205,0.002,0.0118943890556693,58.00298690795898,288,True
torch_suite,normal_11,179,tiny-transformer-normal-11,0.0123568875715136,0.0199219193309545,0.0199219211935997,0.002,0.011871694587171,58.003231048583984,288,True
torch_suite,normal_11,180,tiny-transformer-normal-11,0.0121150566264987,0.0194985400885343,0.0194985419511795,0.002,0.0117878764867782,58.00345993041992,288,True
torch_suite,normal_11,181,tiny-transformer-normal-11,0.0121187902987003,0.0194790009409189,0.0194790009409189,0.002,0.0117038367316126,58.0036735534668,288,True
torch_suite,normal_11,182,tiny-transformer-normal-11,0.0119051374495029,0.0191686674952507,0.0191686674952507,0.002,0.0115954289212822,58.003883361816406,288,True
torch_suite,normal_11,183,tiny-transformer-normal-11,0.0119798565283417,0.0192813631147146,0.0192813631147146,0.002,0.0116950310766696,58.00408172607422,288,True
torch_suite,normal_11,184,tiny-transformer-normal-11,0.0116598000749945,0.0188778415322303,0.0188778415322303,0.002,0.0115231638774275,58.004276275634766,288,True
torch_suite,normal_11,185,tiny-transformer-normal-11,0.0116164544597268,0.018727483227849,0.018727483227849,0.002,0.0114410202950239,58.00447845458984,288,True
torch_suite,normal_11,186,tiny-transformer-normal-11,0.0115664340555667,0.0188399832695722,0.0188399851322174,0.002,0.0115638421848416,58.00466537475586,288,True
torch_suite,normal_11,187,tiny-transformer-normal-11,0.0114053599536418,0.0184916611760854,0.0184916611760854,0.002,0.011413306929171,58.004844665527344,288,True
torch_suite,normal_11,188,tiny-transformer-normal-11,0.0112664140760898,0.018571637570858,0.0185716394335031,0.002,0.0113071212545037,58.00502014160156,288,True
torch_suite,normal_11,189,tiny-transformer-normal-11,0.011306133121252,0.0182281918823719,0.0182281918823719,0.002,0.0112078608945012,58.005184173583984,288,True
torch_suite,normal_11,190,tiny-transformer-normal-11,0.0112978033721446,0.0184133611619472,0.0184133611619472,0.002,0.0111725749447941,58.00534439086914,288,True
torch_suite,normal_11,191,tiny-transformer-normal-11,0.0108817238360643,0.0178623646497726,0.0178623646497726,0.002,0.0109241073951125,58.005496978759766,288,True
torch_suite,normal_11,192,tiny-transformer-normal-11,0.0109596038237214,0.0177344754338264,0.0177344754338264,0.002,0.0107181631028652,58.005638122558594,288,True
torch_suite,normal_11,193,tiny-transformer-normal-11,0.0107214795425534,0.0174787119030952,0.0174787119030952,0.002,0.0106784487143158,58.00577926635742,288,True
torch_suite,normal_11,194,tiny-transformer-normal-11,0.010806318372488,0.0174958184361457,0.0174958184361457,0.002,0.0106368819251656,58.00592041015625,288,True
torch_suite,normal_11,195,tiny-transformer-normal-11,0.0106569351628422,0.0173261538147926,0.0173261538147926,0.002,0.0105514274910092,58.00604248046875,288,True
torch_suite,normal_11,196,tiny-transformer-normal-11,0.010553553700447,0.017884436994791,0.0178844388574361,0.002,0.0106997108086943,58.00616455078125,288,True
torch_suite,normal_11,197,tiny-transformer-normal-11,0.0104168793186545,0.0170587450265884,0.0170587468892335,0.002,0.010668097063899,58.00627136230469,288,True
torch_suite,normal_11,198,tiny-transformer-normal-11,0.0103291310369968,0.0170710198581218,0.017071021720767,0.002,0.0105226831510663,58.006378173828125,288,True
torch_suite,normal_11,199,tiny-transformer-normal-11,0.0104257278144359,0.0170075055211782,0.0170075055211782,0.002,0.0105118909850716,58.00647735595703,288,True
torch_suite,normal_11,200,tiny-transformer-normal-11,0.0102618960663676,0.0166018530726432,0.0166018530726432,0.002,0.0104047339409589,58.0065803527832,288,True
torch_suite,normal_11,201,tiny-transformer-normal-11,0.0102578736841678,0.0166993159800767,0.0166993159800767,0.002,0.0103366840630769,58.00667572021485,288,True
torch_suite,normal_11,202,tiny-transformer-normal-11,0.0099972421303391,0.0166900269687175,0.0166900269687175,0.002,0.0101908827200531,58.00675582885742,288,True
torch_suite,normal_11,203,tiny-transformer-normal-11,0.0100527508184313,0.0164422318339347,0.0164422299712896,0.002,0.0101695954799652,58.006832122802734,288,True
torch_suite,normal_11,204,tiny-transformer-normal-11,0.0099415630102157,0.0162144564092159,0.0162144564092159,0.002,0.0100827999413013,58.00688552856445,288,True
torch_suite,normal_11,205,tiny-transformer-normal-11,0.0099783102050423,0.0168246813118457,0.0168246813118457,0.002,0.0099805481731891,58.00696563720703,288,True
torch_suite,normal_11,206,tiny-transformer-normal-11,0.0097648287191987,0.0159563738852739,0.0159563738852739,0.002,0.0099104000255465,58.007022857666016,288,True
torch_suite,normal_11,207,tiny-transformer-normal-11,0.0097423605620861,0.0159589480608701,0.015958946198225,0.002,0.0098795611411333,58.007080078125,288,True
torch_suite,normal_11,208,tiny-transformer-normal-11,0.0097643723711371,0.0159553233534097,0.0159553233534097,0.002,0.0098898308351635,58.00712203979492,288,True
torch_suite,normal_11,209,tiny-transformer-normal-11,0.0095212571322917,0.0156047819182276,0.0156047819182276,0.002,0.0097935730591416,58.007171630859375,288,True
torch_suite,normal_11,210,tiny-transformer-normal-11,0.0095044411718845,0.0156480781733989,0.0156480781733989,0.002,0.0097408145666122,58.007205963134766,288,True
torch_suite,normal_11,211,tiny-transformer-normal-11,0.0093420650810003,0.0153000904247164,0.0153000904247164,0.002,0.0096191624179482,58.00724029541016,288,True
torch_suite,normal_11,212,tiny-transformer-normal-11,0.0093842195346951,0.0155778108164668,0.0155778117477893,0.002,0.0095600588247179,58.00725555419922,288,True
torch_suite,normal_11,213,tiny-transformer-normal-11,0.0092180669307708,0.0153328692540526,0.01533286832273,0.002,0.0095181623473763,58.00728225708008,288,True
torch_suite,normal_11,214,tiny-transformer-normal-11,0.0091567635536193,0.0149000231176614,0.0149000249803066,0.002,0.0094005297869443,58.00729370117188,288,True
torch_suite,normal_11,215,tiny-transformer-normal-11,0.0091310115531086,0.0152341946959495,0.0152341956272721,0.002,0.0093888165429234,58.0073127746582,288,True
torch_suite,normal_11,216,tiny-transformer-normal-11,0.00911037158221,0.0149912554770708,0.0149912545457482,0.002,0.0093413172289729,58.00732803344727,288,True
torch_suite,normal_11,217,tiny-transformer-normal-11,0.0090642757713794,0.0149315744638443,0.0149315753951668,0.002,0.0093793673440814,58.00733184814453,288,True
torch_suite,normal_11,218,tiny-transformer-normal-11,0.0088517218828201,0.0146487606689333,0.0146487606689333,0.002,0.0092842923477292,58.00733947753906,288,True
torch_suite,normal_11,219,tiny-transformer-normal-11,0.0088148564100265,0.0145601769909262,0.0145601760596036,0.002,0.0092259868979454,58.00733947753906,288,True
torch_suite,normal_11,220,tiny-transformer-normal-11,0.0087623782455921,0.0144293904304504,0.0144293904304504,0.002,0.0091314045712351,58.00734329223633,288,True
torch_suite,normal_11,221,tiny-transformer-normal-11,0.0087159732356667,0.014347368851304,0.0143473679199814,0.002,0.0090995207428932,58.007320404052734,288,True
torch_suite,normal_11,222,tiny-transformer-normal-11,0.0087692150846123,0.0145904198288917,0.0145904207602143,0.002,0.0091201942414045,58.00730514526367,288,True
torch_suite,normal_11,223,tiny-transformer-normal-11,0.0085186529904603,0.0141421314328908,0.0141421323642134,0.002,0.0089987087994813,58.00727081298828,288,True
torch_suite,normal_11,224,tiny-transformer-normal-11,0.0086274025961756,0.0143609894439578,0.0143609894439578,0.002,0.0089387008920311,58.00725555419922,288,True
torch_suite,normal_11,225,tiny-transformer-normal-11,0.0084378123283386,0.0139671675860881,0.0139671666547656,0.002,0.0089013315737247,58.00722503662109,288,True
torch_suite,normal_11,226,tiny-transformer-normal-11,0.0084074148908257,0.0138348126783967,0.0138348136097192,0.002,0.0088295936584472,58.0071907043457,288,True
torch_suite,normal_11,227,tiny-transformer-normal-11,0.0083610666915774,0.0139527218416333,0.0139527218416333,0.002,0.0087597742676734,58.00716400146485,288,True
torch_suite,normal_11,228,tiny-transformer-normal-11,0.0082341246306896,0.0136483367532491,0.0136483367532491,0.002,0.00868328101933,58.00711441040039,288,True
torch_suite,normal_11,229,tiny-transformer-normal-11,0.0082263173535466,0.0135426633059978,0.0135426633059978,0.002,0.0086801862344145,58.00706100463867,288,True
torch_suite,normal_11,230,tiny-transformer-normal-11,0.0081536183133721,0.0135278571397066,0.0135278571397066,0.002,0.00859902985394,58.00700378417969,288,True
torch_suite,normal_11,231,tiny-transformer-normal-11,0.0080766258761286,0.0135265486314892,0.0135265486314892,0.002,0.0086040766909718,58.00693893432617,288,True
torch_suite,normal_11,232,tiny-transformer-normal-11,0.0080975061282515,0.0137167945504188,0.0137167954817414,0.002,0.0085964556783437,58.006866455078125,288,True
torch_suite,normal_11,233,tiny-transformer-normal-11,0.0080427825450897,0.0132978875190019,0.0132978875190019,0.002,0.0085185449570417,58.006797790527344,288,True
torch_suite,normal_11,234,tiny-transformer-normal-11,0.0079875979572534,0.0137625634670257,0.0137625634670257,0.002,0.0086109340190887,58.006717681884766,288,True
torch_suite,normal_11,235,tiny-transformer-normal-11,0.0079433526843786,0.0131383324041962,0.0131383324041962,0.002,0.0086248600855469,58.00663375854492,288,True
torch_suite,normal_11,236,tiny-transformer-normal-11,0.007832309231162,0.013146897777915,0.013146897777915,0.002,0.008608441799879,58.00655364990234,288,True
torch_suite,normal_11,237,tiny-transformer-normal-11,0.0077394810505211,0.0129214758053421,0.0129214758053421,0.002,0.0085396878421306,58.0064582824707,288,True
torch_suite,normal_11,238,tiny-transformer-normal-11,0.0076185027137398,0.0128427380695939,0.0128427390009164,0.002,0.0084763774648308,58.0063705444336,288,True
torch_suite,normal_11,239,tiny-transformer-normal-11,0.0077882912009954,0.0130405724048614,0.0130405724048614,0.002,0.0084727965295314,58.00627517700195,288,True
torch_suite,normal_11,240,tiny-transformer-normal-11,0.0076405992731451,0.0127164833247661,0.0127164833247661,0.002,0.0083690173923969,58.00617599487305,288,True
torch_suite,normal_11,241,tiny-transformer-normal-11,0.0074860453605651,0.0125221908092498,0.012522192671895,0.002,0.0082255648449063,58.00606918334961,288,True
torch_suite,normal_11,242,tiny-transformer-normal-11,0.007520655170083,0.0124914795160293,0.0124914795160293,0.002,0.0081466538831591,58.00596237182617,288,True
torch_suite,normal_11,243,tiny-transformer-normal-11,0.0074884453788399,0.0124585935845971,0.0124585935845971,0.002,0.0081296283751726,58.0058479309082,288,True
torch_suite,normal_11,244,tiny-transformer-normal-11,0.0073093380779027,0.01216606143862,0.0121660623699426,0.002,0.0080902799963951,58.00573348999024,288,True
torch_suite,normal_11,245,tiny-transformer-normal-11,0.0073638027533888,0.012455366551876,0.012455366551876,0.002,0.0080975368618965,58.0056037902832,288,True
torch_suite,normal_11,246,tiny-transformer-normal-11,0.0072815641760826,0.0123440353199839,0.0123440362513065,0.002,0.0080900574102997,58.005470275878906,288,True
torch_suite,normal_11,247,tiny-transformer-normal-11,0.0072025600820779,0.0119983712211251,0.0119983702898025,0.002,0.0080889277160167,58.005332946777344,288,True
torch_suite,normal_11,248,tiny-transformer-normal-11,0.0072266045026481,0.0120952781289815,0.012095277197659,0.002,0.0080466037616133,58.00519180297852,288,True
torch_suite,normal_11,249,tiny-transformer-normal-11,0.0071824765764176,0.0121144000440835,0.012114399112761,0.002,0.0080022420734167,58.00503540039063,288,True
torch_suite,normal_11,250,tiny-transformer-normal-11,0.0071831280365586,0.0120150642469525,0.0120150642469525,0.002,0.0079547706991434,58.0048828125,288,True
torch_suite,normal_11,251,tiny-transformer-normal-11,0.0070500448346138,0.0119161317124962,0.0119161307811737,0.002,0.0078781647607684,58.004730224609375,288,True
torch_suite,normal_11,252,tiny-transformer-normal-11,0.0070568323135375,0.0118022784590721,0.0118022775277495,0.002,0.007867588661611,58.00456237792969,288,True
torch_suite,normal_11,253,tiny-transformer-normal-11,0.0069252764806151,0.011640396900475,0.0116403959691524,0.002,0.0078113013878464,58.00440216064453,288,True
torch_suite,normal_11,254,tiny-transformer-normal-11,0.0069061638787388,0.011507548391819,0.011507548391819,0.002,0.0077671906910836,58.00423049926758,288,True
torch_suite,normal_11,255,tiny-transformer-normal-11,0.0069274916313588,0.0116763971745967,0.0116763981059193,0.002,0.0077409804798662,58.00405502319336,288,True
torch_suite,normal_11,256,tiny-transformer-normal-11,0.0068665030412375,0.0115798721089959,0.0115798711776733,0.002,0.0077112521976232,58.00387954711914,288,True
torch_suite,normal_11,257,tiny-transformer-normal-11,0.0067850411869585,0.0113364588469266,0.0113364588469266,0.002,0.0076109715737402,58.00368881225586,288,True
torch_suite,normal_11,258,tiny-transformer-normal-11,0.0067511410452425,0.0113661484792828,0.0113661475479602,0.002,0.0076319850049912,58.00350189208984,288,True
torch_suite,normal_11,259,tiny-transformer-normal-11,0.0067334221675992,0.0113128591328859,0.0113128600642085,0.002,0.0075866035185754,58.00331115722656,288,True
torch_suite,normal_11,260,tiny-transformer-normal-11,0.0065954029560089,0.0113983694463968,0.0113983703777194,0.002,0.0075723882764577,58.00311279296875,288,True
torch_suite,normal_11,261,tiny-transformer-normal-11,0.0066412817686796,0.0111658070236444,0.0111658070236444,0.002,0.0075409272685647,58.002906799316406,288,True
torch_suite,normal_11,262,tiny-transformer-normal-11,0.0066059087403118,0.0111320530995726,0.0111320530995726,0.002,0.0074788504280149,58.0026969909668,288,True
torch_suite,normal_11,263,tiny-transformer-normal-11,0.0066217351704835,0.0112562952563166,0.0112562952563166,0.002,0.0074514807201921,58.00248718261719,288,True
torch_suite,normal_11,264,tiny-transformer-normal-11,0.0065923822112381,0.0113455895334482,0.0113455895334482,0.002,0.0075177336111664,58.00227737426758,288,True
torch_suite,normal_11,265,tiny-transformer-normal-11,0.006489654071629,0.010857586748898,0.010857586748898,0.002,0.0074686370790004,58.00205612182617,288,True
torch_suite,normal_11,266,tiny-transformer-normal-11,0.0063970768824219,0.0107974652200937,0.0107974661514163,0.002,0.0074087991379201,58.001834869384766,288,True
torch_suite,normal_11,267,tiny-transformer-normal-11,0.0064349500462412,0.0107780843973159,0.0107780853286385,0.002,0.0073898467235267,58.00160598754883,288,True
torch_suite,normal_11,268,tiny-transformer-normal-11,0.0063888099975883,0.0107043422758579,0.0107043432071805,0.002,0.0073804021812975,58.001373291015625,288,True
torch_suite,normal_11,269,tiny-transformer-normal-11,0.0063579129055142,0.0107614379376173,0.0107614379376173,0.002,0.0074323047883808,58.00114059448242,288,True
torch_suite,normal_11,270,tiny-transformer-normal-11,0.006337393540889,0.0107323052361607,0.0107323052361607,0.002,0.0074042743071913,58.000919342041016,288,True
torch_suite,normal_11,271,tiny-transformer-normal-11,0.0061793364584445,0.0105087347328662,0.0105087347328662,0.002,0.0072890128940343,58.000675201416016,288,True
torch_suite,normal_11,272,tiny-transformer-normal-11,0.0063031446188688,0.0107534239068627,0.0107534239068627,0.002,0.0073373839259147,58.000431060791016,288,True
torch_suite,normal_11,273,tiny-transformer-normal-11,0.0062515479512512,0.0106731383129954,0.0106731373816728,0.002,0.0073868045583367,58.00017929077149,288,True
torch_suite,normal_11,274,tiny-transformer-normal-11,0.006170542910695,0.0107124326750636,0.0107124326750636,0.002,0.0074006156064569,57.99993133544922,288,True
torch_suite,normal_11,275,tiny-transformer-normal-11,0.0061293863691389,0.0103361112996935,0.0103361122310161,0.002,0.0073043806478381,57.99967956542969,288,True
torch_suite,normal_11,276,tiny-transformer-normal-11,0.0060900468379259,0.01029768679291,0.0102976877242326,0.002,0.0072388951666653,57.99941635131836,288,True
torch_suite,normal_11,277,tiny-transformer-normal-11,0.0060447547584772,0.0102097503840923,0.0102097503840923,0.002,0.0071698757819831,57.99915313720703,288,True
torch_suite,normal_11,278,tiny-transformer-normal-11,0.0060836630873382,0.0103996712714433,0.0103996712714433,0.002,0.0071590160951018,57.99888229370117,288,True
torch_suite,normal_11,279,tiny-transformer-normal-11,0.0060216132551431,0.0102313738316297,0.0102313738316297,0.002,0.0070852567441761,57.99861145019531,288,True
torch_suite,normal_11,280,tiny-transformer-normal-11,0.0059997714124619,0.0102185839787125,0.0102185839787125,0.002,0.007116132415831,57.998348236083984,288,True
torch_suite,normal_11,281,tiny-transformer-normal-11,0.0059153311885893,0.0100459018722176,0.0100459018722176,0.002,0.0070650586858391,57.99806594848633,288,True
torch_suite,normal_11,282,tiny-transformer-normal-11,0.0059045944362878,0.01016316562891,0.01016316562891,0.002,0.0070478031411767,57.997802734375,288,True
torch_suite,normal_11,283,tiny-transformer-normal-11,0.0058695417828857,0.0100658135488629,0.0100658144801855,0.002,0.0070162662304937,57.99753189086914,288,True
torch_suite,normal_11,284,tiny-transformer-normal-11,0.0058207982219755,0.009884800761938,0.0098848016932606,0.002,0.0069902096875011,57.99725341796875,288,True
torch_suite,normal_11,285,tiny-transformer-normal-11,0.0058822506107389,0.0101578356698155,0.0101578356698155,0.002,0.0070326970890164,57.99698638916016,288,True
torch_suite,normal_11,286,tiny-transformer-normal-11,0.0057865330018103,0.0100434571504592,0.0100434562191367,0.002,0.0070076282136142,57.996700286865234,288,True
torch_suite,normal_11,287,tiny-transformer-normal-11,0.005706796888262,0.0096739754080772,0.0096739763393998,0.002,0.0069366781972348,57.99641799926758,288,True
torch_suite,normal_11,288,tiny-transformer-normal-11,0.0056559755466878,0.0097679682075977,0.0097679682075977,0.002,0.0068032215349376,57.996124267578125,288,True
torch_suite,normal_11,289,tiny-transformer-normal-11,0.0057268557138741,0.0098370034247636,0.0098370024934411,0.002,0.0068867383524775,57.99584197998047,288,True
torch_suite,normal_11,290,tiny-transformer-normal-11,0.00567237008363,0.0097550880163908,0.0097550880163908,0.002,0.0069117457605898,57.99555969238281,288,True
torch_suite,normal_11,291,tiny-transformer-normal-11,0.0055525214411318,0.0093855895102024,0.0093855895102024,0.002,0.006825353950262,57.99528121948242,288,True
torch_suite,normal_11,292,tiny-transformer-normal-11,0.0055530625395476,0.0095121916383504,0.0095121916383504,0.002,0.006856485735625,57.99499130249024,288,True
torch_suite,normal_11,293,tiny-transformer-normal-11,0.0055467803031206,0.0094371875748038,0.0094371875748038,0.002,0.006895347032696,57.99470901489258,288,True
torch_suite,normal_11,294,tiny-transformer-normal-11,0.0055200480856001,0.0094363754615187,0.0094363754615187,0.002,0.0068147936835885,57.994422912597656,288,True
torch_suite,normal_11,295,tiny-transformer-normal-11,0.0054989834316074,0.0093174688518047,0.0093174679204821,0.002,0.0067960647866129,57.99412536621094,288,True
torch_suite,normal_11,296,tiny-transformer-normal-11,0.005438866559416,0.0092371786013245,0.0092371786013245,0.002,0.006783238146454,57.99383163452149,288,True
torch_suite,normal_11,297,tiny-transformer-normal-11,0.005445699673146,0.0093049211427569,0.0093049211427569,0.002,0.0067839436233043,57.99353790283203,288,True
torch_suite,normal_11,298,tiny-transformer-normal-11,0.0053568985313177,0.0092561887577176,0.0092561887577176,0.002,0.0067156217992305,57.99323654174805,288,True
torch_suite,normal_11,299,tiny-transformer-normal-11,0.005388026125729,0.0091597847640514,0.0091597847640514,0.002,0.0067052827216684,57.99292755126953,288,True
torch_suite,normal_11,300,tiny-transformer-normal-11,0.0053131366148591,0.0090699093416333,0.0090699093416333,0.002,0.0065995901823043,57.99261474609375,288,True
torch_suite,normal_11,301,tiny-transformer-normal-11,0.005263474304229,0.0090386131778359,0.0090386131778359,0.002,0.0065273530781269,57.99230194091797,288,True
torch_suite,normal_11,302,tiny-transformer-normal-11,0.0052263978868722,0.0090472865849733,0.0090472865849733,0.002,0.0064673605374991,57.99198913574219,288,True
torch_suite,normal_11,303,tiny-transformer-normal-11,0.0052043329924345,0.0088737858459353,0.0088737858459353,0.002,0.0064519988372921,57.991676330566406,288,True
torch_suite,normal_11,304,tiny-transformer-normal-11,0.005202725995332,0.0089049702510237,0.0089049711823463,0.002,0.006430507171899,57.99134826660156,288,True
torch_suite,normal_11,305,tiny-transformer-normal-11,0.0051798140630126,0.0088747460395097,0.0088747460395097,0.002,0.0064349928870797,57.991024017333984,288,True
torch_suite,normal_11,306,tiny-transformer-normal-11,0.0051126470789313,0.0086775030940771,0.0086775030940771,0.002,0.0063768234103918,57.99069595336914,288,True
torch_suite,normal_11,307,tiny-transformer-normal-11,0.0051015452481806,0.0086967898532748,0.0086967898532748,0.002,0.0063121817074716,57.9903678894043,288,True
torch_suite,normal_11,308,tiny-transformer-normal-11,0.0051382286474108,0.0089528001844882,0.0089528001844882,0.002,0.0063193505629897,57.99003219604492,288,True
torch_suite,normal_11,309,tiny-transformer-normal-11,0.0051128091290593,0.0089813731610775,0.0089813731610775,0.002,0.0064426772296428,57.98969268798828,288,True
torch_suite,normal_11,310,tiny-transformer-normal-11,0.0050802319310605,0.008716600947082,0.008716600947082,0.002,0.0063876342028379,57.98935317993164,288,True
torch_suite,normal_11,311,tiny-transformer-normal-11,0.005039969459176,0.0088274925947189,0.0088274925947189,0.002,0.0062643443234264,57.989017486572266,288,True
torch_suite,normal_11,312,tiny-transformer-normal-11,0.0050428505055606,0.0085895638912916,0.0085895638912916,0.002,0.0062821302562952,57.98867416381836,288,True
torch_suite,normal_11,313,tiny-transformer-normal-11,0.0050040502101182,0.0086908396333456,0.0086908396333456,0.002,0.0062978295609354,57.98832321166992,288,True
torch_suite,normal_11,314,tiny-transformer-normal-11,0.0049862209707498,0.0086479168385267,0.0086479168385267,0.002,0.0062431725673377,57.98797607421875,288,True
torch_suite,normal_11,315,tiny-transformer-normal-11,0.0050164363346993,0.0085897585377097,0.0085897585377097,0.002,0.0062791681848466,57.98762130737305,288,True
torch_suite,normal_11,316,tiny-transformer-normal-11,0.0048964135348796,0.0083705419674515,0.0083705419674515,0.002,0.0062115741893649,57.98726272583008,288,True
torch_suite,normal_11,317,tiny-transformer-normal-11,0.0047815232537686,0.0082494243979454,0.0082494243979454,0.002,0.0060949516482651,57.98691940307617,288,True
torch_suite,normal_11,318,tiny-transformer-normal-11,0.004819924943149,0.0083041805773973,0.0083041805773973,0.002,0.0060454849153757,57.98655700683594,288,True
torch_suite,normal_11,319,tiny-transformer-normal-11,0.0048011867329478,0.0082690883427858,0.0082690892741084,0.002,0.0059997574426233,57.9861946105957,288,True
torch_suite,normal_23,0,tiny-transformer-normal-23,3.6276097297668457,0.9433943033218384,0.9433943033218384,0.002,0.4105424582958221,56.687767028808594,288,True
torch_suite,normal_23,1,tiny-transformer-normal-23,3.5235085487365723,0.9321172833442688,0.9321172833442688,0.002,0.3476955592632293,56.69013977050781,288,True
torch_suite,normal_23,2,tiny-transformer-normal-23,3.4131059646606445,0.939502775669098,0.9395028352737428,0.002,0.3273282051086426,56.69229507446289,288,True
torch_suite,normal_23,3,tiny-transformer-normal-23,3.3329977989196777,0.8899630308151245,0.8899629712104797,0.002,0.3211470544338226,56.69622421264648,288,True
torch_suite,normal_23,4,tiny-transformer-normal-23,3.192019462585449,0.8926843404769897,0.8926843404769897,0.002,0.3198760747909546,56.70078659057617,288,True
torch_suite,normal_23,5,tiny-transformer-normal-23,3.081287145614624,0.9015641808509828,0.9015640616416932,0.002,0.3170869946479797,56.706729888916016,288,True
torch_suite,normal_23,6,tiny-transformer-normal-23,2.9301562309265137,0.8744901418685913,0.8744901418685913,0.002,0.3155622184276581,56.71419906616211,288,True
torch_suite,normal_23,7,tiny-transformer-normal-23,2.8331968784332275,0.8767622113227844,0.8767621517181396,0.002,0.3143445551395416,56.7231330871582,288,True
torch_suite,normal_23,8,tiny-transformer-normal-23,2.686567783355713,0.9016565084457396,0.9016565084457396,0.002,0.3142050504684448,56.73352813720703,288,True
torch_suite,normal_23,9,tiny-transformer-normal-23,2.637825489044189,0.8896008133888245,0.8896008133888245,0.002,0.3115968704223633,56.746002197265625,288,True
torch_suite,normal_23,10,tiny-transformer-normal-23,2.4735219478607178,0.8813136219978333,0.8813136219978333,0.002,0.3108148574829101,56.75991439819336,288,True
torch_suite,normal_23,11,tiny-transformer-normal-23,2.336110115051269,0.8934393525123596,0.8934393525123596,0.002,0.3104643821716308,56.77549362182617,288,True
torch_suite,normal_23,12,tiny-transformer-normal-23,2.2695624828338623,0.8695146441459656,0.8695146441459656,0.002,0.3101130723953247,56.79289627075195,288,True
torch_suite,normal_23,13,tiny-transformer-normal-23,2.170757532119751,0.8702973127365112,0.8702973127365112,0.002,0.3097862899303436,56.811859130859375,288,True
torch_suite,normal_23,14,tiny-transformer-normal-23,2.038109064102173,0.8478051424026489,0.8478050231933594,0.002,0.3077722489833832,56.832401275634766,288,True
torch_suite,normal_23,15,tiny-transformer-normal-23,1.91733717918396,0.8330925703048706,0.8330926299095154,0.002,0.306967169046402,56.85447311401367,288,True
torch_suite,normal_23,16,tiny-transformer-normal-23,1.7986499071121216,0.8512418866157532,0.8512418270111084,0.002,0.3051356077194214,56.87799453735352,288,True
torch_suite,normal_23,17,tiny-transformer-normal-23,1.711917281150818,0.8277096748352051,0.8277096748352051,0.002,0.3025973439216614,56.9027214050293,288,True
torch_suite,normal_23,18,tiny-transformer-normal-23,1.5448100566864014,0.8107327818870544,0.8107327222824097,0.002,0.298077791929245,56.92855453491211,288,True
torch_suite,normal_23,19,tiny-transformer-normal-23,1.495491623878479,0.7807819247245789,0.7807819843292236,0.002,0.2952693104743957,56.95549011230469,288,True
torch_suite,normal_23,20,tiny-transformer-normal-23,1.3828482627868652,0.7816833853721619,0.7816834449768066,0.002,0.2887930572032928,56.98334884643555,288,True
torch_suite,normal_23,21,tiny-transformer-normal-23,1.2573928833007812,0.7429937124252319,0.7429937720298767,0.002,0.2844626307487488,57.01155853271485,288,True
torch_suite,normal_23,22,tiny-transformer-normal-23,1.234864592552185,0.7704319953918457,0.7704319953918457,0.002,0.2792809605598449,57.04007339477539,288,True
torch_suite,normal_23,23,tiny-transformer-normal-23,1.1570972204208374,0.7145007848739624,0.7145007848739624,0.002,0.2771740257740021,57.06867599487305,288,True
torch_suite,normal_23,24,tiny-transformer-normal-23,1.0506399869918823,0.7039489150047302,0.7039489150047302,0.002,0.2718775868415832,57.09769821166992,288,True
torch_suite,normal_23,25,tiny-transformer-normal-23,1.0085550546646118,0.6642275452613831,0.6642274856567383,0.002,0.2686666250228882,57.12690734863281,288,True
torch_suite,normal_23,26,tiny-transformer-normal-23,0.9137165546417236,0.6343891620635986,0.6343891620635986,0.002,0.2657225728034973,57.15611267089844,288,True
torch_suite,normal_23,27,tiny-transformer-normal-23,0.8527095317840576,0.6275124549865723,0.627512514591217,0.002,0.2616309225559234,57.1851921081543,288,True
torch_suite,normal_23,28,tiny-transformer-normal-23,0.7906649708747864,0.6100232005119324,0.6100232005119324,0.002,0.2569380700588226,57.214134216308594,288,True
torch_suite,normal_23,29,tiny-transformer-normal-23,0.7638272047042847,0.616054356098175,0.6160542964935303,0.002,0.2515219449996948,57.24280548095703,288,True
torch_suite,normal_23,30,tiny-transformer-normal-23,0.6590471267700195,0.5456637740135193,0.5456637740135193,0.002,0.2457378506660461,57.27101516723633,288,True
torch_suite,normal_23,31,tiny-transformer-normal-23,0.6239961385726929,0.5233012437820435,0.5233013033866882,0.002,0.2395776212215423,57.2988395690918,288,True
torch_suite,normal_23,32,tiny-transformer-normal-23,0.5873861908912659,0.5063498616218567,0.5063498616218567,0.002,0.23366180062294,57.32635498046875,288,True
torch_suite,normal_23,33,tiny-transformer-normal-23,0.5074407458305359,0.465777575969696,0.4657776057720184,0.002,0.2272444814443588,57.35331344604492,288,True
torch_suite,normal_23,34,tiny-transformer-normal-23,0.5143111944198608,0.4620817601680755,0.4620817303657532,0.002,0.2214569896459579,57.37972259521485,288,True
torch_suite,normal_23,35,tiny-transformer-normal-23,0.4654357135295868,0.4416326284408569,0.4416326582431793,0.002,0.2154500037431717,57.4054069519043,288,True
torch_suite,normal_23,36,tiny-transformer-normal-23,0.4243084490299225,0.4172965586185455,0.4172965884208679,0.002,0.2087417393922805,57.4304084777832,288,True
torch_suite,normal_23,37,tiny-transformer-normal-23,0.3963024020195007,0.3930486738681793,0.3930486738681793,0.002,0.2024292647838592,57.45458221435547,288,True
torch_suite,normal_23,38,tiny-transformer-normal-23,0.3651111721992492,0.3814460337162018,0.3814460337162018,0.002,0.1962472051382064,57.47805404663086,288,True
torch_suite,normal_23,39,tiny-transformer-normal-23,0.330163836479187,0.3482644557952881,0.3482644259929657,0.002,0.1897277235984802,57.500885009765625,288,True
torch_suite,normal_23,40,tiny-transformer-normal-23,0.3160684108734131,0.3348014950752258,0.3348014950752258,0.002,0.183829665184021,57.52292251586914,288,True
torch_suite,normal_23,41,tiny-transformer-normal-23,0.2982149422168731,0.3249019980430603,0.3249019980430603,0.002,0.1782241910696029,57.54426193237305,288,True
torch_suite,normal_23,42,tiny-transformer-normal-23,0.2663232684135437,0.3094407916069031,0.3094407916069031,0.002,0.1718562543392181,57.564884185791016,288,True
torch_suite,normal_23,43,tiny-transformer-normal-23,0.2527577877044678,0.2875559329986572,0.2875559329986572,0.002,0.1652927547693252,57.58475875854492,288,True
torch_suite,normal_23,44,tiny-transformer-normal-23,0.2281175255775451,0.2587572634220123,0.2587572634220123,0.002,0.1584350615739822,57.60395050048828,288,True
torch_suite,normal_23,45,tiny-transformer-normal-23,0.2157036215066909,0.2519584596157074,0.2519584596157074,0.002,0.1523632109165191,57.62241744995117,288,True
torch_suite,normal_23,46,tiny-transformer-normal-23,0.2093345075845718,0.2493362426757812,0.24933622777462,0.002,0.1471524834632873,57.64017105102539,288,True
torch_suite,normal_23,47,tiny-transformer-normal-23,0.1853250116109848,0.2188550531864166,0.2188550680875778,0.002,0.1407523155212402,57.65723037719727,288,True
torch_suite,normal_23,48,tiny-transformer-normal-23,0.1724955588579177,0.2122687995433807,0.2122688144445419,0.002,0.1346246749162674,57.67350006103516,288,True
torch_suite,normal_23,49,tiny-transformer-normal-23,0.1631504148244857,0.1997559964656829,0.1997560113668441,0.002,0.1287462711334228,57.68901443481445,288,True
torch_suite,normal_23,50,tiny-transformer-normal-23,0.1544899195432663,0.1903311014175415,0.1903310865163803,0.002,0.1236587241291999,57.70379257202149,288,True
torch_suite,normal_23,51,tiny-transformer-normal-23,0.1499919295310974,0.1849090158939361,0.1849090009927749,0.002,0.1186908632516861,57.717918395996094,288,True
torch_suite,normal_23,52,tiny-transformer-normal-23,0.1426259577274322,0.180279791355133,0.1802797764539718,0.002,0.1142501160502433,57.73133087158203,288,True
torch_suite,normal_23,53,tiny-transformer-normal-23,0.1285612136125564,0.1627544313669204,0.1627544313669204,0.002,0.109418474137783,57.74407958984375,288,True
torch_suite,normal_23,54,tiny-transformer-normal-23,0.1268820762634277,0.1636936366558075,0.1636936366558075,0.002,0.105524830520153,57.75621032714844,288,True
torch_suite,normal_23,55,tiny-transformer-normal-23,0.1170871630311012,0.1512186229228973,0.1512186080217361,0.002,0.1012571156024932,57.76774978637695,288,True
torch_suite,normal_23,56,tiny-transformer-normal-23,0.1121673285961151,0.1507505178451538,0.150750532746315,0.002,0.0970252528786659,57.77870178222656,288,True
torch_suite,normal_23,57,tiny-transformer-normal-23,0.1063693687319755,0.1394151598215103,0.1394151747226715,0.002,0.0930492579936981,57.78897476196289,288,True
torch_suite,normal_23,58,tiny-transformer-normal-23,0.1028125137090683,0.1360320150852203,0.1360320150852203,0.002,0.0896091908216476,57.798709869384766,288,True
torch_suite,normal_23,59,tiny-transformer-normal-23,0.0960395559668541,0.1281718313694,0.1281718313694,0.002,0.085791029036045,57.80794525146485,288,True
torch_suite,normal_23,60,tiny-transformer-normal-23,0.0917154401540756,0.1247909888625145,0.124790996313095,0.002,0.0824178308248519,57.81669235229492,288,True
torch_suite,normal_23,61,tiny-transformer-normal-23,0.0879360139369964,0.1192979142069816,0.1192979142069816,0.002,0.0792158097028732,57.82501602172852,288,True
torch_suite,normal_23,62,tiny-transformer-normal-23,0.084003172814846,0.1152781471610069,0.1152781471610069,0.002,0.0761408358812332,57.83287811279297,288,True
torch_suite,normal_23,63,tiny-transformer-normal-23,0.0818927362561225,0.111551932990551,0.111551932990551,0.002,0.0736495181918144,57.84039688110352,288,True
torch_suite,normal_23,64,tiny-transformer-normal-23,0.0784611478447914,0.109464943408966,0.1094649285078048,0.002,0.0709547325968742,57.84749984741211,288,True
torch_suite,normal_23,65,tiny-transformer-normal-23,0.0733198747038841,0.1029707193374633,0.1029707193374633,0.002,0.0680760815739631,57.8542366027832,288,True
torch_suite,normal_23,66,tiny-transformer-normal-23,0.0702591836452484,0.0958063155412674,0.0958063080906868,0.002,0.065383031964302,57.86062240600586,288,True
torch_suite,normal_23,67,tiny-transformer-normal-23,0.069589652121067,0.0964872539043426,0.0964872539043426,0.002,0.0632455721497535,57.86667251586914,288,True
torch_suite,normal_23,68,tiny-transformer-normal-23,0.0686002224683761,0.09607595205307,0.09607595205307,0.002,0.0611727684736251,57.87242126464844,288,True
torch_suite,normal_23,69,tiny-transformer-normal-23,0.0644768700003624,0.0953465327620506,0.0953465327620506,0.002,0.0590313486754894,57.87787628173828,288,True
torch_suite,normal_23,70,tiny-transformer-normal-23,0.0629173591732978,0.0874969512224197,0.0874969512224197,0.002,0.0573279112577438,57.88311004638672,288,True
torch_suite,normal_23,71,tiny-transformer-normal-23,0.0607857964932918,0.0848836302757263,0.0848836302757263,0.002,0.0554740950465202,57.88808441162109,288,True
torch_suite,normal_23,72,tiny-transformer-normal-23,0.0588031932711601,0.0856461971998214,0.0856461971998214,0.002,0.0536739453673362,57.89284896850586,288,True
torch_suite,normal_23,73,tiny-transformer-normal-23,0.054778091609478,0.0781572759151458,0.0781572759151458,0.002,0.0517725199460983,57.89739608764648,288,True
torch_suite,normal_23,74,tiny-transformer-normal-23,0.0559295676648616,0.0788901895284652,0.0788901895284652,0.002,0.0501592941582202,57.90172576904297,288,True
torch_suite,normal_23,75,tiny-transformer-normal-23,0.052737969905138,0.0751045122742652,0.0751045197248458,0.002,0.0486367829144001,57.90586471557617,288,True
torch_suite,normal_23,76,tiny-transformer-normal-23,0.0517055504024028,0.073463000357151,0.073463000357151,0.002,0.0471152998507022,57.9097785949707,288,True
torch_suite,normal_23,77,tiny-transformer-normal-23,0.0498718991875648,0.0714816376566886,0.0714816376566886,0.002,0.0457518100738525,57.91351318359375,288,True
torch_suite,normal_23,78,tiny-transformer-normal-23,0.048275027424097,0.0696050748229026,0.0696050748229026,0.002,0.0440948419272899,57.91708755493164,288,True
torch_suite,normal_23,79,tiny-transformer-normal-23,0.0478487126529216,0.0692058801651001,0.0692058801651001,0.002,0.0427340939640998,57.920501708984375,288,True
torch_suite,normal_23,80,tiny-transformer-normal-23,0.0455459058284759,0.0672727674245834,0.067272774875164,0.002,0.0415116399526596,57.92380142211914,288,True
torch_suite,normal_23,81,tiny-transformer-normal-23,0.045158002525568,0.0662235170602798,0.0662235170602798,0.002,0.0402793362736702,57.92695236206055,288,True
torch_suite,normal_23,82,tiny-transformer-normal-23,0.0446060672402381,0.0654459819197654,0.0654459819197654,0.002,0.039282239973545,57.929954528808594,288,True
torch_suite,normal_23,83,tiny-transformer-normal-23,0.0422941297292709,0.061212059110403,0.0612120665609836,0.002,0.0381430834531784,57.93281555175781,288,True
torch_suite,normal_23,84,tiny-transformer-normal-23,0.0431053563952446,0.0627920925617218,0.0627920925617218,0.002,0.0371387973427772,57.9355697631836,288,True
torch_suite,normal_23,85,tiny-transformer-normal-23,0.0410898886620998,0.0611307583749294,0.0611307546496391,0.002,0.0363155975937843,57.93822479248047,288,True
torch_suite,normal_23,86,tiny-transformer-normal-23,0.0405249372124671,0.0598331540822982,0.0598331578075885,0.002,0.0354298241436481,57.94080352783203,288,True
torch_suite,normal_23,87,tiny-transformer-normal-23,0.0389673933386802,0.0584358908236026,0.0584358908236026,0.002,0.0344693735241889,57.94328308105469,288,True
torch_suite,normal_23,88,tiny-transformer-normal-23,0.0390645787119865,0.0569399558007717,0.0569399558007717,0.002,0.0337389297783374,57.94567489624024,288,True
torch_suite,normal_23,89,tiny-transformer-normal-23,0.0374059900641441,0.0549445636570453,0.0549445636570453,0.002,0.0329011194407939,57.94798278808594,288,True
torch_suite,normal_23,90,tiny-transformer-normal-23,0.0362592488527298,0.053369715809822,0.053369715809822,0.002,0.0319893360137939,57.9502067565918,288,True
torch_suite,normal_23,91,tiny-transformer-normal-23,0.0356444530189037,0.0536507330834865,0.0536507330834865,0.002,0.0311531797051429,57.95235443115234,288,True
torch_suite,normal_23,92,tiny-transformer-normal-23,0.0349460020661354,0.0518071465194225,0.0518071502447128,0.002,0.0304258558899164,57.95441818237305,288,True
torch_suite,normal_23,93,tiny-transformer-normal-23,0.0347732864320278,0.0511541292071342,0.0511541292071342,0.002,0.0296981744468212,57.956390380859375,288,True
torch_suite,normal_23,94,tiny-transformer-normal-23,0.0337881967425346,0.0504546649754047,0.0504546649754047,0.002,0.0291433725506067,57.95831298828125,288,True
torch_suite,normal_23,95,tiny-transformer-normal-23,0.0326414443552494,0.0483102798461914,0.0483102761209011,0.002,0.028486218303442,57.96018981933594,288,True
torch_suite,normal_23,96,tiny-transformer-normal-23,0.0324364453554153,0.0480056405067443,0.0480056405067443,0.002,0.0279385205358266,57.96199035644531,288,True
torch_suite,normal_23,97,tiny-transformer-normal-23,0.032107800245285,0.0486740730702877,0.0486740730702877,0.002,0.0273473970592021,57.96371841430664,288,True
torch_suite,normal_23,98,tiny-transformer-normal-23,0.0313425213098526,0.047175720334053,0.047175720334053,0.002,0.026846956461668,57.96539688110352,288,True
torch_suite,normal_23,99,tiny-transformer-normal-23,0.03024747595191,0.0463843420147895,0.0463843457400798,0.002,0.0263840015977621,57.96703338623047,288,True
torch_suite,normal_23,100,tiny-transformer-normal-23,0.030785659328103,0.0463814213871955,0.0463814251124858,0.002,0.0260004512965679,57.9686279296875,288,True
torch_suite,normal_23,101,tiny-transformer-normal-23,0.0298206117004156,0.0452579706907272,0.0452579706907272,0.002,0.0256619565188884,57.97017288208008,288,True
torch_suite,normal_23,102,tiny-transformer-normal-23,0.0288930963724851,0.0443888306617736,0.0443888306617736,0.002,0.0252762902528047,57.9716911315918,288,True
torch_suite,normal_23,103,tiny-transformer-normal-23,0.0279484000056982,0.0418090373277664,0.0418090410530567,0.002,0.024822074919939,57.9731559753418,288,True
torch_suite,normal_23,104,tiny-transformer-normal-23,0.0280430056154727,0.0426187664270401,0.0426187664270401,0.002,0.0245170183479785,57.97456359863281,288,True
torch_suite,normal_23,105,tiny-transformer-normal-23,0.0276417136192321,0.0417303778231143,0.0417303778231143,0.002,0.0240642521530389,57.97592544555664,288,True
torch_suite,normal_23,106,tiny-transformer-normal-23,0.0277427062392234,0.0417075641453266,0.0417075641453266,0.002,0.0238542407751083,57.97726440429688,288,True
torch_suite,normal_23,107,tiny-transformer-normal-23,0.0270134098827838,0.0422649458050727,0.0422649458050727,0.002,0.0235431939363479,57.97856903076172,288,True
torch_suite,normal_23,108,tiny-transformer-normal-23,0.0264782905578613,0.0407276600599288,0.0407276563346385,0.002,0.0231851227581501,57.9798469543457,288,True
torch_suite,normal_23,109,tiny-transformer-normal-23,0.025918498635292,0.0398204512894153,0.0398204512894153,0.002,0.0227930340915918,57.9810905456543,288,True
torch_suite,normal_23,110,tiny-transformer-normal-23,0.0253334157168865,0.0382878333330154,0.0382878333330154,0.002,0.0222493689507246,57.98231887817383,288,True
torch_suite,normal_23,111,tiny-transformer-normal-23,0.0246271509677171,0.0373540893197059,0.0373540893197059,0.002,0.0218513775616884,57.98350524902344,288,True
torch_suite,normal_23,112,tiny-transformer-normal-23,0.0249264817684888,0.0382873453199863,0.038287341594696,0.002,0.0216918736696243,57.98466110229492,288,True
torch_suite,normal_23,113,tiny-transformer-normal-23,0.0245848894119262,0.0373407267034053,0.037340722978115,0.002,0.021458638831973,57.98577499389648,288,True
torch_suite,normal_23,114,tiny-transformer-normal-23,0.0242238920181989,0.038293108344078,0.038293108344078,0.002,0.0214383732527494,57.98686599731445,288,True
torch_suite,normal_23,115,tiny-transformer-normal-23,0.0236122477799654,0.0363896563649177,0.0363896563649177,0.002,0.0208960976451635,57.98793411254883,288,True
torch_suite,normal_23,116,tiny-transformer-normal-23,0.0235629808157682,0.0361498817801475,0.0361498855054378,0.002,0.0204238314181566,57.98896026611328,288,True
torch_suite,normal_23,117,tiny-transformer-normal-23,0.0230804607272148,0.0354408659040927,0.0354408659040927,0.002,0.0201434157788753,57.989933013916016,288,True
torch_suite,normal_23,118,tiny-transformer-normal-23,0.0227048061788082,0.0354079753160476,0.0354079753160476,0.002,0.0199673660099506,57.99089813232422,288,True
torch_suite,normal_23,119,tiny-transformer-normal-23,0.0229661241173744,0.0363878570497036,0.0363878570497036,0.002,0.0196571387350559,57.99183654785156,288,True
torch_suite,normal_23,120,tiny-transformer-normal-23,0.0220127925276756,0.034380804747343,0.034380804747343,0.002,0.0194283314049243,57.99276351928711,288,True
torch_suite,normal_23,121,tiny-transformer-normal-23,0.0215700194239616,0.033145148307085,0.033145148307085,0.002,0.0191805996000766,57.9936752319336,288,True
torch_suite,normal_23,122,tiny-transformer-normal-23,0.0213008895516395,0.0329568423330783,0.032956838607788,0.002,0.0189555753022432,57.99454879760742,288,True
torch_suite,normal_23,123,tiny-transformer-normal-23,0.0213790778070688,0.0333044379949569,0.0333044379949569,0.002,0.0189318247139453,57.995399475097656,288,True
torch_suite,normal_23,124,tiny-transformer-normal-23,0.0206313226372003,0.0320991575717926,0.0320991575717926,0.002,0.0186854638159275,57.99623107910156,288,True
torch_suite,normal_23,125,tiny-transformer-normal-23,0.0202601440250873,0.0315260961651802,0.0315260961651802,0.002,0.0182737242430448,57.997032165527344,288,True
torch_suite,normal_23,126,tiny-transformer-normal-23,0.020625727251172,0.0323928706347942,0.0323928706347942,0.002,0.0182517599314451,57.9978141784668,288,True
torch_suite,normal_23,127,tiny-transformer-normal-23,0.0200059302151203,0.0310164652764797,0.0310164652764797,0.002,0.0180082246661186,57.99858474731445,288,True
torch_suite,normal_23,128,tiny-transformer-normal-23,0.0200400240719318,0.0308742392808198,0.0308742392808198,0.002,0.0178605616092681,57.99934005737305,288,True
torch_suite,normal_23,129,tiny-transformer-normal-23,0.0194616392254829,0.0308243967592716,0.0308243986219167,0.002,0.0176297035068273,58.00007247924805,288,True
torch_suite,normal_23,130,tiny-transformer-normal-23,0.0196823272854089,0.0311391949653625,0.0311391968280076,0.002,0.0175808407366275,58.00077438354492,288,True
torch_suite,normal_23,131,tiny-transformer-normal-23,0.0189708583056926,0.0302136037498712,0.0302136056125164,0.002,0.0172780659049749,58.0014762878418,288,True
torch_suite,normal_23,132,tiny-transformer-normal-23,0.0191799886524677,0.030076814815402,0.0300768129527568,0.002,0.0171228218823671,58.00215148925781,288,True
torch_suite,normal_23,133,tiny-transformer-normal-23,0.0188715383410453,0.0292466972023248,0.0292466972023248,0.002,0.0169263742864131,58.00281524658203,288,True
torch_suite,normal_23,134,tiny-transformer-normal-23,0.0183484591543674,0.0294790994375944,0.0294790975749492,0.002,0.0167987272143363,58.00346374511719,288,True
torch_suite,normal_23,135,tiny-transformer-normal-23,0.0180245283991098,0.0286207702010869,0.0286207702010869,0.002,0.0165471266955137,58.00410461425781,288,True
torch_suite,normal_23,136,tiny-transformer-normal-23,0.0180500447750091,0.0284924563020467,0.0284924581646919,0.002,0.0165175907313823,58.00472640991211,288,True
torch_suite,normal_23,137,tiny-transformer-normal-23,0.0179181043058633,0.0284277684986591,0.0284277684986591,0.002,0.0164788030087947,58.005348205566406,288,True
torch_suite,normal_23,138,tiny-transformer-normal-23,0.0177124049514532,0.0281494464725255,0.0281494446098804,0.002,0.016353853046894,58.0059700012207,288,True
torch_suite,normal_23,139,tiny-transformer-normal-23,0.0173977799713611,0.0276635289192199,0.0276635289192199,0.002,0.0160948652774095,58.00655746459961,288,True
torch_suite,normal_23,140,tiny-transformer-normal-23,0.0168341603130102,0.0264787245541811,0.0264787245541811,0.002,0.0159421321004629,58.00713348388672,288,True
torch_suite,normal_23,141,tiny-transformer-normal-23,0.0167738664895296,0.0262553766369819,0.0262553784996271,0.002,0.0157927405089139,58.00769805908203,288,True
torch_suite,normal_23,142,tiny-transformer-normal-23,0.0170320495963096,0.0271442849189043,0.0271442867815494,0.002,0.015622773207724,58.008262634277344,288,True
torch_suite,normal_23,143,tiny-transformer-normal-23,0.0163541603833436,0.0259949546307325,0.0259949546307325,0.002,0.0153643628582358,58.0088119506836,288,True
torch_suite,normal_23,144,tiny-transformer-normal-23,0.0162261761724948,0.0256272163242101,0.025627214461565,0.002,0.0151374489068984,58.00933837890625,288,True
torch_suite,normal_23,145,tiny-transformer-normal-23,0.0165077596902847,0.0260926000773906,0.0260926000773906,0.002,0.0150516619905829,58.009857177734375,288,True
torch_suite,normal_23,146,tiny-transformer-normal-23,0.0161439534276723,0.0255236160010099,0.0255236141383647,0.002,0.014965103007853,58.01036071777344,288,True
torch_suite,normal_23,147,tiny-transformer-normal-23,0.0157182421535253,0.025418309494853,0.0254183076322078,0.002,0.0148602603003382,58.010860443115234,288,True
torch_suite,normal_23,148,tiny-transformer-normal-23,0.0161791257560253,0.0260511916130781,0.0260511916130781,0.002,0.0147673888131976,58.01134490966797,288,True
torch_suite,normal_23,149,tiny-transformer-normal-23,0.0156557708978652,0.0248362030833959,0.0248362012207508,0.002,0.0145758539438247,58.01182556152344,288,True
torch_suite,normal_23,150,tiny-transformer-normal-23,0.0153975253924727,0.0250682216137647,0.0250682216137647,0.002,0.0144822718575596,58.012298583984375,288,True
torch_suite,normal_23,151,tiny-transformer-normal-23,0.0155546069145202,0.0245169308036565,0.0245169308036565,0.002,0.0143927866593003,58.01275253295898,288,True
torch_suite,normal_23,152,tiny-transformer-normal-23,0.0148306060582399,0.0235717464238405,0.0235717464238405,0.002,0.0142262149602174,58.0131950378418,288,True
torch_suite,normal_23,153,tiny-transformer-normal-23,0.0147328395396471,0.0232756789773702,0.0232756808400154,0.002,0.0140309957787394,58.01364135742188,288,True
torch_suite,normal_23,154,tiny-transformer-normal-23,0.0146714188158512,0.0232587475329637,0.0232587475329637,0.002,0.013887170702219,58.01404571533203,288,True
torch_suite,normal_23,155,tiny-transformer-normal-23,0.0145245706662535,0.0237496439367532,0.0237496457993984,0.002,0.0138256438076496,58.014442443847656,288,True
torch_suite,normal_23,156,tiny-transformer-normal-23,0.0142261069267988,0.0228942055255174,0.0228942036628723,0.002,0.013619159348309,58.01482391357422,288,True
torch_suite,normal_23,157,tiny-transformer-normal-23,0.0141536658629775,0.0230348408222198,0.0230348389595747,0.002,0.0135130295529961,58.01519393920898,288,True
torch_suite,normal_23,158,tiny-transformer-normal-23,0.014152705669403,0.0224819350987672,0.0224819350987672,0.002,0.0134369526058435,58.01554107666016,288,True
torch_suite,normal_23,159,tiny-transformer-normal-23,0.0142241120338439,0.0230784136801958,0.0230784136801958,0.002,0.013563790358603,58.01588439941406,288,True
torch_suite,normal_23,160,tiny-transformer-normal-23,0.0136844189837574,0.0218016244471073,0.0218016263097524,0.002,0.013323787599802,58.01622009277344,288,True
torch_suite,normal_23,161,tiny-transformer-normal-23,0.013585690408945,0.0218068398535251,0.0218068398535251,0.002,0.0132158622145652,58.01651763916016,288,True
torch_suite,normal_23,162,tiny-transformer-normal-23,0.0136084891855716,0.0217645391821861,0.0217645391821861,0.002,0.0132077215239405,58.01682662963867,288,True
torch_suite,normal_23,163,tiny-transformer-normal-23,0.0135684357956051,0.0218543335795402,0.0218543335795402,0.002,0.0132244899868965,58.0171127319336,288,True
torch_suite,normal_23,164,tiny-transformer-normal-23,0.0132818780839443,0.0210570283234119,0.0210570283234119,0.002,0.0131956273689866,58.01739501953125,288,True
torch_suite,normal_23,165,tiny-transformer-normal-23,0.0129249170422554,0.0208390448242425,0.0208390448242425,0.002,0.0128964036703109,58.01766204833984,288,True
torch_suite,normal_23,166,tiny-transformer-normal-23,0.0129368379712104,0.0206355135887861,0.0206355135887861,0.002,0.0128008285537362,58.01793670654297,288,True
torch_suite,normal_23,167,tiny-transformer-normal-23,0.0127195976674556,0.0206432547420263,0.0206432528793811,0.002,0.0126065714284777,58.01818084716797,288,True
torch_suite,normal_23,168,tiny-transformer-normal-23,0.0127533189952373,0.0205559823662042,0.0205559823662042,0.002,0.0125713543966412,58.0184211730957,288,True
torch_suite,normal_23,169,tiny-transformer-normal-23,0.0126138348132371,0.020163245499134,0.020163245499134,0.002,0.0124586811289191,58.01865768432617,288,True
torch_suite,normal_23,170,tiny-transformer-normal-23,0.01243856549263,0.0201263483613729,0.0201263464987278,0.002,0.0124156791716814,58.018890380859375,288,True
torch_suite,normal_23,171,tiny-transformer-normal-23,0.0123878950253129,0.0203430820256471,0.020343080163002,0.002,0.012514011003077,58.01910781860352,288,True
torch_suite,normal_23,172,tiny-transformer-normal-23,0.0122848991304636,0.0200183279812335,0.0200183279812335,0.002,0.0125181581825017,58.019317626953125,288,True
torch_suite,normal_23,173,tiny-transformer-normal-23,0.0124511662870645,0.0199915170669555,0.0199915170669555,0.002,0.0123451901599764,58.01950073242188,288,True
torch_suite,normal_23,174,tiny-transformer-normal-23,0.0122567079961299,0.0198044069111347,0.0198044050484895,0.002,0.012181868776679,58.01968765258789,288,True
torch_suite,normal_23,175,tiny-transformer-normal-23,0.0119654675945639,0.0191791765391826,0.0191791765391826,0.002,0.0121203195303678,58.01987075805664,288,True
torch_suite,normal_23,176,tiny-transformer-normal-23,0.0118814371526241,0.0192516725510358,0.019251674413681,0.002,0.0120599269866943,58.020050048828125,288,True
torch_suite,normal_23,177,tiny-transformer-normal-23,0.0116404108703136,0.0189969986677169,0.0189969986677169,0.002,0.0119966445490717,58.02023315429688,288,True
torch_suite,normal_23,178,tiny-transformer-normal-23,0.0117799630388617,0.0190243143588304,0.0190243143588304,0.002,0.0119521394371986,58.02040100097656,288,True
torch_suite,normal_23,179,tiny-transformer-normal-23,0.0113296108320355,0.018325138837099,0.018325138837099,0.002,0.0117908585816621,58.02056121826172,288,True
torch_suite,normal_23,180,tiny-transformer-normal-23,0.0114727728068828,0.0189689341932535,0.0189689341932535,0.002,0.0116453878581523,58.02070999145508,288,True
torch_suite,normal_23,181,tiny-transformer-normal-23,0.0113402167335152,0.0183952376246452,0.0183952376246452,0.002,0.0115683181211352,58.02086639404297,288,True
torch_suite,normal_23,182,tiny-transformer-normal-23,0.0112492879852652,0.018155125901103,0.018155125901103,0.002,0.0115645295009016,58.0210189819336,288,True
torch_suite,normal_23,183,tiny-transformer-normal-23,0.0110127078369259,0.0178231820464134,0.0178231820464134,0.002,0.0114610511809587,58.02117156982422,288,True
torch_suite,normal_23,184,tiny-transformer-normal-23,0.0113390628248453,0.0182868279516696,0.0182868298143148,0.002,0.0114450976252555,58.02130126953125,288,True
torch_suite,normal_23,185,tiny-transformer-normal-23,0.0108433468267321,0.0176761522889137,0.0176761541515588,0.002,0.0113461064174771,58.02143478393555,288,True
torch_suite,normal_23,186,tiny-transformer-normal-23,0.0107510285452008,0.0175485499203205,0.0175485480576753,0.002,0.0112960571423172,58.02155303955078,288,True
torch_suite,normal_23,187,tiny-transformer-normal-23,0.0107052689418196,0.0173778757452964,0.0173778757452964,0.002,0.0111273890361189,58.021671295166016,288,True
torch_suite,normal_23,188,tiny-transformer-normal-23,0.0106309223920106,0.0171792563050985,0.0171792563050985,0.002,0.0110478475689888,58.02177047729492,288,True
torch_suite,normal_23,189,tiny-transformer-normal-23,0.0107083497568964,0.0177251156419515,0.0177251156419515,0.002,0.0109922159463167,58.02187347412109,288,True
torch_suite,normal_23,190,tiny-transformer-normal-23,0.0105751119554042,0.017318170517683,0.017318170517683,0.002,0.0109416749328374,58.02198791503906,288,True
torch_suite,normal_23,191,tiny-transformer-normal-23,0.0105056148022413,0.0170651543885469,0.017065156251192,0.002,0.0108833834528923,58.022090911865234,288,True
torch_suite,normal_23,192,tiny-transformer-normal-23,0.0103522026911377,0.0170057322829961,0.0170057322829961,0.002,0.0107788294553756,58.022193908691406,288,True
torch_suite,normal_23,193,tiny-transformer-normal-23,0.0101529201492667,0.0171737857162952,0.0171737857162952,0.002,0.010670761577785,58.02229309082031,288,True
torch_suite,normal_23,194,tiny-transformer-normal-23,0.0102930245921015,0.0168647319078445,0.0168647300451993,0.002,0.0107221798971295,58.02237701416016,288,True
torch_suite,normal_23,195,tiny-transformer-normal-23,0.0100177153944969,0.0162348579615354,0.0162348579615354,0.002,0.0106292758136987,58.0224609375,288,True
torch_suite,normal_23,196,tiny-transformer-normal-23,0.0098758023232221,0.0162350311875343,0.0162350311875343,0.002,0.0105724539607763,58.02254104614258,288,True
torch_suite,normal_23,197,tiny-transformer-normal-23,0.0098921647295355,0.0163753554224967,0.0163753554224967,0.002,0.0104026338085532,58.02260208129883,288,True
torch_suite,normal_23,198,tiny-transformer-normal-23,0.0099260099232196,0.016240706667304,0.0162407085299491,0.002,0.0103341359645128,58.02265930175781,288,True
torch_suite,normal_23,199,tiny-transformer-normal-23,0.0098842903971672,0.0161995738744735,0.0161995738744735,0.002,0.0103832734748721,58.022705078125,288,True
torch_suite,normal_23,200,tiny-transformer-normal-23,0.0095649221912026,0.0159058831632137,0.0159058831632137,0.002,0.0103102391585707,58.022743225097656,288,True
torch_suite,normal_23,201,tiny-transformer-normal-23,0.0095993764698505,0.0159348137676715,0.0159348119050264,0.002,0.0102822314947843,58.02278518676758,288,True
torch_suite,normal_23,202,tiny-transformer-normal-23,0.009434450417757,0.0155578330159187,0.0155578339472413,0.002,0.0101104909554123,58.02282333374024,288,True
torch_suite,normal_23,203,tiny-transformer-normal-23,0.0094616347923874,0.0156321413815021,0.015632139518857,0.002,0.0101075768470764,58.02285385131836,288,True
torch_suite,normal_23,204,tiny-transformer-normal-23,0.0095788510516285,0.0158459544181823,0.0158459544181823,0.002,0.010027427226305,58.02288055419922,288,True
torch_suite,normal_23,205,tiny-transformer-normal-23,0.009155505336821,0.0150377191603183,0.0150377200916409,0.002,0.0098964981734752,58.022911071777344,288,True
torch_suite,normal_23,206,tiny-transformer-normal-23,0.0091957189142704,0.0150874527171254,0.0150874545797705,0.002,0.0098546426743268,58.02293014526367,288,True
torch_suite,normal_23,207,tiny-transformer-normal-23,0.0091474317014217,0.0151185626164078,0.0151185616850852,0.002,0.0098144952207803,58.02293395996094,288,True
torch_suite,normal_23,208,tiny-transformer-normal-23,0.0090606631711125,0.0150153702124953,0.0150153711438179,0.002,0.0097610428929328,58.02294158935547,288,True
torch_suite,normal_23,209,tiny-transformer-normal-23,0.0090294443070888,0.0149604743346571,0.0149604752659797,0.002,0.0097727617248892,58.02294158935547,288,True
torch_suite,normal_23,210,tiny-transformer-normal-23,0.0089052282273769,0.0147051475942134,0.0147051466628909,0.002,0.0096963047981262,58.02293395996094,288,True
torch_suite,normal_23,211,tiny-transformer-normal-23,0.0087940981611609,0.014433478936553,0.0144334761425852,0.002,0.0096331760287284,58.022926330566406,288,True
torch_suite,normal_23,212,tiny-transformer-normal-23,0.0089097237214446,0.0150335989892482,0.0150335999205708,0.002,0.0096958857029676,58.02290344238281,288,True
torch_suite,normal_23,213,tiny-transformer-normal-23,0.0089837610721588,0.0149655546993017,0.0149655537679791,0.002,0.0096727171912789,58.02286529541016,288,True
torch_suite,normal_23,214,tiny-transformer-normal-23,0.0086321067065,0.014559056609869,0.0145590575411915,0.002,0.0095023680478334,58.02283477783203,288,True
torch_suite,normal_23,215,tiny-transformer-normal-23,0.0087130926549434,0.0149800647050142,0.0149800647050142,0.002,0.0095591051504015,58.022796630859375,288,True
torch_suite,normal_23,216,tiny-transformer-normal-23,0.0086145205423235,0.0141889136284589,0.0141889136284589,0.002,0.0094137620180845,58.02277374267578,288,True
torch_suite,normal_23,217,tiny-transformer-normal-23,0.0083350893110036,0.0138185992836952,0.0138185992836952,0.002,0.0093295276165008,58.022743225097656,288,True
torch_suite,normal_23,218,tiny-transformer-normal-23,0.0083564603701233,0.0140022886916995,0.0140022886916995,0.002,0.0093126771971583,58.0226936340332,288,True
torch_suite,normal_23,219,tiny-transformer-normal-23,0.0085006020963191,0.0139838363975286,0.0139838373288512,0.002,0.0093512795865535,58.02265930175781,288,True
torch_suite,normal_23,220,tiny-transformer-normal-23,0.0083314394578337,0.0138504551723599,0.0138504551723599,0.002,0.0093606961891055,58.02260971069336,288,True
torch_suite,normal_23,221,tiny-transformer-normal-23,0.008252159692347,0.0138689810410141,0.0138689810410141,0.002,0.0093572130426764,58.02256393432617,288,True
torch_suite,normal_23,222,tiny-transformer-normal-23,0.0081106461584568,0.0134145505726337,0.0134145496413111,0.002,0.0093428259715437,58.02252197265625,288,True
torch_suite,normal_23,223,tiny-transformer-normal-23,0.0081556439399719,0.0135209560394287,0.0135209569707512,0.002,0.0091879786923527,58.02246475219727,288,True
torch_suite,normal_23,224,tiny-transformer-normal-23,0.0080087222158908,0.013288396410644,0.013288396410644,0.002,0.009171332232654,58.02240753173828,288,True
torch_suite,normal_23,225,tiny-transformer-normal-23,0.0079568699002265,0.0131710236892104,0.0131710227578878,0.002,0.009128862991929,58.0223388671875,288,True
torch_suite,normal_23,226,tiny-transformer-normal-23,0.007930795662105,0.0132297538220882,0.0132297528907656,0.002,0.0089951083064079,58.02225875854492,288,True
torch_suite,normal_23,227,tiny-transformer-normal-23,0.0078753670677542,0.0131603889167308,0.0131603898480534,0.002,0.0089923255145549,58.02217483520508,288,True
torch_suite,normal_23,228,tiny-transformer-normal-23,0.0077921324409544,0.0128858368843793,0.0128858368843793,0.002,0.0088737839832901,58.0220832824707,288,True
torch_suite,normal_23,229,tiny-transformer-normal-23,0.0078457407653331,0.012961913831532,0.0129619147628545,0.002,0.0088325180113315,58.02198791503906,288,True
torch_suite,normal_23,230,tiny-transformer-normal-23,0.0077116098254919,0.0128332786262035,0.0128332776948809,0.002,0.0088510932400822,58.021881103515625,288,True
torch_suite,normal_23,231,tiny-transformer-normal-23,0.0076322979293763,0.0127570638433098,0.0127570629119873,0.002,0.0087882410734891,58.02176284790039,288,True
torch_suite,normal_23,232,tiny-transformer-normal-23,0.0076277907937765,0.0126914475113153,0.0126914484426379,0.002,0.0087509583681821,58.02164077758789,288,True
torch_suite,normal_23,233,tiny-transformer-normal-23,0.007465561851859,0.0123853115364909,0.0123853115364909,0.002,0.0086859269067645,58.02150344848633,288,True
torch_suite,normal_23,234,tiny-transformer-normal-23,0.0075200167484581,0.0125150680541992,0.0125150680541992,0.002,0.0086675845086574,58.02135848999024,288,True
torch_suite,normal_23,235,tiny-transformer-normal-23,0.0073232925496995,0.0122430147603154,0.0122430147603154,0.002,0.0086279176175594,58.02120208740234,288,True
torch_suite,normal_23,236,tiny-transformer-normal-23,0.0074135297909379,0.0124037377536296,0.0124037377536296,0.002,0.0085955196991562,58.02105712890625,288,True
torch_suite,normal_23,237,tiny-transformer-normal-23,0.0074097611941397,0.0125555843114852,0.0125555843114852,0.002,0.0084836846217513,58.0208854675293,288,True
torch_suite,normal_23,238,tiny-transformer-normal-23,0.007410270627588,0.0123681407421827,0.0123681416735053,0.002,0.0084673631936311,58.02072143554688,288,True
torch_suite,normal_23,239,tiny-transformer-normal-23,0.0072238808497786,0.0120618650689721,0.0120618650689721,0.002,0.0084646493196487,58.02055740356445,288,True
torch_suite,normal_23,240,tiny-transformer-normal-23,0.0071859308518469,0.012097742408514,0.012097742408514,0.002,0.0084195053204894,58.0203857421875,288,True
torch_suite,normal_23,241,tiny-transformer-normal-23,0.0071955025196075,0.0119083076715469,0.0119083076715469,0.002,0.0083596436306834,58.02021789550781,288,True
torch_suite,normal_23,242,tiny-transformer-normal-23,0.0071480888873338,0.0120256971567869,0.0120256962254643,0.002,0.0083290366455912,58.02003860473633,288,True
torch_suite,normal_23,243,tiny-transformer-normal-23,0.0070562371984124,0.011745972558856,0.0117459716275334,0.002,0.0082786809653043,58.01984786987305,288,True
torch_suite,normal_23,244,tiny-transformer-normal-23,0.0070032007060945,0.011877741664648,0.0118777407333254,0.002,0.008215045556426,58.01966094970703,288,True
torch_suite,normal_23,245,tiny-transformer-normal-23,0.0069531286135315,0.0117050223052501,0.0117050223052501,0.002,0.0081777246668934,58.019474029541016,288,True
torch_suite,normal_23,246,tiny-transformer-normal-23,0.0069119539111852,0.0116804586723446,0.0116804596036672,0.002,0.0082119144499301,58.019287109375,288,True
torch_suite,normal_23,247,tiny-transformer-normal-23,0.0069219474680721,0.0116947442293167,0.0116947442293167,0.002,0.0081789884716272,58.01908493041992,288,True
torch_suite,normal_23,248,tiny-transformer-normal-23,0.0068532661534845,0.0114966621622443,0.0114966621622443,0.002,0.0081804506480693,58.01888275146485,288,True
torch_suite,normal_23,249,tiny-transformer-normal-23,0.0067267990671098,0.0112975239753723,0.0112975239753723,0.002,0.0080630965530872,58.018680572509766,288,True
torch_suite,normal_23,250,tiny-transformer-normal-23,0.0067367479205131,0.0114620374515652,0.0114620383828878,0.002,0.0081053581088781,58.01847457885742,288,True
torch_suite,normal_23,251,tiny-transformer-normal-23,0.0067166481167078,0.0113588664680719,0.0113588673993945,0.002,0.0080698756501078,58.01824951171875,288,True
torch_suite,normal_23,252,tiny-transformer-normal-23,0.0068172621540725,0.0114370202645659,0.0114370202645659,0.002,0.0079791536554694,58.01803207397461,288,True
torch_suite,normal_23,253,tiny-transformer-normal-23,0.0066774473525583,0.0115209138020873,0.0115209147334098,0.002,0.0079485904425382,58.01780700683594,288,True
torch_suite,normal_23,254,tiny-transformer-normal-23,0.0064145186915993,0.0109570203348994,0.010957021266222,0.002,0.0078050107695162,58.01759719848633,288,True
torch_suite,normal_23,255,tiny-transformer-normal-23,0.0064436551183462,0.0108316810801625,0.0108316810801625,0.002,0.0077305152080953,58.01736831665039,288,True
torch_suite,normal_23,256,tiny-transformer-normal-23,0.0064735952764749,0.0109069384634494,0.0109069375321269,0.002,0.0077432123944163,58.01715087890625,288,True
torch_suite,normal_23,257,tiny-transformer-normal-23,0.0064937081187963,0.0109647363424301,0.0109647363424301,0.002,0.0077207922004163,58.01691818237305,288,True
torch_suite,normal_23,258,tiny-transformer-normal-23,0.0063138781115412,0.0107412552461028,0.0107412543147802,0.002,0.0076701813377439,58.01668167114258,288,True
torch_suite,normal_23,259,tiny-transformer-normal-23,0.0063432361930608,0.0107808550819754,0.010780856013298,0.002,0.007714454550296,58.01644515991211,288,True
torch_suite,normal_23,260,tiny-transformer-normal-23,0.0063671302050352,0.0106271412223577,0.0106271412223577,0.002,0.0076891263015568,58.016212463378906,288,True
torch_suite,normal_23,261,tiny-transformer-normal-23,0.0062783570028841,0.0105801708996295,0.0105801708996295,0.002,0.0076598562300205,58.01597595214844,288,True
torch_suite,normal_23,262,tiny-transformer-normal-23,0.0061009558849036,0.0104370927438139,0.0104370927438139,0.002,0.0075623015873134,58.015724182128906,288,True
torch_suite,normal_23,263,tiny-transformer-normal-23,0.0060681970790028,0.0102600594982504,0.0102600594982504,0.002,0.0074512935243546,58.01547622680664,288,True
torch_suite,normal_23,264,tiny-transformer-normal-23,0.0062225218862295,0.0105152511969208,0.0105152511969208,0.002,0.0073903426527976,58.01521682739258,288,True
torch_suite,normal_23,265,tiny-transformer-normal-23,0.0061425426974892,0.0105560142546892,0.0105560142546892,0.002,0.00736576737836,58.01496124267578,288,True
torch_suite,normal_23,266,tiny-transformer-normal-23,0.0060292826965451,0.0101552493870258,0.0101552493870258,0.002,0.0073454170487821,58.01470947265625,288,True
torch_suite,normal_23,267,tiny-transformer-normal-23,0.0060682464390993,0.0102673191577196,0.0102673191577196,0.002,0.0073212110437452,58.01443862915039,288,True
torch_suite,normal_23,268,tiny-transformer-normal-23,0.0060972818173468,0.0103577533736824,0.010357754305005,0.002,0.0072835725732147,58.0141830444336,288,True
torch_suite,normal_23,269,tiny-transformer-normal-23,0.0060562547296285,0.0102905826643109,0.0102905835956335,0.002,0.0072783664800226,58.013916015625,288,True
torch_suite,normal_23,270,tiny-transformer-normal-23,0.0059879506006836,0.0101839685812592,0.0101839685812592,0.002,0.0072026457637548,58.01365661621094,288,True
torch_suite,normal_23,271,tiny-transformer-normal-23,0.0058650462888181,0.0099991569295525,0.0099991569295525,0.002,0.0071403183974325,58.01337814331055,288,True
torch_suite,normal_23,272,tiny-transformer-normal-23,0.0057848002761602,0.0098632778972387,0.0098632778972387,0.002,0.0071268356405198,58.01309585571289,288,True
torch_suite,normal_23,273,tiny-transformer-normal-23,0.0059134741313755,0.0100277466699481,0.0100277457386255,0.002,0.0071368548087775,58.01280212402344,288,True
torch_suite,normal_23,274,tiny-transformer-normal-23,0.0058860355056822,0.0099875973537564,0.0099875973537564,0.002,0.0071377321146428,58.01251983642578,288,True
torch_suite,normal_23,275,tiny-transformer-normal-23,0.0057526342570781,0.009745511226356,0.0097455102950334,0.002,0.0071190572343766,58.0122299194336,288,True
torch_suite,normal_23,276,tiny-transformer-normal-23,0.0057399659417569,0.0096364365890622,0.0096364365890622,0.002,0.007044184487313,58.01192855834961,288,True
torch_suite,normal_23,277,tiny-transformer-normal-23,0.005701133981347,0.0096244728192687,0.0096244728192687,0.002,0.0070394622161984,58.01163101196289,288,True
torch_suite,normal_23,278,tiny-transformer-normal-23,0.0056272391229867,0.0095178540796041,0.0095178540796041,0.002,0.0070139179006218,58.0113410949707,288,True
torch_suite,normal_23,279,tiny-transformer-normal-23,0.0056562721729278,0.0097044762223958,0.0097044762223958,0.002,0.006942254025489,58.011043548583984,288,True
torch_suite,normal_23,280,tiny-transformer-normal-23,0.0056075952015817,0.0095770023763179,0.0095770023763179,0.002,0.0068992543965578,58.01073455810547,288,True
torch_suite,normal_23,281,tiny-transformer-normal-23,0.0055467667989432,0.0094477143138647,0.0094477143138647,0.002,0.0068602534011006,58.010440826416016,288,True
torch_suite,normal_23,282,tiny-transformer-normal-23,0.0055561293847858,0.0096464268863201,0.0096464268863201,0.002,0.0068018538877367,58.0101318359375,288,True
torch_suite,normal_23,283,tiny-transformer-normal-23,0.0055051827803254,0.0094559909775853,0.0094559909775853,0.002,0.0067458380945026,58.009803771972656,288,True
torch_suite,normal_23,284,tiny-transformer-normal-23,0.0054806810803711,0.0093684401363134,0.009368441067636,0.002,0.0067935748957097,58.00947570800781,288,True
torch_suite,normal_23,285,tiny-transformer-normal-23,0.0054421853274106,0.0093510327860713,0.0093510327860713,0.002,0.0067951395176351,58.00914001464844,288,True
torch_suite,normal_23,286,tiny-transformer-normal-23,0.005363690201193,0.0091204261407256,0.0091204261407256,0.002,0.0067579047754406,58.00881576538086,288,True
torch_suite,normal_23,287,tiny-transformer-normal-23,0.0053970329463481,0.009147735312581,0.0091477362439036,0.002,0.0066924402490258,58.00849151611328,288,True
torch_suite,normal_23,288,tiny-transformer-normal-23,0.0053558214567601,0.0090799275785684,0.0090799275785684,0.002,0.0066826362162828,58.00816345214844,288,True
torch_suite,normal_23,289,tiny-transformer-normal-23,0.0054213176481425,0.0092113073915243,0.0092113073915243,0.002,0.006721721496433,58.00782775878906,288,True
torch_suite,normal_23,290,tiny-transformer-normal-23,0.0053269164636731,0.0090568466112017,0.0090568475425243,0.002,0.0067202080972492,58.00749588012695,288,True
torch_suite,normal_23,291,tiny-transformer-normal-23,0.0052563650533556,0.0090217720717191,0.0090217720717191,0.002,0.0066211544908583,58.00715637207031,288,True
torch_suite,normal_23,292,tiny-transformer-normal-23,0.0051718358881771,0.008836556226015,0.0088365552946925,0.002,0.006586127448827,58.00681686401367,288,True
torch_suite,normal_23,293,tiny-transformer-normal-23,0.0052120755426585,0.0088417874649167,0.0088417874649167,0.002,0.0065122707746922,58.00647735595703,288,True
torch_suite,normal_23,294,tiny-transformer-normal-23,0.0052633583545684,0.0090613337233662,0.0090613337233662,0.002,0.0065532480366528,58.006126403808594,288,True
torch_suite,normal_23,295,tiny-transformer-normal-23,0.0051404032856225,0.0088623957708477,0.0088623957708477,0.002,0.0065946602262556,58.00577926635742,288,True
torch_suite,normal_23,296,tiny-transformer-normal-23,0.0050684656016528,0.0086218137294054,0.0086218137294054,0.002,0.0065321614965796,58.00542068481445,288,True
torch_suite,normal_23,297,tiny-transformer-normal-23,0.0050822529010474,0.0086715454235672,0.0086715463548898,0.002,0.0065223649144172,58.00505828857422,288,True
torch_suite,normal_23,298,tiny-transformer-normal-23,0.0050511611625552,0.0085980463773012,0.0085980473086237,0.002,0.0065257493406534,58.00468444824219,288,True
torch_suite,normal_23,299,tiny-transformer-normal-23,0.0050872340798377,0.0088524231687188,0.0088524231687188,0.002,0.0064333458431065,58.00431060791016,288,True
torch_suite,normal_23,300,tiny-transformer-normal-23,0.0050650238990783,0.0086339265108108,0.0086339255794882,0.002,0.0064121750183403,58.0039291381836,288,True
torch_suite,normal_23,301,tiny-transformer-normal-23,0.0050302594900131,0.0086404075846076,0.0086404075846076,0.002,0.0064284731633961,58.00355911254883,288,True
torch_suite,normal_23,302,tiny-transformer-normal-23,0.0049921958707273,0.008514542132616,0.008514542132616,0.002,0.0063824229873716,58.00319290161133,288,True
torch_suite,normal_23,303,tiny-transformer-normal-23,0.0049829306080937,0.0084542091935873,0.0084542091935873,0.002,0.0063845166005194,58.0028190612793,288,True
torch_suite,normal_23,304,tiny-transformer-normal-23,0.0049591111019253,0.0085421772673726,0.0085421772673726,0.002,0.0064370292238891,58.0024528503418,288,True
torch_suite,normal_23,305,tiny-transformer-normal-23,0.0049454476684331,0.008545690216124,0.008545690216124,0.002,0.0064870971255004,58.0020751953125,288,True
torch_suite,normal_23,306,tiny-transformer-normal-23,0.0048561999574303,0.0083191310986876,0.0083191310986876,0.002,0.0064545534551143,58.00170516967773,288,True
torch_suite,normal_23,307,tiny-transformer-normal-23,0.0048572039231657,0.0085342172533273,0.0085342163220047,0.002,0.0064142104238271,58.00132369995117,288,True
torch_suite,normal_23,308,tiny-transformer-normal-23,0.0048569487407803,0.0084568941965699,0.0084568932652473,0.002,0.0064007574692368,58.000938415527344,288,True
torch_suite,normal_23,309,tiny-transformer-normal-23,0.0048018605448305,0.0082400748506188,0.0082400748506188,0.002,0.0063424478285014,58.00055694580078,288,True
torch_suite,normal_23,310,tiny-transformer-normal-23,0.0046850349754095,0.0081572337076067,0.0081572337076067,0.002,0.0063315080478787,58.00017547607422,288,True
torch_suite,normal_23,311,tiny-transformer-normal-23,0.0047815688885748,0.008211706764996,0.008211706764996,0.002,0.0062965117394924,57.99979019165039,288,True
torch_suite,normal_23,312,tiny-transformer-normal-23,0.0047570904716849,0.0081882653757929,0.0081882653757929,0.002,0.0062930854037404,57.9993896484375,288,True
torch_suite,normal_23,313,tiny-transformer-normal-23,0.0046338653191924,0.0079848114401102,0.0079848114401102,0.002,0.0062033096328377,57.99900436401367,288,True
torch_suite,normal_23,314,tiny-transformer-normal-23,0.0046669677831232,0.0079714525490999,0.0079714525490999,0.002,0.0061397356912493,57.99860763549805,288,True
torch_suite,normal_23,315,tiny-transformer-normal-23,0.0046957139857113,0.0080182552337646,0.0080182552337646,0.002,0.0061472076922655,57.99820709228516,288,True
torch_suite,normal_23,316,tiny-transformer-normal-23,0.0046489336527884,0.0079340506345033,0.0079340506345033,0.002,0.0060913125053048,57.997806549072266,288,True
torch_suite,normal_23,317,tiny-transformer-normal-23,0.0045985821634531,0.00798583868891,0.00798583868891,0.002,0.0060407724231481,57.99740219116211,288,True
torch_suite,normal_23,318,tiny-transformer-normal-23,0.0045329527929425,0.0079124756157398,0.0079124746844172,0.002,0.0060301944613456,57.99700164794922,288,True
torch_suite,normal_23,319,tiny-transformer-normal-23,0.0045398869551718,0.0079295691102743,0.0079295691102743,0.002,0.0060097305104136,57.99658584594727,288,True
torch_suite,normal_7,0,tiny-transformer-normal-7,3.671932697296143,1.007941484451294,0.9999990463256836,0.002,0.4105565249919891,56.65966033935547,288,True
torch_suite,normal_7,1,tiny-transformer-normal-7,3.522101402282715,0.97532057762146,0.9753206372261048,0.002,0.3494026958942413,56.658203125,288,True
torch_suite,normal_7,2,tiny-transformer-normal-7,3.343733549118042,0.9292222261428832,0.9292222261428832,0.002,0.3347831070423126,56.65830612182617,288,True
torch_suite,normal_7,3,tiny-transformer-normal-7,3.2462635040283203,1.015081763267517,0.9999991059303284,0.002,0.3186775147914886,56.66047286987305,288,True
torch_suite,normal_7,4,tiny-transformer-normal-7,3.1139729022979736,0.924515962600708,0.924515962600708,0.002,0.3109289109706878,56.66439056396485,288,True
torch_suite,normal_7,5,tiny-transformer-normal-7,3.018831729888916,0.9119659662246704,0.9119660258293152,0.002,0.3091649413108825,56.66968536376953,288,True
torch_suite,normal_7,6,tiny-transformer-normal-7,2.874922513961792,0.9459362626075744,0.9459363222122192,0.002,0.3059470057487488,56.67664337158203,288,True
torch_suite,normal_7,7,tiny-transformer-normal-7,2.781746387481689,0.8813122510910034,0.8813121914863586,0.002,0.3068784177303314,56.685020446777344,288,True
torch_suite,normal_7,8,tiny-transformer-normal-7,2.666513442993164,0.911482870578766,0.9114829301834106,0.002,0.3055585324764251,56.69504928588867,288,True
torch_suite,normal_7,9,tiny-transformer-normal-7,2.5693671703338623,0.9023519158363342,0.9023519158363342,0.002,0.3055310845375061,56.706199645996094,288,True
torch_suite,normal_7,10,tiny-transformer-normal-7,2.47699236869812,0.8850354552268982,0.8850354552268982,0.002,0.304567813873291,56.71851348876953,288,True
torch_suite,normal_7,11,tiny-transformer-normal-7,2.335756540298462,0.8999384641647339,0.8999384045600891,0.002,0.3036929070949554,56.7324333190918,288,True
torch_suite,normal_7,12,tiny-transformer-normal-7,2.184750556945801,0.8699636459350586,0.8699636459350586,0.002,0.3032944500446319,56.747894287109375,288,True
torch_suite,normal_7,13,tiny-transformer-normal-7,2.066530466079712,0.8741613030433655,0.874161422252655,0.002,0.3003925681114197,56.76505279541016,288,True
torch_suite,normal_7,14,tiny-transformer-normal-7,1.994485020637512,0.8838866949081421,0.8838868141174316,0.002,0.2995687127113342,56.783817291259766,288,True
torch_suite,normal_7,15,tiny-transformer-normal-7,1.896632552146912,0.8481189608573914,0.8481190204620361,0.002,0.2983543276786804,56.80411911010742,288,True
torch_suite,normal_7,16,tiny-transformer-normal-7,1.7929030656814575,0.8385708332061768,0.8385708332061768,0.002,0.2966285645961761,56.82588195800781,288,True
torch_suite,normal_7,17,tiny-transformer-normal-7,1.659721851348877,0.8351146578788757,0.8351146578788757,0.002,0.2950904667377472,56.84899139404297,288,True
torch_suite,normal_7,18,tiny-transformer-normal-7,1.5684101581573486,0.8113836646080017,0.8113837242126465,0.002,0.2929102778434753,56.87343597412109,288,True
torch_suite,normal_7,19,tiny-transformer-normal-7,1.4751629829406738,0.800600528717041,0.800600528717041,0.002,0.290827065706253,56.89907455444336,288,True
torch_suite,normal_7,20,tiny-transformer-normal-7,1.3791285753250122,0.8246911764144897,0.8246912360191345,0.002,0.2862655222415924,56.92565155029297,288,True
torch_suite,normal_7,21,tiny-transformer-normal-7,1.289565920829773,0.7480466961860657,0.7480466365814209,0.002,0.2832310795783996,56.952919006347656,288,True
torch_suite,normal_7,22,tiny-transformer-normal-7,1.207072615623474,0.7257023453712463,0.7257022857666016,0.002,0.2791807055473327,56.98074722290039,288,True
torch_suite,normal_7,23,tiny-transformer-normal-7,1.0979533195495603,0.6947150826454163,0.694715142250061,0.002,0.2746177315711975,57.00909423828125,288,True
torch_suite,normal_7,24,tiny-transformer-normal-7,1.0494799613952637,0.6892683506011963,0.6892683506011963,0.002,0.2707585394382477,57.03779983520508,288,True
torch_suite,normal_7,25,tiny-transformer-normal-7,0.97703754901886,0.679976224899292,0.679976224899292,0.002,0.2664772570133209,57.06658172607422,288,True
torch_suite,normal_7,26,tiny-transformer-normal-7,0.9324833750724792,0.6493077278137207,0.6493076682090759,0.002,0.261079341173172,57.095176696777344,288,True
torch_suite,normal_7,27,tiny-transformer-normal-7,0.8475040793418884,0.6375850439071655,0.6375849843025208,0.002,0.2552562355995178,57.12376403808594,288,True
torch_suite,normal_7,28,tiny-transformer-normal-7,0.7829861044883728,0.6023530960083008,0.602353036403656,0.002,0.2504744529724121,57.15210723876953,288,True
torch_suite,normal_7,29,tiny-transformer-normal-7,0.7119495868682861,0.5801001191139221,0.5801001191139221,0.002,0.244872972369194,57.18035888671875,288,True
torch_suite,normal_7,30,tiny-transformer-normal-7,0.6617938280105591,0.5424737334251404,0.5424736738204956,0.002,0.2392491698265075,57.2081413269043,288,True
torch_suite,normal_7,31,tiny-transformer-normal-7,0.6318327784538269,0.5412100553512573,0.5412100553512573,0.002,0.234345942735672,57.23553466796875,288,True
torch_suite,normal_7,32,tiny-transformer-normal-7,0.5979021787643433,0.5136889815330505,0.5136889815330505,0.002,0.2295112758874893,57.26238632202149,288,True
torch_suite,normal_7,33,tiny-transformer-normal-7,0.5407770276069641,0.4771785736083984,0.4771785736083984,0.002,0.2230023294687271,57.28873443603516,288,True
torch_suite,normal_7,34,tiny-transformer-normal-7,0.5045272707939148,0.4766855835914612,0.4766855835914612,0.002,0.21784208714962,57.3144760131836,288,True
torch_suite,normal_7,35,tiny-transformer-normal-7,0.4591122269630432,0.433669239282608,0.433669239282608,0.002,0.2114153057336807,57.33958435058594,288,True
torch_suite,normal_7,36,tiny-transformer-normal-7,0.4176436960697174,0.4113457202911377,0.4113457202911377,0.002,0.205060988664627,57.364044189453125,288,True
torch_suite,normal_7,37,tiny-transformer-normal-7,0.3844772279262543,0.385803073644638,0.385803073644638,0.002,0.1989159435033798,57.3878173828125,288,True
torch_suite,normal_7,38,tiny-transformer-normal-7,0.3846117258071899,0.3939079940319061,0.3939079642295837,0.002,0.1938878893852234,57.41084289550781,288,True
torch_suite,normal_7,39,tiny-transformer-normal-7,0.3358239531517029,0.3509787321090698,0.3509787023067474,0.002,0.1874784678220749,57.43300247192383,288,True
torch_suite,normal_7,40,tiny-transformer-normal-7,0.3188531398773193,0.3650623559951782,0.3650623857975006,0.002,0.1816261410713195,57.4543571472168,288,True
torch_suite,normal_7,41,tiny-transformer-normal-7,0.2865301370620727,0.3212042450904846,0.3212042450904846,0.002,0.1753167062997818,57.47497177124024,288,True
torch_suite,normal_7,42,tiny-transformer-normal-7,0.2838285863399505,0.3127388060092926,0.312738835811615,0.002,0.169663205742836,57.49482345581055,288,True
torch_suite,normal_7,43,tiny-transformer-normal-7,0.2595113813877105,0.2877876162528991,0.2877876162528991,0.002,0.1644140481948852,57.513946533203125,288,True
torch_suite,normal_7,44,tiny-transformer-normal-7,0.2549346387386322,0.3046380877494812,0.3046380877494812,0.002,0.1602178364992141,57.5323486328125,288,True
torch_suite,normal_7,45,tiny-transformer-normal-7,0.2229518294334411,0.2595019042491913,0.2595019340515136,0.002,0.1534286439418792,57.550174713134766,288,True
torch_suite,normal_7,46,tiny-transformer-normal-7,0.2093020677566528,0.246679812669754,0.246679812669754,0.002,0.1481844633817672,57.5672607421875,288,True
torch_suite,normal_7,47,tiny-transformer-normal-7,0.1922849416732788,0.2256800979375839,0.2256801128387451,0.002,0.1421266198158264,57.58373641967773,288,True
torch_suite,normal_7,48,tiny-transformer-normal-7,0.1784720569849014,0.2160402685403823,0.2160402685403823,0.002,0.1369392871856689,57.599586486816406,288,True
torch_suite,normal_7,49,tiny-transformer-normal-7,0.1685926169157028,0.2072743624448776,0.2072743624448776,0.002,0.1314646303653717,57.6148681640625,288,True
torch_suite,normal_7,50,tiny-transformer-normal-7,0.161473274230957,0.199421614408493,0.199421614408493,0.002,0.1262412667274475,57.62949752807617,288,True
torch_suite,normal_7,51,tiny-transformer-normal-7,0.1546997874975204,0.1914215236902237,0.1914215236902237,0.002,0.1215462461113929,57.64346694946289,288,True
torch_suite,normal_7,52,tiny-transformer-normal-7,0.1435145735740661,0.1809277683496475,0.1809277534484863,0.002,0.1173359528183937,57.65690612792969,288,True
torch_suite,normal_7,53,tiny-transformer-normal-7,0.1336742341518402,0.1702909469604492,0.1702909618616104,0.002,0.1123629361391067,57.66977310180664,288,True
torch_suite,normal_7,54,tiny-transformer-normal-7,0.1260930597782135,0.1616302579641342,0.1616302728652954,0.002,0.1077811568975448,57.68206787109375,288,True
torch_suite,normal_7,55,tiny-transformer-normal-7,0.1212705001235008,0.1572448164224624,0.1572448164224624,0.002,0.1036053523421287,57.69376373291016,288,True
torch_suite,normal_7,56,tiny-transformer-normal-7,0.1178754940629005,0.1526327729225158,0.1526327729225158,0.002,0.0998953655362129,57.70494842529297,288,True
torch_suite,normal_7,57,tiny-transformer-normal-7,0.1085343658924102,0.1417222023010254,0.1417222023010254,0.002,0.0956550315022468,57.71565628051758,288,True
torch_suite,normal_7,58,tiny-transformer-normal-7,0.1065742000937461,0.1397385746240615,0.1397385746240615,0.002,0.0917524024844169,57.72589111328125,288,True
torch_suite,normal_7,59,tiny-transformer-normal-7,0.0992670729756355,0.1307277381420135,0.1307277381420135,0.002,0.0882234647870063,57.735633850097656,288,True
torch_suite,normal_7,60,tiny-transformer-normal-7,0.0947998017072677,0.1275677382946014,0.1275677382946014,0.002,0.0847612991929054,57.74489212036133,288,True
torch_suite,normal_7,61,tiny-transformer-normal-7,0.0930270031094551,0.1256115585565567,0.1256115585565567,0.002,0.0817125737667083,57.75366973876953,288,True
torch_suite,normal_7,62,tiny-transformer-normal-7,0.0864062905311584,0.1163189858198165,0.1163189932703971,0.002,0.0787169933319091,57.76205062866211,288,True
torch_suite,normal_7,63,tiny-transformer-normal-7,0.0814184918999672,0.1094676852226257,0.1094676926732063,0.002,0.0753718763589859,57.770057678222656,288,True
torch_suite,normal_7,64,tiny-transformer-normal-7,0.0821264088153839,0.1118431165814399,0.1118431165814399,0.002,0.0730343759059906,57.77768325805664,288,True
torch_suite,normal_7,65,tiny-transformer-normal-7,0.0770561322569847,0.1072109267115593,0.1072109267115593,0.002,0.0702259987592697,57.7849235534668,288,True
torch_suite,normal_7,66,tiny-transformer-normal-7,0.0740961581468582,0.1017414331436157,0.1017414405941963,0.002,0.0675962343811988,57.79181671142578,288,True
torch_suite,normal_7,67,tiny-transformer-normal-7,0.0695711001753807,0.0974425971508026,0.0974426046013832,0.002,0.0649293512105941,57.79840469360352,288,True
torch_suite,normal_7,68,tiny-transformer-normal-7,0.0668703019618988,0.0933727845549583,0.0933727845549583,0.002,0.0624759122729301,57.80465316772461,288,True
torch_suite,normal_7,69,tiny-transformer-normal-7,0.0661954656243324,0.0930874422192573,0.0930874422192573,0.002,0.0604349449276924,57.81062316894531,288,True
torch_suite,normal_7,70,tiny-transformer-normal-7,0.062864564359188,0.08793506026268,0.08793506026268,0.002,0.0579993724822998,57.81629943847656,288,True
torch_suite,normal_7,71,tiny-transformer-normal-7,0.0613389536738395,0.085886962711811,0.085886962711811,0.002,0.0559535287320613,57.82171630859375,288,True
torch_suite,normal_7,72,tiny-transformer-normal-7,0.0604258365929126,0.0848385244607925,0.0848385244607925,0.002,0.0541571527719497,57.82688522338867,288,True
torch_suite,normal_7,73,tiny-transformer-normal-7,0.0580309703946113,0.0811262279748916,0.0811262279748916,0.002,0.0524296760559082,57.83182907104492,288,True
torch_suite,normal_7,74,tiny-transformer-normal-7,0.0555283091962337,0.0802548602223396,0.0802548602223396,0.002,0.0506366565823555,57.8365592956543,288,True
torch_suite,normal_7,75,tiny-transformer-normal-7,0.0541897565126419,0.0772250667214393,0.0772250592708587,0.002,0.0490161217749118,57.84107208251953,288,True
torch_suite,normal_7,76,tiny-transformer-normal-7,0.0518290847539901,0.0759661197662353,0.0759661197662353,0.002,0.0473123677074909,57.84535598754883,288,True
torch_suite,normal_7,77,tiny-transformer-normal-7,0.0527124404907226,0.0776418894529342,0.0776418820023536,0.002,0.0457984805107116,57.84947967529297,288,True
torch_suite,normal_7,78,tiny-transformer-normal-7,0.0504949353635311,0.0721025466918945,0.0721025466918945,0.002,0.0443937629461288,57.85343551635742,288,True
torch_suite,normal_7,79,tiny-transformer-normal-7,0.0490238815546035,0.0709571540355682,0.0709571540355682,0.002,0.0431230664253234,57.857215881347656,288,True
torch_suite,normal_7,80,tiny-transformer-normal-7,0.0468231588602066,0.0682279169559478,0.0682279095053672,0.002,0.0418828465044498,57.86082077026367,288,True
torch_suite,normal_7,81,tiny-transformer-normal-7,0.0470298789441585,0.0696400254964828,0.0696400254964828,0.002,0.0408238396048545,57.86427307128906,288,True
torch_suite,normal_7,82,tiny-transformer-normal-7,0.045796800404787,0.0678086727857589,0.0678086727857589,0.002,0.0399431996047496,57.86758804321289,288,True
torch_suite,normal_7,83,tiny-transformer-normal-7,0.0435591004788875,0.0632650330662727,0.0632650330662727,0.002,0.0388428084552288,57.87078475952149,288,True
torch_suite,normal_7,84,tiny-transformer-normal-7,0.0436211414635181,0.0648347735404968,0.0648347735404968,0.002,0.0380546674132347,57.87386322021485,288,True
torch_suite,normal_7,85,tiny-transformer-normal-7,0.0409417897462844,0.0602371096611022,0.0602371096611022,0.002,0.0366079546511173,57.87683868408203,288,True
torch_suite,normal_7,86,tiny-transformer-normal-7,0.0408876165747642,0.0616521723568439,0.0616521723568439,0.002,0.0360023900866508,57.879676818847656,288,True
torch_suite,normal_7,87,tiny-transformer-normal-7,0.0396053679287433,0.057461705058813,0.0574617087841033,0.002,0.0350217670202255,57.88240432739258,288,True
torch_suite,normal_7,88,tiny-transformer-normal-7,0.0385056659579277,0.0566102415323257,0.0566102378070354,0.002,0.0340289771556854,57.885040283203125,288,True
torch_suite,normal_7,89,tiny-transformer-normal-7,0.0382637381553649,0.0567230135202407,0.056723017245531,0.002,0.033139768987894,57.88756942749024,288,True
torch_suite,normal_7,90,tiny-transformer-normal-7,0.0373542681336402,0.0551462955772876,0.0551462955772876,0.002,0.0322901457548141,57.890018463134766,288,True
torch_suite,normal_7,91,tiny-transformer-normal-7,0.0361721254885196,0.0537861287593841,0.0537861287593841,0.002,0.0315098837018013,57.89239501953125,288,True
torch_suite,normal_7,92,tiny-transformer-normal-7,0.0364608094096183,0.0538919530808925,0.0538919568061828,0.002,0.0308040659874677,57.89469909667969,288,True
torch_suite,normal_7,93,tiny-transformer-normal-7,0.034919049590826,0.0535049103200435,0.0535049103200435,0.002,0.0301005952060222,57.8969612121582,288,True
torch_suite,normal_7,94,tiny-transformer-normal-7,0.0345943160355091,0.0517093688249588,0.0517093688249588,0.002,0.0295207537710666,57.899147033691406,288,True
torch_suite,normal_7,95,tiny-transformer-normal-7,0.0338655561208725,0.050722025334835,0.050722025334835,0.002,0.0287547837942838,57.90127182006836,288,True
torch_suite,normal_7,96,tiny-transformer-normal-7,0.0327805317938327,0.0491693466901779,0.0491693504154682,0.002,0.028142187744379,57.90332412719727,288,True
torch_suite,normal_7,97,tiny-transformer-normal-7,0.03293476998806,0.0489315949380397,0.04893159866333,0.002,0.0276994351297616,57.905303955078125,288,True
torch_suite,normal_7,98,tiny-transformer-normal-7,0.0319278724491596,0.0479965209960937,0.0479965209960937,0.002,0.0271344594657421,57.90723037719727,288,True
torch_suite,normal_7,99,tiny-transformer-normal-7,0.0311612486839294,0.0465860515832901,0.0465860515832901,0.002,0.0266274269670248,57.90911865234375,288,True
torch_suite,normal_7,100,tiny-transformer-normal-7,0.0312827192246913,0.0473645068705081,0.0473645068705081,0.002,0.026267098262906,57.91094207763672,288,True
torch_suite,normal_7,101,tiny-transformer-normal-7,0.0306572522968053,0.0465741194784641,0.0465741232037544,0.002,0.0259025115519762,57.9127082824707,288,True
torch_suite,normal_7,102,tiny-transformer-normal-7,0.0299660824239254,0.0450083389878273,0.0450083389878273,0.002,0.025522606447339,57.9144172668457,288,True
torch_suite,normal_7,103,tiny-transformer-normal-7,0.0292598381638526,0.044643722474575,0.044643722474575,0.002,0.0252138003706932,57.91608047485352,288,True
torch_suite,normal_7,104,tiny-transformer-normal-7,0.0286024380475282,0.0432126782834529,0.0432126782834529,0.002,0.0247684605419635,57.91769409179688,288,True
torch_suite,normal_7,105,tiny-transformer-normal-7,0.0283315349370241,0.0430928543210029,0.0430928580462932,0.002,0.0244546551257371,57.91925811767578,288,True
torch_suite,normal_7,106,tiny-transformer-normal-7,0.0280310846865177,0.0422982573509216,0.0422982573509216,0.002,0.0238500777631998,57.92077255249024,288,True
torch_suite,normal_7,107,tiny-transformer-normal-7,0.0270253643393516,0.0406469218432903,0.0406469255685806,0.002,0.0234739575535058,57.92226791381836,288,True
torch_suite,normal_7,108,tiny-transformer-normal-7,0.0271864756941795,0.041983488947153,0.0419834852218627,0.002,0.0233284402638673,57.92373275756836,288,True
torch_suite,normal_7,109,tiny-transformer-normal-7,0.0263204406946897,0.0404088608920574,0.0404088608920574,0.002,0.0229703001677989,57.92517852783203,288,True
torch_suite,normal_7,110,tiny-transformer-normal-7,0.0260777082294225,0.0401908308267593,0.0401908345520496,0.002,0.0225684568285942,57.92658233642578,288,True
torch_suite,normal_7,111,tiny-transformer-normal-7,0.0260821562260389,0.0404969826340675,0.0404969789087772,0.002,0.0222700834274292,57.92797088623047,288,True
torch_suite,normal_7,112,tiny-transformer-normal-7,0.024816932156682,0.0380388535559177,0.0380388535559177,0.002,0.0218798127025365,57.9293327331543,288,True
torch_suite,normal_7,113,tiny-transformer-normal-7,0.0246728956699371,0.0375630185008049,0.0375630222260952,0.002,0.021349124610424,57.93066787719727,288,True
torch_suite,normal_7,114,tiny-transformer-normal-7,0.0243478380143642,0.0382053703069686,0.0382053703069686,0.002,0.0209868438541889,57.93196105957031,288,True
torch_suite,normal_7,115,tiny-transformer-normal-7,0.0243747849017381,0.0375674217939376,0.0375674217939376,0.002,0.0208789203315973,57.9332160949707,288,True
torch_suite,normal_7,116,tiny-transformer-normal-7,0.0243552401661872,0.0383079163730144,0.0383079163730144,0.002,0.0205960739403963,57.93446731567383,288,True
torch_suite,normal_7,117,tiny-transformer-normal-7,0.023271033540368,0.0360511615872383,0.0360511615872383,0.002,0.0202563535422086,57.93568801879883,288,True
torch_suite,normal_7,118,tiny-transformer-normal-7,0.0232668425887823,0.0358725003898143,0.0358725003898143,0.002,0.0199769753962755,57.9368782043457,288,True
torch_suite,normal_7,119,tiny-transformer-normal-7,0.0228603556752204,0.0353168845176696,0.0353168845176696,0.002,0.0197052359580993,57.93804168701172,288,True
torch_suite,normal_7,120,tiny-transformer-normal-7,0.0223252195864915,0.0343479588627815,0.0343479588627815,0.002,0.0195948295295238,57.93917083740234,288,True
torch_suite,normal_7,121,tiny-transformer-normal-7,0.0225737113505601,0.0345400534570217,0.0345400534570217,0.002,0.0194683820009231,57.94028091430664,288,True
torch_suite,normal_7,122,tiny-transformer-normal-7,0.0217093136161565,0.0338469818234443,0.0338469855487346,0.002,0.0191384479403495,57.94137191772461,288,True
torch_suite,normal_7,123,tiny-transformer-normal-7,0.0221115816384553,0.0344305783510208,0.0344305783510208,0.002,0.0190096218138933,57.94245910644531,288,True
torch_suite,normal_7,124,tiny-transformer-normal-7,0.0212127603590488,0.0330606922507286,0.0330606922507286,0.002,0.0186476800590753,57.94352722167969,288,True
torch_suite,normal_7,125,tiny-transformer-normal-7,0.0208991970866918,0.032488614320755,0.032488614320755,0.002,0.0183268524706363,57.944580078125,288,True
torch_suite,normal_7,126,tiny-transformer-normal-7,0.0209640115499496,0.0325484685599803,0.03254846483469,0.002,0.0182654224336147,57.945579528808594,288,True
torch_suite,normal_7,127,tiny-transformer-normal-7,0.0206411257386207,0.0321843028068542,0.0321843028068542,0.002,0.0180959068238735,57.94658279418945,288,True
torch_suite,normal_7,128,tiny-transformer-normal-7,0.01996043138206,0.0312823690474033,0.0312823690474033,0.002,0.0178460218012332,57.94755935668945,288,True
torch_suite,normal_7,129,tiny-transformer-normal-7,0.0197707284241914,0.0322245508432388,0.0322245545685291,0.002,0.017679426819086,57.94852066040039,288,True
torch_suite,normal_7,130,tiny-transformer-normal-7,0.0196268241852521,0.0306173879653215,0.0306173879653215,0.002,0.0173892173916101,57.949440002441406,288,True
torch_suite,normal_7,131,tiny-transformer-normal-7,0.0194673463702201,0.0306621976196765,0.0306621957570314,0.002,0.0172562655061483,57.95033264160156,288,True
torch_suite,normal_7,132,tiny-transformer-normal-7,0.01945979334414,0.0302131492644548,0.0302131511270999,0.002,0.017051950097084,57.951202392578125,288,True
torch_suite,normal_7,133,tiny-transformer-normal-7,0.0189271196722984,0.0300257764756679,0.0300257764756679,0.002,0.0169093068689107,57.952056884765625,288,True
torch_suite,normal_7,134,tiny-transformer-normal-7,0.0186568740755319,0.0293493568897247,0.0293493568897247,0.002,0.0166164934635162,57.95288848876953,288,True
torch_suite,normal_7,135,tiny-transformer-normal-7,0.0187861919403076,0.0296920109540224,0.0296920090913772,0.002,0.0164867006242275,57.95369338989258,288,True
torch_suite,normal_7,136,tiny-transformer-normal-7,0.0186317041516304,0.0298226922750473,0.0298226904124021,0.002,0.0164639856666326,57.95450592041016,288,True
torch_suite,normal_7,137,tiny-transformer-normal-7,0.0181445516645908,0.0284962765872478,0.0284962765872478,0.002,0.0162645932286977,57.95529174804688,288,True
torch_suite,normal_7,138,tiny-transformer-normal-7,0.0175985880196094,0.0278637092560529,0.0278637092560529,0.002,0.0160294976085424,57.95606231689453,288,True
torch_suite,normal_7,139,tiny-transformer-normal-7,0.0177229382097721,0.0277785453945398,0.0277785453945398,0.002,0.0158171560615301,57.95681381225586,288,True
torch_suite,normal_7,140,tiny-transformer-normal-7,0.0177943184971809,0.0279290787875652,0.0279290787875652,0.002,0.0157997533679008,57.95755386352539,288,True
torch_suite,normal_7,141,tiny-transformer-normal-7,0.0173535402864217,0.0278970338404178,0.0278970338404178,0.002,0.0155201377347111,57.95827102661133,288,True
torch_suite,normal_7,142,tiny-transformer-normal-7,0.0170681253075599,0.0275291223078966,0.0275291204452514,0.002,0.0154595579952001,57.9589729309082,288,True
torch_suite,normal_7,143,tiny-transformer-normal-7,0.0167470350861549,0.0263400040566921,0.0263400059193372,0.002,0.0152545440942049,57.95966720581055,288,True
torch_suite,normal_7,144,tiny-transformer-normal-7,0.0168788842856884,0.026369821280241,0.026369821280241,0.002,0.0152045832946896,57.96035385131836,288,True
torch_suite,normal_7,145,tiny-transformer-normal-7,0.0167093221098184,0.0265583395957946,0.0265583395957946,0.002,0.0150320036336779,57.96102142333984,288,True
torch_suite,normal_7,146,tiny-transformer-normal-7,0.0161150861531496,0.0256105996668338,0.025610601529479,0.002,0.0147319715470075,57.9616813659668,288,True
torch_suite,normal_7,147,tiny-transformer-normal-7,0.0160902794450521,0.0258618332445621,0.025861831381917,0.002,0.0145652713254094,57.96232223510742,288,True
torch_suite,normal_7,148,tiny-transformer-normal-7,0.0162330493330955,0.0259742904454469,0.0259742904454469,0.002,0.0145602375268936,57.962928771972656,288,True
torch_suite,normal_7,149,tiny-transformer-normal-7,0.0158177129924297,0.0251847710460424,0.0251847710460424,0.002,0.0144344642758369,57.96353530883789,288,True
torch_suite,normal_7,150,tiny-transformer-normal-7,0.0157132223248481,0.0249164998531341,0.0249164998531341,0.002,0.0145120620727539,57.96411895751953,288,True
torch_suite,normal_7,151,tiny-transformer-normal-7,0.0155318100005388,0.0254505574703216,0.0254505574703216,0.002,0.0143510699272155,57.964691162109375,288,True
torch_suite,normal_7,152,tiny-transformer-normal-7,0.015392399393022,0.0244590993970632,0.0244590975344181,0.002,0.0142775690183043,57.96525192260742,288,True
torch_suite,normal_7,153,tiny-transformer-normal-7,0.0151713229715824,0.0243653859943151,0.0243653897196054,0.002,0.0141717698425054,57.96579360961914,288,True
torch_suite,normal_7,154,tiny-transformer-normal-7,0.0151004157960414,0.0239222329109907,0.0239222310483455,0.002,0.0140433693304657,57.96631240844727,288,True
torch_suite,normal_7,155,tiny-transformer-normal-7,0.0148995388299226,0.0237879063934087,0.0237879063934087,0.002,0.0140185598284006,57.96683120727539,288,True
torch_suite,normal_7,156,tiny-transformer-normal-7,0.0143718533217906,0.0229393318295478,0.0229393318295478,0.002,0.0138479927554726,57.96733474731445,288,True
torch_suite,normal_7,157,tiny-transformer-normal-7,0.014435900375247,0.023372832685709,0.023372832685709,0.002,0.013751427643001,57.96782302856445,288,True
torch_suite,normal_7,158,tiny-transformer-normal-7,0.0145862055942416,0.023346934467554,0.023346934467554,0.002,0.0135715622454881,57.968299865722656,288,True
torch_suite,normal_7,159,tiny-transformer-normal-7,0.0143958814442157,0.0232246369123458,0.0232246369123458,0.002,0.0134644536301493,57.96877670288086,288,True
torch_suite,normal_7,160,tiny-transformer-normal-7,0.0141364075243473,0.0227615945041179,0.0227615945041179,0.002,0.01327570900321,57.9692497253418,288,True
torch_suite,normal_7,161,tiny-transformer-normal-7,0.014090453274548,0.0224283691495656,0.0224283691495656,0.002,0.0131615921854972,57.96970748901367,288,True
torch_suite,normal_7,162,tiny-transformer-normal-7,0.0140521954745054,0.0227624848484992,0.0227624848484992,0.002,0.0131008215248584,57.97014999389648,288,True
torch_suite,normal_7,163,tiny-transformer-normal-7,0.0139784030616283,0.0228205826133489,0.0228205826133489,0.002,0.0131052741780877,57.970584869384766,288,True
torch_suite,normal_7,164,tiny-transformer-normal-7,0.0136945955455303,0.022147499024868,0.0221475008875131,0.002,0.0129325659945607,57.97101974487305,288,True
torch_suite,normal_7,165,tiny-transformer-normal-7,0.0134855248034,0.0216536968946456,0.0216536987572908,0.002,0.0128846811130642,57.971458435058594,288,True
torch_suite,normal_7,166,tiny-transformer-normal-7,0.013301427476108,0.0215486846864223,0.0215486828237772,0.002,0.0127278733998537,57.97188186645508,288,True
torch_suite,normal_7,167,tiny-transformer-normal-7,0.013405155390501,0.02195437066257,0.02195437066257,0.002,0.0126944370567798,57.9722785949707,288,True
torch_suite,normal_7,168,tiny-transformer-normal-7,0.012992120347917,0.0208330750465393,0.0208330750465393,0.002,0.0126186199486255,57.972694396972656,288,True
torch_suite,normal_7,169,tiny-transformer-normal-7,0.0130833508446812,0.0210825372487306,0.0210825372487306,0.002,0.0125815877690911,57.97307586669922,288,True
torch_suite,normal_7,170,tiny-transformer-normal-7,0.0129466922953724,0.0210969094187021,0.0210969075560569,0.002,0.0125568117946386,57.97346496582031,288,True
torch_suite,normal_7,171,tiny-transformer-normal-7,0.0128291677683591,0.0205530598759651,0.0205530598759651,0.002,0.012548591941595,57.97385787963867,288,True
torch_suite,normal_7,172,tiny-transformer-normal-7,0.0124802961945533,0.0203836932778358,0.0203836932778358,0.002,0.0123445000499486,57.97423553466797,288,True
torch_suite,normal_7,173,tiny-transformer-normal-7,0.0126367127522826,0.020473888143897,0.0204738900065422,0.002,0.0123164979740977,57.9745979309082,288,True
torch_suite,normal_7,174,tiny-transformer-normal-7,0.012428275309503,0.0200526881963014,0.0200526881963014,0.002,0.0123137785121798,57.97495269775391,288,True
torch_suite,normal_7,175,tiny-transformer-normal-7,0.0122067872434854,0.0198757108300924,0.0198757108300924,0.002,0.0121706938371062,57.97530364990234,288,True
torch_suite,normal_7,176,tiny-transformer-normal-7,0.0121527165174484,0.0197780281305313,0.0197780281305313,0.002,0.0120872473344206,57.97563934326172,288,True
torch_suite,normal_7,177,tiny-transformer-normal-7,0.0120209492743015,0.0195334553718566,0.0195334535092115,0.002,0.0119968960061669,57.97596740722656,288,True
torch_suite,normal_7,178,tiny-transformer-normal-7,0.0119005339220166,0.0192961879074573,0.0192961879074573,0.002,0.0118945185095071,57.97628784179688,288,True
torch_suite,normal_7,179,tiny-transformer-normal-7,0.0117307128384709,0.0192845948040485,0.0192845966666936,0.002,0.0117604015395045,57.97658920288086,288,True
torch_suite,normal_7,180,tiny-transformer-normal-7,0.011604581028223,0.0193634890019893,0.0193634890019893,0.002,0.011791106313467,57.97687149047852,288,True
torch_suite,normal_7,181,tiny-transformer-normal-7,0.0116284312680363,0.018672052770853,0.0186720546334981,0.002,0.0117366500198841,57.97713470458984,288,True
torch_suite,normal_7,182,tiny-transformer-normal-7,0.0114246802404522,0.0188159141689538,0.0188159141689538,0.002,0.0115043856203556,57.97741317749024,288,True
torch_suite,normal_7,183,tiny-transformer-normal-7,0.0114370100200176,0.0186350010335445,0.0186350028961896,0.002,0.0113660721108317,57.97765350341797,288,True
torch_suite,normal_7,184,tiny-transformer-normal-7,0.0114418817684054,0.0187271125614643,0.0187271106988191,0.002,0.0113107440993189,57.9779052734375,288,True
torch_suite,normal_7,185,tiny-transformer-normal-7,0.0111583452671766,0.0180642418563365,0.0180642418563365,0.002,0.0111284535378217,57.97814178466797,288,True
torch_suite,normal_7,186,tiny-transformer-normal-7,0.0110464980825781,0.0183448176831007,0.0183448158204555,0.002,0.011105852201581,57.9783821105957,288,True
torch_suite,normal_7,187,tiny-transformer-normal-7,0.0109262755140662,0.0178325269371271,0.0178325269371271,0.002,0.0110201044008135,57.978614807128906,288,True
torch_suite,normal_7,188,tiny-transformer-normal-7,0.0109582431614398,0.0181009080260992,0.0181009098887443,0.002,0.0109872482717037,57.97883987426758,288,True
torch_suite,normal_7,189,tiny-transformer-normal-7,0.0107082985341548,0.0174683853983879,0.0174683853983879,0.002,0.0108520183712244,57.97904968261719,288,True
torch_suite,normal_7,190,tiny-transformer-normal-7,0.0107240267097949,0.0175264198333024,0.0175264198333024,0.002,0.0108125498518347,57.9792594909668,288,True
torch_suite,normal_7,191,tiny-transformer-normal-7,0.0106668192893266,0.0174812469631433,0.0174812488257884,0.002,0.0107298074290156,57.97946548461914,288,True
torch_suite,normal_7,192,tiny-transformer-normal-7,0.0103985676541924,0.0170375499874353,0.0170375499874353,0.002,0.0107115106657147,57.97966003417969,288,True
torch_suite,normal_7,193,tiny-transformer-normal-7,0.010458055883646,0.0171300899237394,0.0171300899237394,0.002,0.0106015764176845,57.9798469543457,288,True
torch_suite,normal_7,194,tiny-transformer-normal-7,0.0103611461818218,0.0170072652399539,0.0170072652399539,0.002,0.0105500975623726,57.98001480102539,288,True
torch_suite,normal_7,195,tiny-transformer-normal-7,0.0101945651695132,0.0166642591357231,0.0166642591357231,0.002,0.0105165671557188,57.98019027709961,288,True
torch_suite,normal_7,196,tiny-transformer-normal-7,0.0102397063747048,0.0169990397989749,0.0169990416616201,0.002,0.0105395736172795,57.98034286499024,288,True
torch_suite,normal_7,197,tiny-transformer-normal-7,0.0101389521732926,0.0165559463202953,0.0165559463202953,0.002,0.0104011204093694,57.980506896972656,288,True
torch_suite,normal_7,198,tiny-transformer-normal-7,0.0100986771285533,0.0168894249945878,0.0168894249945878,0.002,0.0102615384384989,57.980655670166016,288,True
torch_suite,normal_7,199,tiny-transformer-normal-7,0.0100104296579957,0.0165477134287357,0.0165477134287357,0.002,0.0101760113611817,57.980804443359375,288,True
torch_suite,normal_7,200,tiny-transformer-normal-7,0.0098837064579129,0.0162456668913364,0.0162456687539815,0.002,0.0101121412590146,57.98093032836914,288,True
torch_suite,normal_7,201,tiny-transformer-normal-7,0.0099266683682799,0.0165041964501142,0.0165041964501142,0.002,0.0101058529689908,57.981048583984375,288,True
torch_suite,normal_7,202,tiny-transformer-normal-7,0.0096357502043247,0.0159909445792436,0.0159909445792436,0.002,0.0100487349554896,57.98117065429688,288,True
torch_suite,normal_7,203,tiny-transformer-normal-7,0.0096194185316562,0.0156631972640752,0.0156631972640752,0.002,0.0100158266723155,57.98127746582031,288,True
torch_suite,normal_7,204,tiny-transformer-normal-7,0.0096010351553559,0.0158224441111087,0.0158224441111087,0.002,0.010087464004755,57.98137664794922,288,True
torch_suite,normal_7,205,tiny-transformer-normal-7,0.0096023101359605,0.0159199088811874,0.0159199070185422,0.002,0.0100383255630731,57.981475830078125,288,True
torch_suite,normal_7,206,tiny-transformer-normal-7,0.0094875432550907,0.0157857947051525,0.0157857928425073,0.002,0.0100473156198859,57.98157501220703,288,True
torch_suite,normal_7,207,tiny-transformer-normal-7,0.0094106281176209,0.015620476566255,0.0156204774975776,0.002,0.0100260032340884,57.981666564941406,288,True
torch_suite,normal_7,208,tiny-transformer-normal-7,0.0093246819451451,0.0154253905639052,0.0154253905639052,0.002,0.0100890425965189,57.98174285888672,288,True
torch_suite,normal_7,209,tiny-transformer-normal-7,0.0091963820159435,0.0155272707343101,0.0155272707343101,0.002,0.009908459149301,57.98182678222656,288,True
torch_suite,normal_7,210,tiny-transformer-normal-7,0.0090982234105467,0.0150092868134379,0.0150092868134379,0.002,0.0098206615075469,57.981895446777344,288,True
torch_suite,normal_7,211,tiny-transformer-normal-7,0.0090575544163584,0.0148478662595152,0.0148478671908378,0.002,0.0096802655607461,57.98194122314453,288,True
torch_suite,normal_7,212,tiny-transformer-normal-7,0.0090609667822718,0.0149411596357822,0.0149411605671048,0.002,0.0095784338191151,57.98199462890625,288,True
torch_suite,normal_7,213,tiny-transformer-normal-7,0.0089073488488793,0.0147115290164947,0.0147115280851721,0.002,0.00954479444772,57.98203659057617,288,True
torch_suite,normal_7,214,tiny-transformer-normal-7,0.0087789697572588,0.0146611211821436,0.0146611211821436,0.002,0.0095165837556123,57.982078552246094,288,True
torch_suite,normal_7,215,tiny-transformer-normal-7,0.0087124677374959,0.0146478880196809,0.0146478889510035,0.002,0.0095674199983477,57.98210906982422,288,True
torch_suite,normal_7,216,tiny-transformer-normal-7,0.0087436763569712,0.0145786553621292,0.0145786562934517,0.002,0.0095132822170853,57.98214721679688,288,True
torch_suite,normal_7,217,tiny-transformer-normal-7,0.0086122443899512,0.0145886475220322,0.0145886456593871,0.002,0.0095186429098248,57.98216247558594,288,True
torch_suite,normal_7,218,tiny-transformer-normal-7,0.0085359700024127,0.0141305895522236,0.0141305895522236,0.002,0.0093936417251825,57.982181549072266,288,True
torch_suite,normal_7,219,tiny-transformer-normal-7,0.0085364738479256,0.0140860043466091,0.0140860043466091,0.002,0.0093710981309413,57.982177734375,288,True
torch_suite,normal_7,220,tiny-transformer-normal-7,0.0084636909887194,0.0139830503612756,0.0139830503612756,0.002,0.0093029094859957,57.98217010498047,288,True
torch_suite,normal_7,221,tiny-transformer-normal-7,0.0083016967400908,0.0139755448326468,0.0139755457639694,0.002,0.0092862294986844,57.9821662902832,288,True
torch_suite,normal_7,222,tiny-transformer-normal-7,0.0083621889352798,0.013730140402913,0.0137301394715905,0.002,0.009210099466145,57.982154846191406,288,True
torch_suite,normal_7,223,tiny-transformer-normal-7,0.008273440413177,0.0137281455099582,0.0137281445786356,0.002,0.0090763187035918,57.98213195800781,288,True
torch_suite,normal_7,224,tiny-transformer-normal-7,0.008290079422295,0.0137930735945701,0.0137930745258927,0.002,0.0090018771588802,57.98211669921875,288,True
torch_suite,normal_7,225,tiny-transformer-normal-7,0.0081015340983867,0.0134657071903347,0.0134657071903347,0.002,0.0089284805580973,57.98209762573242,288,True
torch_suite,normal_7,226,tiny-transformer-normal-7,0.0081056840717792,0.0134572312235832,0.0134572312235832,0.002,0.0089349318295717,57.9820671081543,288,True
torch_suite,normal_7,227,tiny-transformer-normal-7,0.0081454403698444,0.0138620007783174,0.0138620007783174,0.002,0.0088048065081238,57.98202896118164,288,True
torch_suite,normal_7,228,tiny-transformer-normal-7,0.0079887360334396,0.0135683426633477,0.0135683426633477,0.002,0.0087251039221882,57.98198699951172,288,True
torch_suite,normal_7,229,tiny-transformer-normal-7,0.0079636992886662,0.013239680789411,0.0132396817207336,0.002,0.0086418585851788,57.9819450378418,288,True
torch_suite,normal_7,230,tiny-transformer-normal-7,0.0079680690541863,0.0132035939022898,0.0132035948336124,0.002,0.0086159510537981,57.98189163208008,288,True
torch_suite,normal_7,231,tiny-transformer-normal-7,0.0079285660758614,0.0134932911023497,0.0134932911023497,0.002,0.0085494061931967,57.98184585571289,288,True
torch_suite,normal_7,232,tiny-transformer-normal-7,0.0076294606551527,0.0128579791635274,0.0128579791635274,0.002,0.0084689278155565,57.98177719116211,288,True
torch_suite,normal_7,233,tiny-transformer-normal-7,0.0076840911060571,0.0127876652404665,0.0127876652404665,0.002,0.008439534343779,57.98171615600586,288,True
torch_suite,normal_7,234,tiny-transformer-normal-7,0.0075829764828085,0.0126648768782615,0.0126648768782615,0.002,0.0083744321018457,57.98165130615234,288,True
torch_suite,normal_7,235,tiny-transformer-normal-7,0.0076334201730787,0.0129069508984684,0.012906951829791,0.002,0.008378249593079,57.981571197509766,288,True
torch_suite,normal_7,236,tiny-transformer-normal-7,0.0075609032064676,0.0125493919476866,0.012549391016364,0.002,0.0083327479660511,57.98148727416992,288,True
torch_suite,normal_7,237,tiny-transformer-normal-7,0.0076834503561258,0.012895293533802,0.012895293533802,0.002,0.0083076460286974,57.98139572143555,288,True
torch_suite,normal_7,238,tiny-transformer-normal-7,0.0074988966807723,0.0125116296112537,0.0125116296112537,0.002,0.0082974499091506,57.98131942749024,288,True
torch_suite,normal_7,239,tiny-transformer-normal-7,0.0074508357793092,0.0124938217923045,0.0124938217923045,0.002,0.0083122197538614,57.98123550415039,288,True
torch_suite,normal_7,240,tiny-transformer-normal-7,0.0073358472436666,0.0122582707554101,0.0122582707554101,0.002,0.0082912370562553,57.98115539550781,288,True
torch_suite,normal_7,241,tiny-transformer-normal-7,0.0072482419200241,0.0120830293744802,0.0120830303058028,0.002,0.0082066757604479,57.98106002807617,288,True
torch_suite,normal_7,242,tiny-transformer-normal-7,0.007343825418502,0.0122868595644831,0.0122868586331605,0.002,0.0082900524139404,57.98094940185547,288,True
torch_suite,normal_7,243,tiny-transformer-normal-7,0.0073039107955992,0.0124492002651095,0.0124492011964321,0.002,0.0082227662205696,57.98085784912109,288,True
torch_suite,normal_7,244,tiny-transformer-normal-7,0.0071533787995576,0.0119642307981848,0.0119642307981848,0.002,0.0081126783043146,57.98076629638672,288,True
torch_suite,normal_7,245,tiny-transformer-normal-7,0.0071358862332999,0.0119226817041635,0.0119226826354861,0.002,0.0080820377916097,57.98067092895508,288,True
torch_suite,normal_7,246,tiny-transformer-normal-7,0.0069748545065522,0.0117054414004087,0.0117054414004087,0.002,0.0080544333904981,57.98056411743164,288,True
torch_suite,normal_7,247,tiny-transformer-normal-7,0.0069848797284066,0.0117005743086338,0.0117005752399563,0.002,0.0079901628196239,57.98046112060547,288,True
torch_suite,normal_7,248,tiny-transformer-normal-7,0.0070589696988463,0.0119680752977728,0.0119680752977728,0.002,0.0079389680176973,57.98034286499024,288,True
torch_suite,normal_7,249,tiny-transformer-normal-7,0.0068514216691255,0.0115597452968359,0.0115597452968359,0.002,0.0079232370480895,57.980224609375,288,True
torch_suite,normal_7,250,tiny-transformer-normal-7,0.0069494661875069,0.0117606660351157,0.0117606669664382,0.002,0.0078503210097551,57.98011016845703,288,True
torch_suite,normal_7,251,tiny-transformer-normal-7,0.0068276468664407,0.0114380130544304,0.0114380121231079,0.002,0.0077566439285874,57.97999572753906,288,True
torch_suite,normal_7,252,tiny-transformer-normal-7,0.0069179739803075,0.0116966385394334,0.011696639470756,0.002,0.0077546774409711,57.97986602783203,288,True
torch_suite,normal_7,253,tiny-transformer-normal-7,0.0068003791384398,0.0113678332418203,0.0113678323104977,0.002,0.0077285338193178,57.9797248840332,288,True
torch_suite,normal_7,254,tiny-transformer-normal-7,0.0067787412554025,0.01145257987082,0.0114525808021426,0.002,0.0077758687548339,57.9796028137207,288,True
torch_suite,normal_7,255,tiny-transformer-normal-7,0.0065909079276025,0.0110669834539294,0.0110669825226068,0.002,0.0077056810259819,57.97946548461914,288,True
torch_suite,normal_7,256,tiny-transformer-normal-7,0.0067255911417305,0.0113514773547649,0.0113514764234423,0.002,0.0077380277216434,57.97932815551758,288,True
torch_suite,normal_7,257,tiny-transformer-normal-7,0.0066513330675661,0.0112345274537801,0.0112345283851027,0.002,0.0077853137627244,57.97918701171875,288,True
torch_suite,normal_7,258,tiny-transformer-normal-7,0.0065526100806891,0.0110114542767405,0.0110114542767405,0.002,0.0077901254408061,57.97905731201172,288,True
torch_suite,normal_7,259,tiny-transformer-normal-7,0.0064600813202559,0.0108542572706937,0.0108542582020163,0.002,0.007651169784367,57.97890853881836,288,True
torch_suite,normal_7,260,tiny-transformer-normal-7,0.0063982657156884,0.0108718266710639,0.0108718266710639,0.002,0.0076098726131021,57.978763580322266,288,True
torch_suite,normal_7,261,tiny-transformer-normal-7,0.0064616845920681,0.0110550988465547,0.0110550997778773,0.002,0.0076037067919969,57.97859954833984,288,True
torch_suite,normal_7,262,tiny-transformer-normal-7,0.0063085318543016,0.0107475034892559,0.0107475034892559,0.002,0.0075058820657432,57.97843170166016,288,True
torch_suite,normal_7,263,tiny-transformer-normal-7,0.0063587194308638,0.010799990966916,0.010799990966916,0.002,0.0074373772367835,57.978248596191406,288,True
torch_suite,normal_7,264,tiny-transformer-normal-7,0.0063499175012111,0.0107564162462949,0.0107564162462949,0.002,0.0074845263734459,57.97806930541992,288,True
torch_suite,normal_7,265,tiny-transformer-normal-7,0.0062418254092335,0.0106471180915832,0.0106471171602606,0.002,0.0073847980238497,57.97789001464844,288,True
torch_suite,normal_7,266,tiny-transformer-normal-7,0.0062268008477985,0.0105440858751535,0.0105440858751535,0.002,0.0072576091624796,57.97770690917969,288,True
torch_suite,normal_7,267,tiny-transformer-normal-7,0.0061840382404625,0.0104748411104083,0.0104748420417308,0.002,0.0071961395442485,57.97751998901367,288,True
torch_suite,normal_7,268,tiny-transformer-normal-7,0.006101640406996,0.0104655195027589,0.0104655195027589,0.002,0.0071575092151761,57.977333068847656,288,True
torch_suite,normal_7,269,tiny-transformer-normal-7,0.0062127877026796,0.0106072844937443,0.0106072844937443,0.002,0.0071291830390691,57.97713470458984,288,True
torch_suite,normal_7,270,tiny-transformer-normal-7,0.0060518127866089,0.0102434586733579,0.0102434586733579,0.002,0.0071480837650597,57.9769401550293,288,True
torch_suite,normal_7,271,tiny-transformer-normal-7,0.0061034890823066,0.0105652473866939,0.0105652473866939,0.002,0.0070903813466429,57.97673797607422,288,True
torch_suite,normal_7,272,tiny-transformer-normal-7,0.0060138907283544,0.0102187506854534,0.0102187506854534,0.002,0.0070258625783026,57.976524353027344,288,True
torch_suite,normal_7,273,tiny-transformer-normal-7,0.0060818120837211,0.0104026049375534,0.0104026058688759,0.002,0.007014678325504,57.976318359375,288,True
torch_suite,normal_7,274,tiny-transformer-normal-7,0.0060289707034826,0.0103543438017368,0.0103543438017368,0.002,0.0070779710076749,57.9760971069336,288,True
torch_suite,normal_7,275,tiny-transformer-normal-7,0.0058952514082193,0.0100181140005588,0.0100181130692362,0.002,0.0070455940440297,57.97587966918945,288,True
torch_suite,normal_7,276,tiny-transformer-normal-7,0.0058490200899541,0.0100980419665575,0.0100980419665575,0.002,0.0070173097774386,57.97565841674805,288,True
torch_suite,normal_7,277,tiny-transformer-normal-7,0.0058210026472806,0.0099725872278213,0.0099725881591439,0.002,0.0069679385051131,57.97543716430664,288,True
torch_suite,normal_7,278,tiny-transformer-normal-7,0.0057943076826632,0.0098750339820981,0.0098750339820981,0.002,0.0069707464426755,57.97520446777344,288,True
torch_suite,normal_7,279,tiny-transformer-normal-7,0.0058421222493052,0.0099289892241358,0.0099289901554584,0.002,0.0070090340450406,57.9749641418457,288,True
torch_suite,normal_7,280,tiny-transformer-normal-7,0.0057637193240225,0.0098837260156869,0.0098837269470095,0.002,0.0069863186217844,57.974727630615234,288,True
torch_suite,normal_7,281,tiny-transformer-normal-7,0.0056966454721987,0.0097939660772681,0.0097939651459455,0.002,0.0068781967274844,57.9744758605957,288,True
torch_suite,normal_7,282,tiny-transformer-normal-7,0.0056302342563867,0.0095816515386104,0.0095816515386104,0.002,0.0068173999898135,57.97422409057617,288,True
torch_suite,normal_7,283,tiny-transformer-normal-7,0.0055897259153425,0.0095940493047237,0.0095940502360463,0.002,0.0067992224358022,57.973968505859375,288,True
torch_suite,normal_7,284,tiny-transformer-normal-7,0.0056366645731031,0.0096245724707841,0.0096245734021067,0.002,0.0067952969111502,57.97369766235352,288,True
torch_suite,normal_7,285,tiny-transformer-normal-7,0.0055714077316224,0.0096014300361275,0.0096014309674501,0.002,0.0067759174853563,57.97343444824219,288,True
torch_suite,normal_7,286,tiny-transformer-normal-7,0.0055471588857471,0.0094774896278977,0.0094774896278977,0.002,0.0067350612953305,57.97316360473633,288,True
torch_suite,normal_7,287,tiny-transformer-normal-7,0.0055616130121052,0.0096075106412172,0.0096075106412172,0.002,0.006718220654875,57.97288131713867,288,True
torch_suite,normal_7,288,tiny-transformer-normal-7,0.0055573005229234,0.0094984974712133,0.0094984974712133,0.002,0.0066984030418097,57.97259521484375,288,True
torch_suite,normal_7,289,tiny-transformer-normal-7,0.0054762591607868,0.0094639733433723,0.0094639742746949,0.002,0.0066714296117424,57.97231674194336,288,True
torch_suite,normal_7,290,tiny-transformer-normal-7,0.0054574813693761,0.0095670130103826,0.0095670139417052,0.002,0.0066865519620478,57.9720458984375,288,True
torch_suite,normal_7,291,tiny-transformer-normal-7,0.0054582948796451,0.0095585156232118,0.0095585156232118,0.002,0.0066371993161737,57.97176361083984,288,True
torch_suite,normal_7,292,tiny-transformer-normal-7,0.0053314459510147,0.0091676190495491,0.0091676181182265,0.002,0.0065697813406586,57.97146987915039,288,True
torch_suite,normal_7,293,tiny-transformer-normal-7,0.005346633028239,0.0091079333797097,0.0091079324483871,0.002,0.0064920466393232,57.9711799621582,288,True
torch_suite,normal_7,294,tiny-transformer-normal-7,0.005351772531867,0.0091287586838006,0.0091287586838006,0.002,0.0064326105639338,57.970890045166016,288,True
torch_suite,normal_7,295,tiny-transformer-normal-7,0.0052241468802094,0.0089525496587157,0.0089525496587157,0.002,0.0064129955135285,57.97059631347656,288,True
torch_suite,normal_7,296,tiny-transformer-normal-7,0.0051722321659326,0.0088462615385651,0.0088462615385651,0.002,0.0063445409759879,57.97030258178711,288,True
torch_suite,normal_7,297,tiny-transformer-normal-7,0.0052301082760095,0.0089277941733598,0.0089277941733598,0.002,0.0063058920204639,57.970001220703125,288,True
torch_suite,normal_7,298,tiny-transformer-normal-7,0.0051991394720971,0.0089277513325214,0.0089277513325214,0.002,0.0063056950457394,57.969703674316406,288,True
torch_suite,normal_7,299,tiny-transformer-normal-7,0.0051572415977716,0.0089381095021963,0.0089381095021963,0.002,0.0063516520895063,57.96939468383789,288,True
torch_suite,normal_7,300,tiny-transformer-normal-7,0.0051243002526462,0.0087223956361413,0.0087223947048187,0.002,0.0063158334232866,57.96907806396485,288,True
torch_suite,normal_7,301,tiny-transformer-normal-7,0.0051946556195616,0.0089119020849466,0.008911901153624,0.002,0.0062854341231286,57.9687728881836,288,True
torch_suite,normal_7,302,tiny-transformer-normal-7,0.0051639252342283,0.0089786322787404,0.0089786322787404,0.002,0.0063439370132982,57.96845245361328,288,True
torch_suite,normal_7,303,tiny-transformer-normal-7,0.0050900229252874,0.0087661212310194,0.0087661212310194,0.002,0.0063877822831273,57.96814727783203,288,True
torch_suite,normal_7,304,tiny-transformer-normal-7,0.0050624329596757,0.0087448097765445,0.0087448097765445,0.002,0.0063974275253713,57.96783065795898,288,True
torch_suite,normal_7,305,tiny-transformer-normal-7,0.0050495094619691,0.0087015517055988,0.0087015517055988,0.002,0.0064192460849881,57.96751403808594,288,True
torch_suite,normal_7,306,tiny-transformer-normal-7,0.0050040981732308,0.0085687870159745,0.0085687870159745,0.002,0.0064010247588157,57.96718978881836,288,True
torch_suite,normal_7,307,tiny-transformer-normal-7,0.0049520260654389,0.0084575256332755,0.0084575256332755,0.002,0.0063334391452372,57.96685409545898,288,True
torch_suite,normal_7,308,tiny-transformer-normal-7,0.0048945317976176,0.0083799650892615,0.0083799650892615,0.002,0.0062459534965455,57.966529846191406,288,True
torch_suite,normal_7,309,tiny-transformer-normal-7,0.0048865978606045,0.0083600850775837,0.0083600850775837,0.002,0.0062314211390912,57.9661979675293,288,True
torch_suite,normal_7,310,tiny-transformer-normal-7,0.004926033783704,0.0085385534912347,0.0085385534912347,0.002,0.006250177975744,57.96586227416992,288,True
torch_suite,normal_7,311,tiny-transformer-normal-7,0.0048457505181431,0.0083880955353379,0.0083880955353379,0.002,0.0062623023986816,57.96552658081055,288,True
torch_suite,normal_7,312,tiny-transformer-normal-7,0.0048168427310884,0.0083085214719176,0.0083085214719176,0.002,0.0062293293885886,57.965179443359375,288,True
torch_suite,normal_7,313,tiny-transformer-normal-7,0.0048701642081141,0.0083295991644263,0.0083295991644263,0.002,0.0061954744160175,57.96482849121094,288,True
torch_suite,normal_7,314,tiny-transformer-normal-7,0.0047809309326112,0.00820336304605,0.00820336304605,0.002,0.0061072763055562,57.96449661254883,288,True
torch_suite,normal_7,315,tiny-transformer-normal-7,0.0048072542995214,0.0082415025681257,0.0082415034994483,0.002,0.0060882046818733,57.964149475097656,288,True
torch_suite,normal_7,316,tiny-transformer-normal-7,0.0047530052252113,0.0081465439870953,0.0081465449184179,0.002,0.0060396823100745,57.963809967041016,288,True
torch_suite,normal_7,317,tiny-transformer-normal-7,0.0047144722193479,0.0080667221918702,0.0080667212605476,0.002,0.006054304074496,57.96346664428711,288,True
torch_suite,normal_7,318,tiny-transformer-normal-7,0.0046682371757924,0.0080312071368098,0.0080312071368098,0.002,0.0060201771557331,57.96311569213867,288,True
torch_suite,normal_7,319,tiny-transformer-normal-7,0.0046407878398895,0.0081178452819585,0.0081178462132811,0.002,0.0059492234140634,57.96276473999024,288,True
strong_stress,strong_lr_31,0,tiny-transformer-lr_fault-31,3.7314937114715576,0.97236305475235,0.9723631143569946,0.002,0.4105514883995056,56.76891326904297,288,True
strong_stress,strong_lr_31,1,tiny-transformer-lr_fault-31,3.573953866958618,0.914807915687561,0.914807915687561,0.002,0.3483931720256805,56.76714324951172,288,True
strong_stress,strong_lr_31,2,tiny-transformer-lr_fault-31,3.455621719360352,0.9659753441810608,0.965975284576416,0.002,0.3295793533325195,56.76749420166016,288,True
strong_stress,strong_lr_31,3,tiny-transformer-lr_fault-31,3.323021411895752,0.910647988319397,0.9106479287147522,0.002,0.3167017698287964,56.769866943359375,288,True
strong_stress,strong_lr_31,4,tiny-transformer-lr_fault-31,3.2699153423309326,0.9134142994880676,0.9134142994880676,0.002,0.3102695643901825,56.77344512939453,288,True
strong_stress,strong_lr_31,5,tiny-transformer-lr_fault-31,3.1112189292907715,0.9262657761573792,0.9262658953666688,0.002,0.3047099709510803,56.77766799926758,288,True
strong_stress,strong_lr_31,6,tiny-transformer-lr_fault-31,2.9951701164245605,0.9005013108253479,0.9005013704299927,0.002,0.3036196827888489,56.783302307128906,288,True
strong_stress,strong_lr_31,7,tiny-transformer-lr_fault-31,2.880156993865967,0.8884264826774597,0.8884264826774597,0.002,0.3022916615009308,56.79063415527344,288,True
strong_stress,strong_lr_31,8,tiny-transformer-lr_fault-31,2.770092248916626,0.887518584728241,0.887518584728241,0.002,0.3034219443798065,56.799259185791016,288,True
strong_stress,strong_lr_31,9,tiny-transformer-lr_fault-31,2.655632734298706,0.9212236404418944,0.9212235808372498,0.002,0.3028672635555267,56.8095817565918,288,True
strong_stress,strong_lr_31,10,tiny-transformer-lr_fault-31,2.5753095149993896,0.8943307399749756,0.8943307399749756,0.002,0.3010556995868683,56.82170867919922,288,True
strong_stress,strong_lr_31,11,tiny-transformer-lr_fault-31,2.4656543731689453,0.8662533164024353,0.8662533164024353,0.002,0.3029650151729584,56.83514022827149,288,True
strong_stress,strong_lr_31,12,tiny-transformer-lr_fault-31,2.325289726257324,0.8727163672447205,0.8727163672447205,0.002,0.3013122975826263,56.85018157958984,288,True
strong_stress,strong_lr_31,13,tiny-transformer-lr_fault-31,2.241740703582764,0.8683655261993408,0.8683655858039856,0.002,0.3007793426513672,56.86676788330078,288,True
strong_stress,strong_lr_31,14,tiny-transformer-lr_fault-31,2.1352663040161133,0.842780351638794,0.842780351638794,0.002,0.3014554381370544,56.88454818725586,288,True
strong_stress,strong_lr_31,15,tiny-transformer-lr_fault-31,2.039670705795288,0.865856409072876,0.8658564686775208,0.002,0.2993691265583038,56.90386962890625,288,True
strong_stress,strong_lr_31,16,tiny-transformer-lr_fault-31,1.919564962387085,0.8334881663322449,0.8334881663322449,0.002,0.2991898357868194,56.92449188232422,288,True
strong_stress,strong_lr_31,17,tiny-transformer-lr_fault-31,1.795768976211548,0.8461208343505859,0.8461208343505859,0.002,0.2968962788581848,56.9466667175293,288,True
strong_stress,strong_lr_31,18,tiny-transformer-lr_fault-31,1.7552156448364258,0.824052631855011,0.8240526914596558,0.002,0.2946769893169403,56.96969985961914,288,True
strong_stress,strong_lr_31,19,tiny-transformer-lr_fault-31,1.5835787057876587,0.7856696248054504,0.7856696248054504,0.002,0.2918363511562347,56.99396896362305,288,True
strong_stress,strong_lr_31,20,tiny-transformer-lr_fault-31,1.4783960580825806,0.7721293568611145,0.7721293568611145,0.002,0.2893528342247009,57.01921081542969,288,True
strong_stress,strong_lr_31,21,tiny-transformer-lr_fault-31,1.4151884317398071,0.7681942582130432,0.7681942582130432,0.002,0.2869177460670471,57.0455207824707,288,True
strong_stress,strong_lr_31,22,tiny-transformer-lr_fault-31,1.3235876560211182,0.74315345287323,0.74315345287323,0.002,0.2853418290615082,57.07248306274414,288,True
strong_stress,strong_lr_31,23,tiny-transformer-lr_fault-31,1.2388262748718262,0.7267767786979675,0.7267767786979675,0.002,0.2830721437931061,57.10032653808594,288,True
strong_stress,strong_lr_31,24,tiny-transformer-lr_fault-31,1.177927851676941,0.732871949672699,0.732871949672699,0.002,0.2801259458065033,57.12876129150391,288,True
strong_stress,strong_lr_31,25,tiny-transformer-lr_fault-31,1.0635313987731934,0.7017191648483276,0.7017191648483276,0.002,0.2768093943595886,57.15755462646485,288,True
strong_stress,strong_lr_31,26,tiny-transformer-lr_fault-31,0.9957364201545716,0.6686898469924927,0.6686897873878479,0.002,0.273147851228714,57.18669891357422,288,True
strong_stress,strong_lr_31,27,tiny-transformer-lr_fault-31,0.9278767108917236,0.6717445850372314,0.6717445850372314,0.002,0.2675206959247589,57.21597290039063,288,True
strong_stress,strong_lr_31,28,tiny-transformer-lr_fault-31,0.8633972406387329,0.6247405409812927,0.6247405409812927,0.002,0.2616052031517029,57.24519348144531,288,True
strong_stress,strong_lr_31,29,tiny-transformer-lr_fault-31,0.7906814217567444,0.6054121255874634,0.6054121851921082,0.002,0.2565469145774841,57.27438735961914,288,True
strong_stress,strong_lr_31,30,tiny-transformer-lr_fault-31,0.725144624710083,0.5895233154296875,0.5895232558250427,0.002,0.2512447237968445,57.30337905883789,288,True
strong_stress,strong_lr_31,31,tiny-transformer-lr_fault-31,0.7067170739173889,0.5559927225112915,0.5559927225112915,0.002,0.2459349036216735,57.33207321166992,288,True
strong_stress,strong_lr_31,32,tiny-transformer-lr_fault-31,0.6702839136123657,0.5599350333213806,0.5599350929260254,0.002,0.2411121577024459,57.36051177978516,288,True
strong_stress,strong_lr_31,33,tiny-transformer-lr_fault-31,0.5824525952339172,0.5064684152603149,0.5064684152603149,0.002,0.2351883947849273,57.38842391967773,288,True
strong_stress,strong_lr_31,34,tiny-transformer-lr_fault-31,0.5541775226593018,0.4869382381439209,0.4869382679462433,0.002,0.2298538088798523,57.41575622558594,288,True
strong_stress,strong_lr_31,35,tiny-transformer-lr_fault-31,0.5293643474578857,0.5073082447052002,0.5073082447052002,0.002,0.2244197428226471,57.44253921508789,288,True
strong_stress,strong_lr_31,36,tiny-transformer-lr_fault-31,0.4970245957374573,0.4610714912414551,0.4610714614391327,0.002,0.219278872013092,57.46852493286133,288,True
strong_stress,strong_lr_31,37,tiny-transformer-lr_fault-31,0.4378592073917389,0.4285893440246582,0.4285893738269806,0.002,0.2133488804101944,57.49365615844727,288,True
strong_stress,strong_lr_31,38,tiny-transformer-lr_fault-31,0.4070349931716919,0.4041669964790344,0.4041670262813568,0.002,0.2073399275541305,57.518104553222656,288,True
strong_stress,strong_lr_31,39,tiny-transformer-lr_fault-31,0.3809909224510193,0.3816820085048675,0.3816819787025451,0.002,0.2008548825979232,57.541770935058594,288,True
strong_stress,strong_lr_31,40,tiny-transformer-lr_fault-31,0.3715476393699646,0.3992909491062164,0.399290919303894,0.002,0.1961153447628021,57.56474304199219,288,True
strong_stress,strong_lr_31,41,tiny-transformer-lr_fault-31,0.3225553631782532,0.3438917994499206,0.3438917696475982,0.002,0.1885448545217514,57.58702087402344,288,True
strong_stress,strong_lr_31,42,tiny-transformer-lr_fault-31,0.3016079664230346,0.3288728892803192,0.3288728594779968,0.002,0.1819901317358017,57.6086540222168,288,True
strong_stress,strong_lr_31,43,tiny-transformer-lr_fault-31,0.2802348434925079,0.312008261680603,0.3120082914829254,0.002,0.1746727526187896,57.62953567504883,288,True
strong_stress,strong_lr_31,44,tiny-transformer-lr_fault-31,0.2616225481033325,0.2963081896305084,0.296308159828186,0.002,0.1680435240268707,57.649658203125,288,True
strong_stress,strong_lr_31,45,tiny-transformer-lr_fault-31,0.2496144771575927,0.2860381305217743,0.2860381305217743,0.002,0.1612505912780761,57.66899108886719,288,True
strong_stress,strong_lr_31,46,tiny-transformer-lr_fault-31,0.2326188087463379,0.2706167697906494,0.2706167995929718,0.002,0.1550427824258804,57.6875228881836,288,True
strong_stress,strong_lr_31,47,tiny-transformer-lr_fault-31,0.2158476263284683,0.2561978697776794,0.2561978697776794,0.002,0.1486720889806747,57.70521926879883,288,True
strong_stress,strong_lr_31,48,tiny-transformer-lr_fault-31,0.2056934237480163,0.2547267973423004,0.2547267973423004,0.002,0.1430652737617492,57.7221565246582,288,True
strong_stress,strong_lr_31,49,tiny-transformer-lr_fault-31,0.1898684501647949,0.2260628491640091,0.2260628491640091,0.002,0.1374132931232452,57.73825073242188,288,True
strong_stress,strong_lr_31,50,tiny-transformer-lr_fault-31,0.1800500750541687,0.2202767580747604,0.2202767431735992,0.002,0.1321857869625091,57.75366973876953,288,True
strong_stress,strong_lr_31,51,tiny-transformer-lr_fault-31,0.170224979519844,0.2152690291404724,0.2152690291404724,0.002,0.1274596899747848,57.768402099609375,288,True
strong_stress,strong_lr_31,52,tiny-transformer-lr_fault-31,0.1581932157278061,0.1956596672534942,0.1956596821546554,0.002,0.1222514510154724,57.78235626220703,288,True
strong_stress,strong_lr_31,53,tiny-transformer-lr_fault-31,0.1491517126560211,0.1841932982206344,0.1841932982206344,0.002,0.1174147874116897,57.79568862915039,288,True
strong_stress,strong_lr_31,54,tiny-transformer-lr_fault-31,0.1388874500989914,0.1760162860155105,0.1760162860155105,0.002,0.1121659576892852,57.808380126953125,288,True
strong_stress,strong_lr_31,55,tiny-transformer-lr_fault-31,0.1324150413274765,0.1706418246030807,0.1706418246030807,0.002,0.1072824820876121,57.82049560546875,288,True
strong_stress,strong_lr_31,56,tiny-transformer-lr_fault-31,0.1249336898326873,0.163089171051979,0.1630891859531402,0.002,0.1030443832278251,57.8320198059082,288,True
strong_stress,strong_lr_31,57,tiny-transformer-lr_fault-31,0.119367204606533,0.1548689752817154,0.1548689752817154,0.002,0.0987536758184433,57.84301376342773,288,True
strong_stress,strong_lr_31,58,tiny-transformer-lr_fault-31,0.1142230331897735,0.1504326313734054,0.1504326313734054,0.002,0.0947771295905113,57.85347366333008,288,True
strong_stress,strong_lr_31,59,tiny-transformer-lr_fault-31,0.1069081425666809,0.1440921574831009,0.1440921574831009,0.002,0.0909910798072815,57.86338806152344,288,True
strong_stress,strong_lr_31,60,tiny-transformer-lr_fault-31,0.1044264286756515,0.1380678713321685,0.1380678564310073,0.002,0.0873836427927017,57.872825622558594,288,True
strong_stress,strong_lr_31,61,tiny-transformer-lr_fault-31,0.1013749986886978,0.1350189298391342,0.1350189298391342,0.002,0.0841888114809989,57.88180160522461,288,True
strong_stress,strong_lr_31,62,tiny-transformer-lr_fault-31,0.0945929288864135,0.1266400814056396,0.1266400814056396,0.002,0.0808968096971511,57.89035034179688,288,True
strong_stress,strong_lr_31,63,tiny-transformer-lr_fault-31,0.0902627483010292,0.1241980418562889,0.1241980418562889,0.002,0.0776041448116302,57.89848709106445,288,True
strong_stress,strong_lr_31,64,tiny-transformer-lr_fault-31,0.0865382403135299,0.1158272325992584,0.115827240049839,0.002,0.0746643915772438,57.90620803833008,288,True
strong_stress,strong_lr_31,65,tiny-transformer-lr_fault-31,0.084208607673645,0.1143779531121254,0.1143779531121254,0.002,0.0720279216766357,57.913536071777344,288,True
strong_stress,strong_lr_31,66,tiny-transformer-lr_fault-31,0.0797118246555328,0.1088228747248649,0.1088228598237037,0.002,0.0693743303418159,57.92051696777344,288,True
strong_stress,strong_lr_31,67,tiny-transformer-lr_fault-31,0.0781082808971405,0.1083907708525657,0.1083907783031463,0.002,0.0667050555348396,57.92715072631836,288,True
strong_stress,strong_lr_31,68,tiny-transformer-lr_fault-31,0.0729425922036171,0.1018507331609726,0.1018507331609726,0.002,0.0639002695679664,57.93344879150391,288,True
strong_stress,strong_lr_31,69,tiny-transformer-lr_fault-31,0.0726094469428062,0.1025872454047203,0.1025872528553009,0.002,0.0615081489086151,57.939430236816406,288,True
strong_stress,strong_lr_31,70,tiny-transformer-lr_fault-31,0.0719949901103973,0.1022643521428108,0.1022643595933914,0.002,0.0596056841313838,57.945098876953125,288,True
strong_stress,strong_lr_31,71,tiny-transformer-lr_fault-31,0.0682119652628898,0.0965081751346588,0.0965081751346588,0.002,0.0574579387903213,57.95045852661133,288,True
strong_stress,strong_lr_31,72,tiny-transformer-lr_fault-31,0.0649652630090713,0.0919267535209655,0.0919267609715461,0.002,0.0551680736243724,57.95553207397461,288,True
strong_stress,strong_lr_31,73,tiny-transformer-lr_fault-31,0.06361935287714,0.0898120105266571,0.0898120179772377,0.002,0.0533822551369667,57.96036529541016,288,True
strong_stress,strong_lr_31,74,tiny-transformer-lr_fault-31,0.0603167675435543,0.0858700722455978,0.0858700796961784,0.002,0.0513169318437576,57.96494674682617,288,True
strong_stress,strong_lr_31,75,tiny-transformer-lr_fault-31,0.0599931813776493,0.0855554565787315,0.0855554565787315,0.002,0.0498855523765087,57.96929168701172,288,True
strong_stress,strong_lr_31,76,tiny-transformer-lr_fault-31,0.0578043200075626,0.0846963748335838,0.0846963673830032,0.002,0.0482599325478076,57.97346115112305,288,True
strong_stress,strong_lr_31,77,tiny-transformer-lr_fault-31,0.0567861646413803,0.0819246396422386,0.081924632191658,0.002,0.0468694865703582,57.9774284362793,288,True
strong_stress,strong_lr_31,78,tiny-transformer-lr_fault-31,0.0533045679330825,0.0768668949604034,0.0768668949604034,0.002,0.0451123267412185,57.981204986572266,288,True
strong_stress,strong_lr_31,79,tiny-transformer-lr_fault-31,0.0535295717418193,0.0796123892068862,0.0796123817563057,0.002,0.0437856838107109,57.98482131958008,288,True
strong_stress,strong_lr_31,80,tiny-transformer-lr_fault-31,0.0515341907739639,0.0745568200945854,0.0745568200945854,0.002,0.0424436666071414,57.98823928833008,288,True
strong_stress,strong_lr_31,81,tiny-transformer-lr_fault-31,0.0503698214888572,0.0726661682128906,0.0726661682128906,0.002,0.0413330905139446,57.99150466918945,288,True
strong_stress,strong_lr_31,82,tiny-transformer-lr_fault-31,0.0495542585849761,0.0720428228378295,0.0720428153872489,0.002,0.0404184311628341,57.99459838867188,288,True
strong_stress,strong_lr_31,83,tiny-transformer-lr_fault-31,0.0481583140790462,0.0691153854131698,0.0691153928637504,0.002,0.0394212938845157,57.99755859375,288,True
strong_stress,strong_lr_31,84,tiny-transformer-lr_fault-31,0.0459033362567424,0.0663908496499061,0.0663908496499061,0.002,0.0381442084908485,58.00038909912109,288,True
strong_stress,strong_lr_31,85,tiny-transformer-lr_fault-31,0.0449856780469417,0.0651979446411132,0.0651979446411132,0.002,0.0369924381375312,58.00312042236328,288,True
strong_stress,strong_lr_31,86,tiny-transformer-lr_fault-31,0.0449208281934261,0.0665503516793251,0.0665503516793251,0.002,0.0361308120191097,58.0057373046875,288,True
strong_stress,strong_lr_31,87,tiny-transformer-lr_fault-31,0.0435367114841938,0.0636496096849441,0.0636496096849441,0.002,0.0351622216403484,58.00825881958008,288,True
strong_stress,strong_lr_31,88,tiny-transformer-lr_fault-31,0.0417775213718414,0.0611635185778141,0.0611635111272335,0.002,0.0342510156333446,58.01071166992188,288,True
strong_stress,strong_lr_31,89,tiny-transformer-lr_fault-31,0.0413973703980445,0.0605194792151451,0.0605194792151451,0.002,0.0332958623766899,58.0130615234375,288,True
strong_stress,strong_lr_31,90,tiny-transformer-lr_fault-31,0.0414689593017101,0.0615724064409732,0.0615724064409732,0.002,0.0324361659586429,58.01533508300781,288,True
strong_stress,strong_lr_31,91,tiny-transformer-lr_fault-31,0.0404703393578529,0.0607243441045284,0.0607243441045284,0.002,0.0317437648773193,58.01750946044922,288,True
strong_stress,strong_lr_31,92,tiny-transformer-lr_fault-31,0.039209708571434,0.0590182021260261,0.0590182021260261,0.002,0.0311577003449201,58.01959609985352,288,True
strong_stress,strong_lr_31,93,tiny-transformer-lr_fault-31,0.0386804342269897,0.0563484616577625,0.0563484653830528,0.002,0.0305107180029153,58.021602630615234,288,True
strong_stress,strong_lr_31,94,tiny-transformer-lr_fault-31,0.036777064204216,0.0546449348330497,0.0546449311077594,0.002,0.0298890694975852,58.02354049682617,288,True
strong_stress,strong_lr_31,95,tiny-transformer-lr_fault-31,0.0366052202880382,0.0538873299956321,0.0538873299956321,0.002,0.0292873717844486,58.02541732788086,288,True
strong_stress,strong_lr_31,96,tiny-transformer-lr_fault-31,0.0361707247793674,0.053650252521038,0.053650252521038,0.002,0.0286546926945447,58.02724075317383,288,True
strong_stress,strong_lr_31,97,tiny-transformer-lr_fault-31,0.0351263210177421,0.0522966980934143,0.0522966980934143,0.002,0.027970440685749,58.02899932861328,288,True
strong_stress,strong_lr_31,98,tiny-transformer-lr_fault-31,0.0351067893207073,0.0526836402714252,0.0526836402714252,0.002,0.027473259717226,58.03072738647461,288,True
strong_stress,strong_lr_31,99,tiny-transformer-lr_fault-31,0.0345707349479198,0.05307512357831,0.0530751198530197,0.002,0.0270944107323884,58.03240966796875,288,True
strong_stress,strong_lr_31,100,tiny-transformer-lr_fault-31,0.0336441770195961,0.0499941036105155,0.0499941036105155,0.002,0.0265816058963537,58.03403091430664,288,True
strong_stress,strong_lr_31,101,tiny-transformer-lr_fault-31,0.0330094508826732,0.0493996515870094,0.0493996515870094,0.002,0.0261415299028158,58.03562927246094,288,True
strong_stress,strong_lr_31,102,tiny-transformer-lr_fault-31,0.0321699902415275,0.0487535074353218,0.0487535111606121,0.002,0.0257220976054668,58.03717803955078,288,True
strong_stress,strong_lr_31,103,tiny-transformer-lr_fault-31,0.0314559414982795,0.0472529456019401,0.0472529456019401,0.002,0.0251363087445497,58.03866958618164,288,True
strong_stress,strong_lr_31,104,tiny-transformer-lr_fault-31,0.0311874374747276,0.0479743890464305,0.0479743890464305,0.002,0.0244880504906177,58.04011917114258,288,True
strong_stress,strong_lr_31,105,tiny-transformer-lr_fault-31,0.0310509204864501,0.0469182468950748,0.0469182468950748,0.002,0.0239799730479717,58.0415267944336,288,True
strong_stress,strong_lr_31,106,tiny-transformer-lr_fault-31,0.0299478396773338,0.0453400984406471,0.0453400984406471,0.002,0.0235549192875623,58.04289245605469,288,True
strong_stress,strong_lr_31,107,tiny-transformer-lr_fault-31,0.0298792254179716,0.045299794524908,0.0452997982501983,0.002,0.023288419470191,58.04420471191406,288,True
strong_stress,strong_lr_31,108,tiny-transformer-lr_fault-31,0.029348125681281,0.0447783209383487,0.0447783209383487,0.002,0.0228639580309391,58.04551315307617,288,True
strong_stress,strong_lr_31,109,tiny-transformer-lr_fault-31,0.0288148391991853,0.0440938025712966,0.0440938025712966,0.002,0.0225633066147565,58.046756744384766,288,True
strong_stress,strong_lr_31,110,tiny-transformer-lr_fault-31,0.0281256269663572,0.0428008735179901,0.0428008772432804,0.002,0.0221509411931037,58.04798889160156,288,True
strong_stress,strong_lr_31,111,tiny-transformer-lr_fault-31,0.0276241563260555,0.0428335592150688,0.0428335592150688,0.002,0.0218704082071781,58.04918670654297,288,True
strong_stress,strong_lr_31,112,tiny-transformer-lr_fault-31,0.0273582134395837,0.0419522337615489,0.0419522374868392,0.002,0.0217053797096014,58.05035018920898,288,True
strong_stress,strong_lr_31,113,tiny-transformer-lr_fault-31,0.026998097077012,0.0423258505761623,0.042325846850872,0.002,0.0214408468455076,58.05147552490234,288,True
strong_stress,strong_lr_31,114,tiny-transformer-lr_fault-31,0.0263536926358938,0.0399322621524333,0.0399322621524333,0.002,0.0211725141853094,58.05259323120117,288,True
strong_stress,strong_lr_31,115,tiny-transformer-lr_fault-31,0.0262366700917482,0.0398755073547363,0.0398755073547363,0.002,0.0208538938313722,58.053672790527344,288,True
strong_stress,strong_lr_31,116,tiny-transformer-lr_fault-31,0.0257727839052677,0.0394006259739398,0.0394006259739398,0.002,0.0207410864531993,58.05474090576172,288,True
strong_stress,strong_lr_31,117,tiny-transformer-lr_fault-31,0.0258929170668125,0.0391081012785434,0.0391081050038337,0.002,0.0205566305667161,58.05579376220703,288,True
strong_stress,strong_lr_31,118,tiny-transformer-lr_fault-31,0.0254556015133857,0.0389382019639015,0.0389382019639015,0.002,0.0204423051327466,58.05681991577149,288,True
strong_stress,strong_lr_31,119,tiny-transformer-lr_fault-31,0.0246552359312772,0.0385445207357406,0.0385445207357406,0.002,0.0199792888015508,58.05781555175781,288,True
strong_stress,strong_lr_31,120,tiny-transformer-lr_fault-31,0.0246223323047161,0.0378571674227714,0.0378571711480617,0.002,0.0196495857089757,58.058780670166016,288,True
strong_stress,strong_lr_31,121,tiny-transformer-lr_fault-31,0.0239647850394248,0.0369649156928062,0.0369649156928062,0.002,0.0193687155842781,58.059715270996094,288,True
strong_stress,strong_lr_31,122,tiny-transformer-lr_fault-31,0.0234235897660255,0.0366560444235801,0.0366560444235801,0.002,0.0190977435559034,58.06063079833984,288,True
strong_stress,strong_lr_31,123,tiny-transformer-lr_fault-31,0.0228456519544124,0.0349187031388282,0.0349187031388282,0.002,0.0188290029764175,58.06153869628906,288,True
strong_stress,strong_lr_31,124,tiny-transformer-lr_fault-31,0.0232550892978906,0.0361756943166255,0.0361756943166255,0.002,0.0186167228966951,58.06243515014648,288,True
strong_stress,strong_lr_31,125,tiny-transformer-lr_fault-31,0.0228306967765092,0.0353777930140495,0.0353777892887592,0.002,0.0183605141937732,58.06328582763672,288,True
strong_stress,strong_lr_31,126,tiny-transformer-lr_fault-31,0.0224402528256177,0.034349750727415,0.034349750727415,0.002,0.0180868823081254,58.06412887573242,288,True
strong_stress,strong_lr_31,127,tiny-transformer-lr_fault-31,0.0224841628223657,0.035144854336977,0.0351448580622673,0.002,0.0180051978677511,58.06492614746094,288,True
strong_stress,strong_lr_31,128,tiny-transformer-lr_fault-31,0.0222105905413627,0.0339922234416008,0.0339922234416008,0.002,0.0178862921893596,58.06571960449219,288,True
strong_stress,strong_lr_31,129,tiny-transformer-lr_fault-31,0.021825673058629,0.0339595191180706,0.0339595191180706,0.002,0.017775734886527,58.06649398803711,288,True
strong_stress,strong_lr_31,130,tiny-transformer-lr_fault-31,0.021216033026576,0.0327332615852355,0.0327332615852355,0.002,0.0175798181444406,58.06723785400391,288,True
strong_stress,strong_lr_31,131,tiny-transformer-lr_fault-31,0.0212406124919652,0.0327213369309902,0.0327213332056999,0.002,0.0174556467682123,58.06797409057617,288,True
strong_stress,strong_lr_31,132,tiny-transformer-lr_fault-31,0.0207630302757024,0.0319819338619709,0.0319819338619709,0.002,0.0173451676964759,58.068695068359375,288,True
strong_stress,strong_lr_31,133,tiny-transformer-lr_fault-31,0.0206936821341514,0.0321594700217247,0.032159473747015,0.002,0.0171606820076704,58.06940841674805,288,True
strong_stress,strong_lr_31,134,tiny-transformer-lr_fault-31,0.0203750990331172,0.0317975506186485,0.0317975506186485,0.002,0.0169837698340415,58.070106506347656,288,True
strong_stress,strong_lr_31,135,tiny-transformer-lr_fault-31,0.0202711317688226,0.0325608663260936,0.0325608663260936,0.002,0.0168313682079315,58.07077026367188,288,True
strong_stress,strong_lr_31,136,tiny-transformer-lr_fault-31,0.0199036002159118,0.0315021872520446,0.0315021872520446,0.002,0.0166475214064121,58.07141876220703,288,True
strong_stress,strong_lr_31,137,tiny-transformer-lr_fault-31,0.0191920921206474,0.0307077411562204,0.0307077392935752,0.002,0.0164518635720014,58.072044372558594,288,True
strong_stress,strong_lr_31,138,tiny-transformer-lr_fault-31,0.0193640366196632,0.0302063059061765,0.0302063040435314,0.002,0.0161937773227691,58.07266616821289,288,True
strong_stress,strong_lr_31,139,tiny-transformer-lr_fault-31,0.0190792735666036,0.0298544932156801,0.0298544950783252,0.002,0.0160827916115522,58.073272705078125,288,True
strong_stress,strong_lr_31,140,tiny-transformer-lr_fault-31,0.0186832547187805,0.0293732956051826,0.0293732974678277,0.002,0.0159475915133953,58.07386016845703,288,True
strong_stress,strong_lr_31,141,tiny-transformer-lr_fault-31,0.0185216329991817,0.0288565456867218,0.0288565456867218,0.002,0.0156981162726879,58.07442855834961,288,True
strong_stress,strong_lr_31,142,tiny-transformer-lr_fault-31,0.0187272932380437,0.0304151065647602,0.0304151084274053,0.002,0.0153604950755834,58.07498550415039,288,True
strong_stress,strong_lr_31,143,tiny-transformer-lr_fault-31,0.0184663739055395,0.0288733672350645,0.0288733672350645,0.002,0.0153545420616865,58.07552337646485,288,True
strong_stress,strong_lr_31,144,tiny-transformer-lr_fault-31,0.0181613210588693,0.0283566936850547,0.0283566936850547,0.002,0.0152782872319221,58.0760612487793,288,True
strong_stress,strong_lr_31,145,tiny-transformer-lr_fault-31,0.0179654117673635,0.0285295210778713,0.0285295210778713,0.002,0.0153166716918349,58.07657623291016,288,True
strong_stress,strong_lr_31,146,tiny-transformer-lr_fault-31,0.0177008938044309,0.0286877769976854,0.0286877751350402,0.002,0.0151629447937011,58.07707595825195,288,True
strong_stress,strong_lr_31,147,tiny-transformer-lr_fault-31,0.0175898596644401,0.0280305594205856,0.0280305594205856,0.002,0.0149984993040561,58.07756042480469,288,True
strong_stress,strong_lr_31,148,tiny-transformer-lr_fault-31,0.0175039414316415,0.0276646949350833,0.0276646949350833,0.002,0.0148683376610279,58.07802200317383,288,True
strong_stress,strong_lr_31,149,tiny-transformer-lr_fault-31,0.0171407666057348,0.0270162485539913,0.0270162485539913,0.002,0.014684472233057,58.078495025634766,288,True
strong_stress,strong_lr_31,150,tiny-transformer-lr_fault-31,0.0169021598994731,0.0265984740108251,0.02659847214818,0.002,0.014529419131577,58.07895278930664,288,True
strong_stress,strong_lr_31,151,tiny-transformer-lr_fault-31,0.0169554017484188,0.0269964784383773,0.0269964784383773,0.002,0.0144855277612805,58.07939529418945,288,True
strong_stress,strong_lr_31,152,tiny-transformer-lr_fault-31,0.0164458006620407,0.0262131430208683,0.0262131430208683,0.002,0.0142660718411207,58.07984161376953,288,True
strong_stress,strong_lr_31,153,tiny-transformer-lr_fault-31,0.0163068491965532,0.0267933066934347,0.0267933085560798,0.002,0.0141877541318535,58.08026123046875,288,True
strong_stress,strong_lr_31,154,tiny-transformer-lr_fault-31,0.0161339156329631,0.0255584679543972,0.0255584679543972,0.002,0.0139703350141644,58.08068084716797,288,True
strong_stress,strong_lr_31,155,tiny-transformer-lr_fault-31,0.0158056952059268,0.0250057466328144,0.0250057466328144,0.002,0.0137923052534461,58.08107376098633,288,True
strong_stress,strong_lr_31,156,tiny-transformer-lr_fault-31,0.0157477110624313,0.0248652137815952,0.0248652137815952,0.002,0.0136545458808541,58.08147048950195,288,True
strong_stress,strong_lr_31,157,tiny-transformer-lr_fault-31,0.0157572608441114,0.0249213054776191,0.0249213073402643,0.002,0.0136336898431181,58.08185958862305,288,True
strong_stress,strong_lr_31,158,tiny-transformer-lr_fault-31,0.0155770974233746,0.0247367098927497,0.0247367098927497,0.002,0.0135670257732272,58.08223724365234,288,True
strong_stress,strong_lr_31,159,tiny-transformer-lr_fault-31,0.015429001301527,0.0243741311132907,0.0243741311132907,0.002,0.0135383820161223,58.08260726928711,288,True
strong_stress,strong_lr_31,160,tiny-transformer-lr_fault-31,0.0147612057626247,0.0240662563592195,0.0240662563592195,0.002,0.0134264612570405,58.08296203613281,288,True
strong_stress,strong_lr_31,161,tiny-transformer-lr_fault-31,0.0148638850077986,0.0235657840967178,0.0235657822340726,0.002,0.0132949016988277,58.08331680297852,288,True
strong_stress,strong_lr_31,162,tiny-transformer-lr_fault-31,0.0149054741486907,0.023595031350851,0.0235950332134962,0.002,0.0130804143846035,58.08365631103516,288,True
strong_stress,strong_lr_31,163,tiny-transformer-lr_fault-31,0.0147360265254974,0.0236136335879564,0.0236136317253112,0.002,0.0131232738494873,58.083984375,288,True
strong_stress,strong_lr_31,164,tiny-transformer-lr_fault-31,0.0144279785454273,0.0230673495680093,0.0230673477053642,0.002,0.01300551276654,58.08430862426758,288,True
strong_stress,strong_lr_31,165,tiny-transformer-lr_fault-31,0.0146470367908477,0.0234827324748039,0.0234827324748039,0.002,0.0129305487498641,58.084617614746094,288,True
strong_stress,strong_lr_31,166,tiny-transformer-lr_fault-31,0.014226202853024,0.0230915322899818,0.0230915322899818,0.002,0.0128841502591967,58.084922790527344,288,True
strong_stress,strong_lr_31,167,tiny-transformer-lr_fault-31,0.0142665840685367,0.0233128331601619,0.0233128312975168,0.002,0.0128520410507917,58.08520126342773,288,True
strong_stress,strong_lr_31,168,tiny-transformer-lr_fault-31,0.0140233486890792,0.0223930012434721,0.0223930031061172,0.002,0.0126496413722634,58.085487365722656,288,True
strong_stress,strong_lr_31,169,tiny-transformer-lr_fault-31,0.0138588342815637,0.0225397646427154,0.0225397665053606,0.002,0.0125627042725682,58.08575439453125,288,True
strong_stress,strong_lr_31,170,tiny-transformer-lr_fault-31,0.0136271398514509,0.0218878630548715,0.0218878611922264,0.002,0.0124975750222802,58.08602142333984,288,True
strong_stress,strong_lr_31,171,tiny-transformer-lr_fault-31,0.0137365208938717,0.0226146392524242,0.0226146411150693,0.002,0.0125182513147592,58.08627700805664,288,True
strong_stress,strong_lr_31,172,tiny-transformer-lr_fault-31,0.0134937763214111,0.0216073188930749,0.0216073188930749,0.002,0.0122773852199316,58.086517333984375,288,True
strong_stress,strong_lr_31,173,tiny-transformer-lr_fault-31,0.013377227820456,0.0213573984801769,0.0213573984801769,0.002,0.012101411819458,58.08674621582031,288,True
strong_stress,strong_lr_31,174,tiny-transformer-lr_fault-31,0.0131624676287174,0.0210873130708932,0.0210873130708932,0.002,0.0119173862040042,58.08696365356445,288,True
strong_stress,strong_lr_31,175,tiny-transformer-lr_fault-31,0.0130087593570351,0.0207333005964756,0.0207332987338304,0.002,0.0118275340646505,58.08717727661133,288,True
strong_stress,strong_lr_31,176,tiny-transformer-lr_fault-31,0.0128134880214929,0.0206195581704378,0.0206195581704378,0.002,0.0117631433531641,58.08738708496094,288,True
strong_stress,strong_lr_31,177,tiny-transformer-lr_fault-31,0.0128503432497382,0.0207191575318574,0.0207191575318574,0.002,0.011674789711833,58.08757781982422,288,True
strong_stress,strong_lr_31,178,tiny-transformer-lr_fault-31,0.0128591591492295,0.0210531745105981,0.0210531745105981,0.002,0.0116343721747398,58.08776092529297,288,True
strong_stress,strong_lr_31,179,tiny-transformer-lr_fault-31,0.0125013850629329,0.0203125290572643,0.0203125290572643,0.002,0.0115527529269456,58.08794403076172,288,True
strong_stress,strong_lr_31,180,tiny-transformer-lr_fault-31,0.0127337388694286,0.020926984027028,0.020926984027028,0.002,0.0115316659212112,58.08810806274414,288,True
strong_stress,strong_lr_31,181,tiny-transformer-lr_fault-31,0.0123616335913538,0.0198844652622938,0.0198844652622938,0.002,0.0114919207990169,58.088260650634766,288,True
strong_stress,strong_lr_31,182,tiny-transformer-lr_fault-31,0.0123681686818599,0.0198760721832513,0.0198760721832513,0.002,0.0115099502727389,58.08841323852539,288,True
strong_stress,strong_lr_31,183,tiny-transformer-lr_fault-31,0.012152848765254,0.0194886364042758,0.0194886345416307,0.002,0.0115233166143298,58.08855056762695,288,True
strong_stress,strong_lr_31,184,tiny-transformer-lr_fault-31,0.0120202973484992,0.0194882024079561,0.0194882024079561,0.002,0.0114697143435478,58.08869171142578,288,True
strong_stress,strong_lr_31,185,tiny-transformer-lr_fault-31,0.0118977539241313,0.0194329246878623,0.0194329246878623,0.002,0.0113495243713259,58.08882141113281,288,True
strong_stress,strong_lr_31,186,tiny-transformer-lr_fault-31,0.0118581261485815,0.0190820712596178,0.0190820693969726,0.002,0.0112347891554236,58.08895111083984,288,True
strong_stress,strong_lr_31,187,tiny-transformer-lr_fault-31,0.0117702595889568,0.0189715661108493,0.0189715661108493,0.002,0.0111981844529509,58.08905792236328,288,True
strong_stress,strong_lr_31,188,tiny-transformer-lr_fault-31,0.0116537632420659,0.0189974829554557,0.0189974829554557,0.002,0.0111563643440604,58.08917236328125,288,True
strong_stress,strong_lr_31,189,tiny-transformer-lr_fault-31,0.011550367809832,0.0189053323119878,0.0189053323119878,0.002,0.0110695641487836,58.08927154541016,288,True
strong_stress,strong_lr_31,190,tiny-transformer-lr_fault-31,0.0114383809268474,0.0187283158302307,0.0187283176928758,0.0026566172960035,0.0145671721547842,58.0893783569336,288,True
strong_stress,strong_lr_31,191,tiny-transformer-lr_fault-31,0.0113590247929096,0.0185229647904634,0.0185229647904634,0.0035288077287124,0.0191171579062938,58.08951568603516,288,True
strong_stress,strong_lr_31,192,tiny-transformer-lr_fault-31,0.011396687477827,0.0186849869787693,0.0186849869787693,0.0046873458231841,0.0253583751618862,58.08968353271485,288,True
strong_stress,strong_lr_31,193,tiny-transformer-lr_fault-31,0.0110732559114694,0.0179813429713249,0.0179813429713249,0.0062262419931104,0.0333034619688987,58.08992767333984,288,True
strong_stress,strong_lr_31,194,tiny-transformer-lr_fault-31,0.0106895081698894,0.017413979396224,0.017413979396224,0.0082703710840002,0.0435964912176132,58.09023284912109,288,True
strong_stress,strong_lr_31,195,tiny-transformer-lr_fault-31,0.0103490017354488,0.0167807340621948,0.0167807340621948,0.0109856054330611,0.0575257577002048,58.09059524536133,288,True
strong_stress,strong_lr_31,196,tiny-transformer-lr_fault-31,0.0099196666851639,0.0163790229707956,0.0163790229707956,0.0145922747002701,0.0749402046203613,58.09105682373047,288,True
strong_stress,strong_lr_31,197,tiny-transformer-lr_fault-31,0.0093118278309702,0.0157237462699413,0.0157237481325864,0.019383044678386,0.0979255884885788,58.09159851074219,288,True
strong_stress,strong_lr_31,198,tiny-transformer-lr_fault-31,0.0086186919361352,0.0145677011460065,0.0145677011460065,0.0257466658709044,0.1271173954010009,58.092193603515625,288,True
strong_stress,strong_lr_31,199,tiny-transformer-lr_fault-31,0.0077484399080276,0.0130908023566007,0.0130908023566007,0.0341995189335339,0.1637135148048401,58.092872619628906,288,True
strong_stress,strong_lr_31,200,tiny-transformer-lr_fault-31,0.0068914983421564,0.0120293907821178,0.0120293917134404,0.0454275167569127,0.2081604599952697,58.09349822998047,288,True
strong_stress,strong_lr_31,201,tiny-transformer-lr_fault-31,0.0056714443489909,0.0099050961434841,0.0099050961434841,0.0603417633654516,0.2640545070171356,58.093994140625,288,True
strong_stress,strong_lr_31,202,tiny-transformer-lr_fault-31,0.0045608412474393,0.0079195518046617,0.0079195518046617,0.0801524861140046,0.3311479389667511,58.09410858154297,288,True
strong_stress,strong_lr_31,203,tiny-transformer-lr_fault-31,0.00346993166022,0.0061367801390588,0.0061367801390588,0.1064672404640725,0.4113587737083435,58.093387603759766,288,True
strong_stress,strong_lr_31,204,tiny-transformer-lr_fault-31,0.0024574883282184,0.004516408778727,0.004516408778727,0.1414213562373095,0.5049037337303162,58.09116744995117,288,True
strong_stress,strong_lr_31,205,tiny-transformer-lr_fault-31,0.0015930652152746,0.0029934693593531,0.0029934695921838,0.1878512105021545,0.6145082116127014,58.08617401123047,288,True
strong_stress,strong_lr_31,206,tiny-transformer-lr_fault-31,0.0009480359731242,0.0018469969509169,0.0018469969509169,0.2495243874476091,0.7421824336051941,58.076805114746094,288,True
strong_stress,strong_lr_31,207,tiny-transformer-lr_fault-31,0.0004837985907215,0.0009774005739018,0.0009774005739018,0.3314454017339986,0.8904381394386292,58.0610580444336,288,True
strong_stress,strong_lr_31,208,tiny-transformer-lr_fault-31,0.0002414760820101,0.0005612904787994,0.0005612905370071,0.4402617934636847,1.0645817518234253,58.03650665283203,288,True
strong_stress,strong_lr_31,209,tiny-transformer-lr_fault-31,0.0001113293837988,0.0003036169509869,0.0003036169800907,0.584803547642573,1.2702337503433228,58.000267028808594,288,True
strong_stress,strong_lr_31,210,tiny-transformer-lr_fault-31,4.937609264743514e-05,0.0001716840342851,0.0001716840342851,0.7767996097157335,1.513471245765686,57.94926071166992,288,True
strong_stress,strong_lr_31,211,tiny-transformer-lr_fault-31,2.281120396219194e-05,0.0001240284473169,0.0001240284473169,1.0318296393497932,1.800676703453064,57.88047409057617,288,True
strong_stress,strong_lr_31,212,tiny-transformer-lr_fault-31,1.612972300790716e-05,0.0001387794764013,0.0001387794909533,1.3705882332128592,2.1367790699005127,57.7912483215332,288,True
strong_stress,strong_lr_31,213,tiny-transformer-lr_fault-31,5.736282764701173e-05,0.0023471992462873,0.0023471994791179,1.820564203026081,2.65665864944458,57.67965698242188,288,True
strong_stress,strong_lr_31,214,tiny-transformer-lr_fault-31,0.1118278205394744,1.195075750350952,0.9999991059303284,2.418271175121958,285.5454406738281,57.54307174682617,288,True
strong_stress,strong_lr_31,215,tiny-transformer-lr_fault-31,19.24814987182617,18.352319717407227,0.9999998807907104,3.2122105151278526,336.9117126464844,290.9866943359375,288,True
strong_stress,strong_lr_31,216,tiny-transformer-lr_fault-31,148.551025390625,39.002220153808594,0.9999998807907104,4.266807006446484,399.4310302734375,622.5492553710938,288,True
strong_stress,strong_lr_31,217,tiny-transformer-lr_fault-31,201.01564025878903,56.31745910644531,1.0,5.667636646017326,455.5139770507813,1012.0618896484376,288,True
strong_stress,strong_lr_31,218,tiny-transformer-lr_fault-31,509.00494384765625,76.46058654785156,1.0,7.52837077063645,510.4629821777344,1460.38720703125,288,True
strong_stress,strong_lr_31,219,tiny-transformer-lr_fault-31,1754.509033203125,5127.80810546875,1.0,10.0,670.1957397460938,1960.952880859375,288,True
strong_stress,strong_lr_31,220,tiny-transformer-lr_fault-31,4523.408203125,,,10.0,0.0,2536.568603515625,288,False
strong_stress,strong_lr_41,0,tiny-transformer-lr_fault-41,3.619386911392212,0.9735366106033324,0.9735366106033324,0.002,0.4105541706085205,56.8113899230957,288,True
strong_stress,strong_lr_41,1,tiny-transformer-lr_fault-41,3.4711952209472656,0.9682132005691528,0.9682132005691528,0.002,0.3634406626224518,56.81064987182617,288,True
strong_stress,strong_lr_41,2,tiny-transformer-lr_fault-41,3.3532862663269043,0.9547579288482666,0.9547579884529114,0.002,0.3360984325408935,56.81093978881836,288,True
strong_stress,strong_lr_41,3,tiny-transformer-lr_fault-41,3.2224130630493164,0.941411793231964,0.9414118528366088,0.002,0.3247260153293609,56.812721252441406,288,True
strong_stress,strong_lr_41,4,tiny-transformer-lr_fault-41,3.096635341644287,0.9567687511444092,0.9567687511444092,0.002,0.3214448690414428,56.8160514831543,288,True
strong_stress,strong_lr_41,5,tiny-transformer-lr_fault-41,2.972541093826294,0.9140336513519288,0.9140337109565736,0.002,0.3174574375152588,56.82155990600586,288,True
strong_stress,strong_lr_41,6,tiny-transformer-lr_fault-41,2.9058310985565186,0.9214213490486144,0.9214213490486144,0.002,0.3134282827377319,56.82867813110352,288,True
strong_stress,strong_lr_41,7,tiny-transformer-lr_fault-41,2.718666315078736,0.9656777381896972,0.9656776785850524,0.002,0.3105037808418274,56.83736801147461,288,True
strong_stress,strong_lr_41,8,tiny-transformer-lr_fault-41,2.6263210773468018,0.9201658964157104,0.9201658964157104,0.002,0.3087793588638305,56.84762573242188,288,True
strong_stress,strong_lr_41,9,tiny-transformer-lr_fault-41,2.4731225967407227,0.9330847263336182,0.9330847263336182,0.002,0.3071288466453552,56.85937881469727,288,True
strong_stress,strong_lr_41,10,tiny-transformer-lr_fault-41,2.397215843200684,0.929574966430664,0.9295749068260192,0.002,0.3061660230159759,56.87257385253906,288,True
strong_stress,strong_lr_41,11,tiny-transformer-lr_fault-41,2.32779598236084,0.8888834714889526,0.8888834118843079,0.002,0.3043859004974365,56.88727188110352,288,True
strong_stress,strong_lr_41,12,tiny-transformer-lr_fault-41,2.179206609725952,0.8615387678146362,0.8615387082099915,0.002,0.3041508197784424,56.90352249145508,288,True
strong_stress,strong_lr_41,13,tiny-transformer-lr_fault-41,2.0822739601135254,0.8705701231956482,0.870570182800293,0.002,0.3033926784992218,56.92126083374024,288,True
strong_stress,strong_lr_41,14,tiny-transformer-lr_fault-41,1.8966799974441528,0.8566400408744812,0.856640100479126,0.002,0.3031263351440429,56.94044876098633,288,True
strong_stress,strong_lr_41,15,tiny-transformer-lr_fault-41,1.857135772705078,0.8390910029411316,0.8390909433364868,0.002,0.3021292686462402,56.96111297607422,288,True
strong_stress,strong_lr_41,16,tiny-transformer-lr_fault-41,1.749619722366333,0.843641459941864,0.8436415195465088,0.002,0.30103200674057,56.98323059082031,288,True
strong_stress,strong_lr_41,17,tiny-transformer-lr_fault-41,1.6339566707611084,0.843559741973877,0.843559741973877,0.002,0.2981416285037994,57.006683349609375,288,True
strong_stress,strong_lr_41,18,tiny-transformer-lr_fault-41,1.5423942804336548,0.8049090504646301,0.8049090504646301,0.002,0.296238362789154,57.031246185302734,288,True
strong_stress,strong_lr_41,19,tiny-transformer-lr_fault-41,1.41431725025177,0.7871374487876892,0.7871373891830444,0.002,0.2934648394584656,57.05696487426758,288,True
strong_stress,strong_lr_41,20,tiny-transformer-lr_fault-41,1.3666492700576782,0.7984645366668701,0.7984645366668701,0.002,0.2906726002693176,57.08372116088867,288,True
strong_stress,strong_lr_41,21,tiny-transformer-lr_fault-41,1.237696647644043,0.7348151206970215,0.7348150610923767,0.002,0.2871579229831695,57.11123275756836,288,True
strong_stress,strong_lr_41,22,tiny-transformer-lr_fault-41,1.1793898344039917,0.7475125789642334,0.7475125789642334,0.002,0.2852080166339874,57.13937759399414,288,True
strong_stress,strong_lr_41,23,tiny-transformer-lr_fault-41,1.0677533149719238,0.7057918906211853,0.7057918310165405,0.002,0.2812196314334869,57.16802215576172,288,True
strong_stress,strong_lr_41,24,tiny-transformer-lr_fault-41,1.0130475759506226,0.7043371200561523,0.7043370604515076,0.002,0.2783399224281311,57.19717025756836,288,True
strong_stress,strong_lr_41,25,tiny-transformer-lr_fault-41,0.9358179569244384,0.657202422618866,0.6572023630142212,0.002,0.273950845003128,57.2265853881836,288,True
strong_stress,strong_lr_41,26,tiny-transformer-lr_fault-41,0.843712329864502,0.6279613971710205,0.6279614567756653,0.002,0.2683355510234833,57.25626754760742,288,True
strong_stress,strong_lr_41,27,tiny-transformer-lr_fault-41,0.7931229472160339,0.6268084645271301,0.6268084049224854,0.002,0.2623364925384521,57.28587341308594,288,True
strong_stress,strong_lr_41,28,tiny-transformer-lr_fault-41,0.7412517070770264,0.5873982906341553,0.5873982310295105,0.002,0.2564780414104461,57.31513595581055,288,True
strong_stress,strong_lr_41,29,tiny-transformer-lr_fault-41,0.6924403309822083,0.5899459719657898,0.5899459719657898,0.002,0.2505050599575043,57.344017028808594,288,True
strong_stress,strong_lr_41,30,tiny-transformer-lr_fault-41,0.6267346143722534,0.5493881106376648,0.54938805103302,0.002,0.2450195401906967,57.3724250793457,288,True
strong_stress,strong_lr_41,31,tiny-transformer-lr_fault-41,0.581390380859375,0.513690710067749,0.513690710067749,0.002,0.2389184236526489,57.40038299560547,288,True
strong_stress,strong_lr_41,32,tiny-transformer-lr_fault-41,0.5259236097335815,0.478192001581192,0.4781920313835144,0.002,0.232244074344635,57.42779541015625,288,True
strong_stress,strong_lr_41,33,tiny-transformer-lr_fault-41,0.4931486546993255,0.4513218402862549,0.4513218402862549,0.002,0.2256827056407928,57.4545783996582,288,True
strong_stress,strong_lr_41,34,tiny-transformer-lr_fault-41,0.4510179758071899,0.4419721364974975,0.4419721662998199,0.002,0.2193641811609268,57.48085784912109,288,True
strong_stress,strong_lr_41,35,tiny-transformer-lr_fault-41,0.4179046750068664,0.4040424823760986,0.404042512178421,0.002,0.2129989862442016,57.50666046142578,288,True
strong_stress,strong_lr_41,36,tiny-transformer-lr_fault-41,0.3778968155384063,0.3822282254695892,0.3822281658649444,0.002,0.2058130055665969,57.53179168701172,288,True
strong_stress,strong_lr_41,37,tiny-transformer-lr_fault-41,0.3574644923210144,0.3724469244480133,0.3724469542503357,0.002,0.1996616125106811,57.55619812011719,288,True
strong_stress,strong_lr_41,38,tiny-transformer-lr_fault-41,0.3270082473754883,0.3406543433666229,0.3406543433666229,0.002,0.1924613118171692,57.579891204833984,288,True
strong_stress,strong_lr_41,39,tiny-transformer-lr_fault-41,0.3050132989883423,0.324668139219284,0.324668139219284,0.002,0.1855920106172561,57.60283279418945,288,True
strong_stress,strong_lr_41,40,tiny-transformer-lr_fault-41,0.2844800353050232,0.3144423067569732,0.3144423365592956,0.002,0.1790702641010284,57.62493896484375,288,True
strong_stress,strong_lr_41,41,tiny-transformer-lr_fault-41,0.2665712535381317,0.3000997304916382,0.3000997602939605,0.002,0.1727200299501419,57.646278381347656,288,True
strong_stress,strong_lr_41,42,tiny-transformer-lr_fault-41,0.2436268329620361,0.2731673419475555,0.2731673717498779,0.002,0.1657273024320602,57.66682434082031,288,True
strong_stress,strong_lr_41,43,tiny-transformer-lr_fault-41,0.2327120304107666,0.268501877784729,0.2685019075870514,0.002,0.1596463322639465,57.68658828735352,288,True
strong_stress,strong_lr_41,44,tiny-transformer-lr_fault-41,0.2118631154298782,0.2458146661520004,0.2458146661520004,0.002,0.1528797298669815,57.70555114746094,288,True
strong_stress,strong_lr_41,45,tiny-transformer-lr_fault-41,0.1983755528926849,0.2378638088703155,0.2378638088703155,0.002,0.1469704061746597,57.7236328125,288,True
strong_stress,strong_lr_41,46,tiny-transformer-lr_fault-41,0.1860072314739227,0.2225207239389419,0.2225207239389419,0.002,0.1410766690969467,57.74090576171875,288,True
strong_stress,strong_lr_41,47,tiny-transformer-lr_fault-41,0.1760745644569397,0.2152624130249023,0.2152623981237411,0.002,0.1349949389696121,57.757415771484375,288,True
strong_stress,strong_lr_41,48,tiny-transformer-lr_fault-41,0.1732643395662307,0.2155294269323349,0.2155294418334961,0.002,0.1301366090774536,57.77312850952149,288,True
strong_stress,strong_lr_41,49,tiny-transformer-lr_fault-41,0.156602680683136,0.1974392533302307,0.1974392682313919,0.002,0.1243557259440422,57.78807830810547,288,True
strong_stress,strong_lr_41,50,tiny-transformer-lr_fault-41,0.146045982837677,0.1822583824396133,0.1822583824396133,0.002,0.1190646290779113,57.802284240722656,288,True
strong_stress,strong_lr_41,51,tiny-transformer-lr_fault-41,0.1394045799970626,0.1734988987445831,0.1734988987445831,0.002,0.1141278147697448,57.81580352783203,288,True
strong_stress,strong_lr_41,52,tiny-transformer-lr_fault-41,0.1315837949514389,0.1668440252542495,0.1668440252542495,0.002,0.1093256473541259,57.828643798828125,288,True
strong_stress,strong_lr_41,53,tiny-transformer-lr_fault-41,0.125140905380249,0.1612818986177444,0.1612818986177444,0.002,0.1045883744955062,57.8408203125,288,True
strong_stress,strong_lr_41,54,tiny-transformer-lr_fault-41,0.1181519925594329,0.155211329460144,0.1552113443613052,0.002,0.1004631146788597,57.8524055480957,288,True
strong_stress,strong_lr_41,55,tiny-transformer-lr_fault-41,0.1138737574219703,0.1507980972528457,0.1507980823516845,0.002,0.0961462780833244,57.86337661743164,288,True
strong_stress,strong_lr_41,56,tiny-transformer-lr_fault-41,0.1117224991321563,0.1450766772031784,0.1450766772031784,0.002,0.0924824550747871,57.87375259399414,288,True
strong_stress,strong_lr_41,57,tiny-transformer-lr_fault-41,0.1024995595216751,0.132491797208786,0.132491797208786,0.002,0.0888269022107124,57.88364410400391,288,True
strong_stress,strong_lr_41,58,tiny-transformer-lr_fault-41,0.0972665250301361,0.1335605680942535,0.1335605680942535,0.002,0.0853711515665054,57.89304733276367,288,True
strong_stress,strong_lr_41,59,tiny-transformer-lr_fault-41,0.0950808376073837,0.1257287263870239,0.1257287263870239,0.002,0.0824183523654937,57.90198516845703,288,True
strong_stress,strong_lr_41,60,tiny-transformer-lr_fault-41,0.0907922238111496,0.1231841966509819,0.1231841892004013,0.002,0.0797441080212593,57.910438537597656,288,True
strong_stress,strong_lr_41,61,tiny-transformer-lr_fault-41,0.0879126340150833,0.1174166202545166,0.1174166277050972,0.002,0.0770960971713066,57.91848373413086,288,True
strong_stress,strong_lr_41,62,tiny-transformer-lr_fault-41,0.082629382610321,0.1111455112695694,0.1111455112695694,0.002,0.0739853829145431,57.92614364624024,288,True
strong_stress,strong_lr_41,63,tiny-transformer-lr_fault-41,0.0801688134670257,0.1075246706604957,0.1075246632099151,0.002,0.0710877478122711,57.93342590332031,288,True
strong_stress,strong_lr_41,64,tiny-transformer-lr_fault-41,0.0782370641827583,0.1106617897748947,0.1106617897748947,0.002,0.0686134919524192,57.94035339355469,288,True
strong_stress,strong_lr_41,65,tiny-transformer-lr_fault-41,0.0745604410767555,0.103407084941864,0.103407084941864,0.002,0.0661961436271667,57.94697189331055,288,True
strong_stress,strong_lr_41,66,tiny-transformer-lr_fault-41,0.0715826824307441,0.0979313403367996,0.0979313403367996,0.002,0.0639526173472404,57.95326614379883,288,True
strong_stress,strong_lr_41,67,tiny-transformer-lr_fault-41,0.0689516067504882,0.094337061047554,0.0943370535969734,0.002,0.0615198835730552,57.959266662597656,288,True
strong_stress,strong_lr_41,68,tiny-transformer-lr_fault-41,0.0668247640132904,0.0923774912953376,0.0923774987459182,0.002,0.0593833625316619,57.96498107910156,288,True
strong_stress,strong_lr_41,69,tiny-transformer-lr_fault-41,0.0649884641170501,0.0898175537586212,0.0898175537586212,0.002,0.0572641231119632,57.97043991088867,288,True
strong_stress,strong_lr_41,70,tiny-transformer-lr_fault-41,0.0617782212793827,0.0871422365307807,0.0871422290802002,0.002,0.055406417697668,57.97565460205078,288,True
strong_stress,strong_lr_41,71,tiny-transformer-lr_fault-41,0.0612776093184948,0.0853911191225051,0.0853911116719245,0.002,0.0537505261600017,57.98062515258789,288,True
strong_stress,strong_lr_41,72,tiny-transformer-lr_fault-41,0.0580989532172679,0.082560010254383,0.0825600177049636,0.002,0.0516833662986755,57.98538589477539,288,True
strong_stress,strong_lr_41,73,tiny-transformer-lr_fault-41,0.0566259771585464,0.0794679149985313,0.0794679149985313,0.002,0.0500006787478923,57.98990631103516,288,True
strong_stress,strong_lr_41,74,tiny-transformer-lr_fault-41,0.0547328330576419,0.0775579586625099,0.0775579586625099,0.002,0.048349030315876,57.99423599243164,288,True
strong_stress,strong_lr_41,75,tiny-transformer-lr_fault-41,0.0542694628238678,0.0768382102251052,0.0768382176756858,0.002,0.0470594279468059,57.99837493896485,288,True
strong_stress,strong_lr_41,76,tiny-transformer-lr_fault-41,0.0512954704463481,0.0725263729691505,0.0725263729691505,0.002,0.0455782003700733,58.00234222412109,288,True
strong_stress,strong_lr_41,77,tiny-transformer-lr_fault-41,0.0513034164905548,0.0747118890285492,0.0747118890285492,0.002,0.044207826256752,58.00612258911133,288,True
strong_stress,strong_lr_41,78,tiny-transformer-lr_fault-41,0.0492555052042007,0.070996269583702,0.070996269583702,0.002,0.0427486933767795,58.009742736816406,288,True
strong_stress,strong_lr_41,79,tiny-transformer-lr_fault-41,0.04756411164999,0.0683476254343986,0.0683476254343986,0.002,0.0414086207747459,58.01321029663086,288,True
strong_stress,strong_lr_41,80,tiny-transformer-lr_fault-41,0.0480149537324905,0.0696254670619964,0.0696254670619964,0.002,0.0404693074524402,58.01654052734375,288,True
strong_stress,strong_lr_41,81,tiny-transformer-lr_fault-41,0.0460048168897628,0.0657317191362381,0.0657317265868187,0.002,0.0393996834754943,58.01972198486328,288,True
strong_stress,strong_lr_41,82,tiny-transformer-lr_fault-41,0.0446510799229145,0.0649090409278869,0.0649090409278869,0.002,0.038328118622303,58.02280426025391,288,True
strong_stress,strong_lr_41,83,tiny-transformer-lr_fault-41,0.0431783571839332,0.0622263513505458,0.0622263550758361,0.002,0.0373404622077941,58.025760650634766,288,True
strong_stress,strong_lr_41,84,tiny-transformer-lr_fault-41,0.0435687266290187,0.0643446892499923,0.0643446892499923,0.002,0.0366397947072982,58.02861022949219,288,True
strong_stress,strong_lr_41,85,tiny-transformer-lr_fault-41,0.041270725429058,0.0608426257967948,0.0608426220715045,0.002,0.0355550535023212,58.03135681152344,288,True
strong_stress,strong_lr_41,86,tiny-transformer-lr_fault-41,0.0408536866307258,0.0596016384661197,0.0596016384661197,0.002,0.0347072854638099,58.03401184082031,288,True
strong_stress,strong_lr_41,87,tiny-transformer-lr_fault-41,0.0394743382930755,0.0574933215975761,0.0574933253228664,0.002,0.0337940417230129,58.03657150268555,288,True
strong_stress,strong_lr_41,88,tiny-transformer-lr_fault-41,0.0385978370904922,0.0567175485193729,0.0567175485193729,0.002,0.0330356694757938,58.03903198242188,288,True
strong_stress,strong_lr_41,89,tiny-transformer-lr_fault-41,0.0376085601747036,0.0556377433240413,0.0556377470493316,0.002,0.0321129076182842,58.04143905639648,288,True
strong_stress,strong_lr_41,90,tiny-transformer-lr_fault-41,0.0377763099968433,0.0564597807824611,0.0564597845077514,0.002,0.0316492840647697,58.04374313354492,288,True
strong_stress,strong_lr_41,91,tiny-transformer-lr_fault-41,0.0366193652153015,0.0545020960271358,0.0545020960271358,0.002,0.0308980457484722,58.04596710205078,288,True
strong_stress,strong_lr_41,92,tiny-transformer-lr_fault-41,0.0361052155494689,0.0531178191304206,0.0531178191304206,0.002,0.0301276538521051,58.04811477661133,288,True
strong_stress,strong_lr_41,93,tiny-transformer-lr_fault-41,0.0349584370851516,0.052603542804718,0.052603542804718,0.002,0.02952341735363,58.05021286010742,288,True
strong_stress,strong_lr_41,94,tiny-transformer-lr_fault-41,0.0346209183335304,0.0510900318622589,0.0510900318622589,0.002,0.0290496610105037,58.05223846435547,288,True
strong_stress,strong_lr_41,95,tiny-transformer-lr_fault-41,0.0340619683265686,0.0506930649280548,0.0506930649280548,0.002,0.0284769721329212,58.0542106628418,288,True
strong_stress,strong_lr_41,96,tiny-transformer-lr_fault-41,0.0336960740387439,0.0494878143072128,0.0494878180325031,0.002,0.0279140435159206,58.05611038208008,288,True
strong_stress,strong_lr_41,97,tiny-transformer-lr_fault-41,0.0333197079598903,0.0500921308994293,0.0500921308994293,0.002,0.0275580585002899,58.05796051025391,288,True
strong_stress,strong_lr_41,98,tiny-transformer-lr_fault-41,0.0322408117353916,0.0478543005883693,0.0478543005883693,0.002,0.0272491630166769,58.05977249145508,288,True
strong_stress,strong_lr_41,99,tiny-transformer-lr_fault-41,0.0315968506038188,0.0475903637707233,0.047590360045433,0.002,0.0265872105956077,58.06153106689453,288,True
strong_stress,strong_lr_41,100,tiny-transformer-lr_fault-41,0.0308255981653928,0.0456222854554653,0.0456222854554653,0.002,0.0259836893528699,58.0632438659668,288,True
strong_stress,strong_lr_41,101,tiny-transformer-lr_fault-41,0.0305324662476778,0.0458668805658817,0.045866884291172,0.002,0.0253883115947246,58.06490707397461,288,True
strong_stress,strong_lr_41,102,tiny-transformer-lr_fault-41,0.0305688716471195,0.0465183034539222,0.0465183071792125,0.002,0.0250752177089452,58.06654357910156,288,True
strong_stress,strong_lr_41,103,tiny-transformer-lr_fault-41,0.0294060111045837,0.0452170334756374,0.0452170372009277,0.002,0.0248062536120414,58.068138122558594,288,True
strong_stress,strong_lr_41,104,tiny-transformer-lr_fault-41,0.0290532372891902,0.0435180775821208,0.0435180813074111,0.002,0.0242430940270423,58.06969833374024,288,True
strong_stress,strong_lr_41,105,tiny-transformer-lr_fault-41,0.0289212334901094,0.0440609827637672,0.0440609827637672,0.002,0.0239017214626073,58.07120513916016,288,True
strong_stress,strong_lr_41,106,tiny-transformer-lr_fault-41,0.0281083956360816,0.0421486459672451,0.0421486459672451,0.002,0.0235854536294937,58.072662353515625,288,True
strong_stress,strong_lr_41,107,tiny-transformer-lr_fault-41,0.0276683624833822,0.0416560545563697,0.0416560545563697,0.002,0.0232525058090686,58.07408142089844,288,True
strong_stress,strong_lr_41,108,tiny-transformer-lr_fault-41,0.0271653607487678,0.0405491217970848,0.0405491180717945,0.002,0.0229442957788705,58.07547378540039,288,True
strong_stress,strong_lr_41,109,tiny-transformer-lr_fault-41,0.0268028937280178,0.0403953939676284,0.0403953939676284,0.002,0.0225862450897693,58.07682800292969,288,True
strong_stress,strong_lr_41,110,tiny-transformer-lr_fault-41,0.0263485722243785,0.0393247008323669,0.0393247045576572,0.002,0.0222127195447683,58.07815170288086,288,True
strong_stress,strong_lr_41,111,tiny-transformer-lr_fault-41,0.0263280551880598,0.0394577980041503,0.0394577980041503,0.002,0.0219209305942058,58.07943344116211,288,True
strong_stress,strong_lr_41,112,tiny-transformer-lr_fault-41,0.0257074926048517,0.0392281636595726,0.0392281636595726,0.002,0.0217433013021945,58.0806770324707,288,True
strong_stress,strong_lr_41,113,tiny-transformer-lr_fault-41,0.0255068615078926,0.0397503674030303,0.0397503674030303,0.002,0.0215316470712423,58.081878662109375,288,True
strong_stress,strong_lr_41,114,tiny-transformer-lr_fault-41,0.0249470677226781,0.0377765484154224,0.0377765446901321,0.002,0.0213524643331766,58.08305740356445,288,True
strong_stress,strong_lr_41,115,tiny-transformer-lr_fault-41,0.024497402831912,0.0370797105133533,0.0370797105133533,0.002,0.0209803041070699,58.08423614501953,288,True
strong_stress,strong_lr_41,116,tiny-transformer-lr_fault-41,0.0243739001452922,0.0372464507818222,0.0372464545071125,0.002,0.0208336561918258,58.08538818359375,288,True
strong_stress,strong_lr_41,117,tiny-transformer-lr_fault-41,0.0235684737563133,0.0363174192607402,0.0363174192607402,0.002,0.020755922421813,58.086517333984375,288,True
strong_stress,strong_lr_41,118,tiny-transformer-lr_fault-41,0.0235496461391448,0.0360908098518848,0.0360908098518848,0.002,0.0203577615320682,58.08761596679688,288,True
strong_stress,strong_lr_41,119,tiny-transformer-lr_fault-41,0.023361824452877,0.0359295606613159,0.0359295606613159,0.002,0.0200908128172159,58.08868789672852,288,True
strong_stress,strong_lr_41,120,tiny-transformer-lr_fault-41,0.0225849822163581,0.0346203818917274,0.0346203818917274,0.002,0.019805671647191,58.08973693847656,288,True
strong_stress,strong_lr_41,121,tiny-transformer-lr_fault-41,0.0223528798669576,0.0345013067126274,0.0345013067126274,0.002,0.0193816479295492,58.09077072143555,288,True
strong_stress,strong_lr_41,122,tiny-transformer-lr_fault-41,0.0219472479075193,0.0338502936065197,0.0338502936065197,0.002,0.0190951842814683,58.091793060302734,288,True
strong_stress,strong_lr_41,123,tiny-transformer-lr_fault-41,0.0220121070742607,0.0336985699832439,0.0336985699832439,0.002,0.018855731934309,58.09278106689453,288,True
strong_stress,strong_lr_41,124,tiny-transformer-lr_fault-41,0.0218165852129459,0.0341972112655639,0.0341972075402736,0.002,0.0185522381216287,58.09375,288,True
strong_stress,strong_lr_41,125,tiny-transformer-lr_fault-41,0.021374637261033,0.0328164473176002,0.0328164473176002,0.002,0.018458817154169,58.09469985961914,288,True
strong_stress,strong_lr_41,126,tiny-transformer-lr_fault-41,0.0215507969260215,0.033075712621212,0.0330757163465023,0.002,0.0182311572134494,58.09563064575195,288,True
strong_stress,strong_lr_41,127,tiny-transformer-lr_fault-41,0.0210529547184705,0.0326151773333549,0.0326151810586452,0.002,0.0179466381669044,58.0965461730957,288,True
strong_stress,strong_lr_41,128,tiny-transformer-lr_fault-41,0.0205649547278881,0.0318981558084487,0.0318981558084487,0.002,0.0177699606865644,58.09743881225586,288,True
strong_stress,strong_lr_41,129,tiny-transformer-lr_fault-41,0.0206451378762722,0.0317292138934135,0.0317292138934135,0.002,0.0177458506077528,58.09832000732422,288,True
strong_stress,strong_lr_41,130,tiny-transformer-lr_fault-41,0.0202077440917491,0.0312463287264108,0.0312463287264108,0.002,0.0175380744040012,58.09918594360352,288,True
strong_stress,strong_lr_41,131,tiny-transformer-lr_fault-41,0.0198583491146564,0.0308990739285945,0.0308990739285945,0.002,0.0173033867031335,58.10001754760742,288,True
strong_stress,strong_lr_41,132,tiny-transformer-lr_fault-41,0.019720921292901,0.0306057203561067,0.030605724081397,0.002,0.0172522570937871,58.10084915161133,288,True
strong_stress,strong_lr_41,133,tiny-transformer-lr_fault-41,0.0195778254419565,0.0301659442484378,0.0301659442484378,0.002,0.0170459821820259,58.101654052734375,288,True
strong_stress,strong_lr_41,134,tiny-transformer-lr_fault-41,0.0191789586097002,0.0296248793601989,0.0296248830854892,0.002,0.0168560165911912,58.10243988037109,288,True
strong_stress,strong_lr_41,135,tiny-transformer-lr_fault-41,0.0189153142273426,0.0297351125627756,0.0297351125627756,0.002,0.0166328586637973,58.10321807861328,288,True
strong_stress,strong_lr_41,136,tiny-transformer-lr_fault-41,0.018467603251338,0.0286044813692569,0.0286044795066118,0.002,0.0164393838495016,58.10397338867188,288,True
strong_stress,strong_lr_41,137,tiny-transformer-lr_fault-41,0.018566571176052,0.0290408767759799,0.0290408749133348,0.002,0.0162856709212064,58.10472106933594,288,True
strong_stress,strong_lr_41,138,tiny-transformer-lr_fault-41,0.0184632837772369,0.0288254562765359,0.0288254581391811,0.002,0.0162670444697141,58.10543823242188,288,True
strong_stress,strong_lr_41,139,tiny-transformer-lr_fault-41,0.0181800685822963,0.028317391872406,0.0283173937350511,0.002,0.016102597117424,58.10613250732422,288,True
strong_stress,strong_lr_41,140,tiny-transformer-lr_fault-41,0.0176615826785564,0.0277281999588012,0.0277281999588012,0.002,0.0158442128449678,58.106842041015625,288,True
strong_stress,strong_lr_41,141,tiny-transformer-lr_fault-41,0.0178227685391902,0.0278887897729873,0.0278887879103422,0.002,0.0158298518508672,58.1075325012207,288,True
strong_stress,strong_lr_41,142,tiny-transformer-lr_fault-41,0.0171250738203525,0.0267971940338611,0.0267971940338611,0.002,0.015538458712399,58.10820007324219,288,True
strong_stress,strong_lr_41,143,tiny-transformer-lr_fault-41,0.0171705577522516,0.0267665851861238,0.0267665851861238,0.002,0.0153745394200086,58.10884475708008,288,True
strong_stress,strong_lr_41,144,tiny-transformer-lr_fault-41,0.0170292891561985,0.0266144089400768,0.0266144089400768,0.002,0.0152618577703833,58.109474182128906,288,True
strong_stress,strong_lr_41,145,tiny-transformer-lr_fault-41,0.0168416295200586,0.0266244821250438,0.0266244821250438,0.002,0.0151071771979331,58.11008834838867,288,True
strong_stress,strong_lr_41,146,tiny-transformer-lr_fault-41,0.0165891610085964,0.0262884013354778,0.0262884013354778,0.002,0.0149785745888948,58.11069107055664,288,True
strong_stress,strong_lr_41,147,tiny-transformer-lr_fault-41,0.0166529491543769,0.0260348226875066,0.0260348208248615,0.002,0.0149220591410994,58.11127471923828,288,True
strong_stress,strong_lr_41,148,tiny-transformer-lr_fault-41,0.0161397438496351,0.025252116844058,0.025252116844058,0.002,0.014706926420331,58.11185073852539,288,True
strong_stress,strong_lr_41,149,tiny-transformer-lr_fault-41,0.0158812925219535,0.0249600801616907,0.0249600820243358,0.002,0.01456162892282,58.112422943115234,288,True
strong_stress,strong_lr_41,150,tiny-transformer-lr_fault-41,0.0159916263073682,0.0250245444476604,0.0250245425850152,0.002,0.0144231636077165,58.11297225952149,288,True
strong_stress,strong_lr_41,151,tiny-transformer-lr_fault-41,0.0156291276216506,0.0245392881333827,0.0245392862707376,0.002,0.0142830265685915,58.11351776123047,288,True
strong_stress,strong_lr_41,152,tiny-transformer-lr_fault-41,0.0156180625781416,0.0247045997530221,0.0247045997530221,0.002,0.0142695363610982,58.11405563354492,288,True
strong_stress,strong_lr_41,153,tiny-transformer-lr_fault-41,0.0153750795871019,0.0243036355823278,0.0243036355823278,0.002,0.0141657879576087,58.11457824707031,288,True
strong_stress,strong_lr_41,154,tiny-transformer-lr_fault-41,0.0153018664568662,0.0242418758571147,0.0242418758571147,0.002,0.0139802759513258,58.11508560180664,288,True
strong_stress,strong_lr_41,155,tiny-transformer-lr_fault-41,0.015182064846158,0.0239732898771762,0.0239732880145311,0.002,0.0139906359836459,58.11557769775391,288,True
strong_stress,strong_lr_41,156,tiny-transformer-lr_fault-41,0.0148389022797346,0.0238586012274026,0.0238586030900478,0.002,0.0137809859588742,58.116058349609375,288,True
strong_stress,strong_lr_41,157,tiny-transformer-lr_fault-41,0.0147120160982012,0.0234696939587593,0.0234696939587593,0.002,0.0137081211432814,58.11653137207031,288,True
strong_stress,strong_lr_41,158,tiny-transformer-lr_fault-41,0.0147690512239933,0.0233131889253854,0.0233131889253854,0.002,0.0135568147525191,58.11700820922852,288,True
strong_stress,strong_lr_41,159,tiny-transformer-lr_fault-41,0.0146731995046138,0.0232481695711612,0.0232481695711612,0.002,0.0134398909285664,58.11746597290039,288,True
strong_stress,strong_lr_41,160,tiny-transformer-lr_fault-41,0.0144131844863295,0.0226697474718093,0.0226697456091642,0.002,0.0134090278297662,58.11791610717773,288,True
strong_stress,strong_lr_41,161,tiny-transformer-lr_fault-41,0.0143482200801372,0.022656824439764,0.0226568281650543,0.002,0.0133978147059679,58.11835479736328,288,True
strong_stress,strong_lr_41,162,tiny-transformer-lr_fault-41,0.0141195505857467,0.0224600490182638,0.0224600490182638,0.002,0.0132029969245195,58.11878204345703,288,True
strong_stress,strong_lr_41,163,tiny-transformer-lr_fault-41,0.0139266913756728,0.0224280729889869,0.0224280748516321,0.002,0.0131471455097198,58.11920547485352,288,True
strong_stress,strong_lr_41,164,tiny-transformer-lr_fault-41,0.0138877248391509,0.0220537167042493,0.0220537148416042,0.002,0.0131303668022155,58.119625091552734,288,True
strong_stress,strong_lr_41,165,tiny-transformer-lr_fault-41,0.0136859938502311,0.0218172203749418,0.0218172203749418,0.002,0.0131101747974753,58.12001800537109,288,True
strong_stress,strong_lr_41,166,tiny-transformer-lr_fault-41,0.0135195814073085,0.0214249975979328,0.0214249957352876,0.002,0.0128824263811111,58.12040328979492,288,True
strong_stress,strong_lr_41,167,tiny-transformer-lr_fault-41,0.0133732818067073,0.0211641304194927,0.0211641304194927,0.002,0.0127574792131781,58.12078475952149,288,True
strong_stress,strong_lr_41,168,tiny-transformer-lr_fault-41,0.0133229345083236,0.0216016136109828,0.0216016136109828,0.002,0.0126985367387533,58.12114715576172,288,True
strong_stress,strong_lr_41,169,tiny-transformer-lr_fault-41,0.0132561298087239,0.0209749583154916,0.0209749583154916,0.002,0.0125676980242133,58.12150573730469,288,True
strong_stress,strong_lr_41,170,tiny-transformer-lr_fault-41,0.0129650551825761,0.0207564830780029,0.0207564830780029,0.002,0.0124280927702784,58.12185287475586,288,True
strong_stress,strong_lr_41,171,tiny-transformer-lr_fault-41,0.0127944517880678,0.0209100656211376,0.0209100637584924,0.002,0.0123451044782996,58.1221809387207,288,True
strong_stress,strong_lr_41,172,tiny-transformer-lr_fault-41,0.0128891319036483,0.0209675561636686,0.0209675561636686,0.002,0.0123174674808979,58.12248992919922,288,True
strong_stress,strong_lr_41,173,tiny-transformer-lr_fault-41,0.0126069216057658,0.0204349178820848,0.0204349178820848,0.002,0.0122648319229483,58.12278366088867,288,True
strong_stress,strong_lr_41,174,tiny-transformer-lr_fault-41,0.0125622786581516,0.0204155091196298,0.0204155091196298,0.002,0.0120622627437114,58.12307357788086,288,True
strong_stress,strong_lr_41,175,tiny-transformer-lr_fault-41,0.0125223184004426,0.0201891548931598,0.020189156755805,0.002,0.0120442863553762,58.12334442138672,288,True
strong_stress,strong_lr_41,176,tiny-transformer-lr_fault-41,0.012427682057023,0.0203537885099649,0.0203537885099649,0.002,0.0120196174830198,58.12361145019531,288,True
strong_stress,strong_lr_41,177,tiny-transformer-lr_fault-41,0.012248677201569,0.0203055404126644,0.0203055422753095,0.002,0.0121217388659715,58.12388610839844,288,True
strong_stress,strong_lr_41,178,tiny-transformer-lr_fault-41,0.0120586678385734,0.0191759914159774,0.0191759932786226,0.002,0.0119670312851667,58.12416076660156,288,True
strong_stress,strong_lr_41,179,tiny-transformer-lr_fault-41,0.0120236966758966,0.0191712640225887,0.0191712621599435,0.002,0.0117989601567387,58.12441635131836,288,True
strong_stress,strong_lr_41,180,tiny-transformer-lr_fault-41,0.0118345953524112,0.0193393751978874,0.0193393751978874,0.002,0.0117204980924725,58.12466049194336,288,True
strong_stress,strong_lr_41,181,tiny-transformer-lr_fault-41,0.011729147285223,0.0189292207360267,0.0189292207360267,0.002,0.0116230612620711,58.12491226196289,288,True
strong_stress,strong_lr_41,182,tiny-transformer-lr_fault-41,0.0116541786119341,0.0187819059938192,0.0187819059938192,0.002,0.0115228667855262,58.12514877319336,288,True
strong_stress,strong_lr_41,183,tiny-transformer-lr_fault-41,0.0115988152101635,0.018612403422594,0.018612403422594,0.002,0.0114109432324767,58.125370025634766,288,True
strong_stress,strong_lr_41,184,tiny-transformer-lr_fault-41,0.0113493306562304,0.0188584458082914,0.0188584458082914,0.002,0.0112110832706093,58.125587463378906,288,True
strong_stress,strong_lr_41,185,tiny-transformer-lr_fault-41,0.0114391557872295,0.0182989556342363,0.0182989537715911,0.002,0.0111239915713667,58.12579727172852,288,True
strong_stress,strong_lr_41,186,tiny-transformer-lr_fault-41,0.0112247560173273,0.0183543842285871,0.0183543860912323,0.002,0.0111661916598677,58.126007080078125,288,True
strong_stress,strong_lr_41,187,tiny-transformer-lr_fault-41,0.0112909721210598,0.0184885710477828,0.0184885691851377,0.002,0.0111078722402453,58.1262092590332,288,True
strong_stress,strong_lr_41,188,tiny-transformer-lr_fault-41,0.0111422576010227,0.0179457664489746,0.0179457664489746,0.002,0.0110786845907568,58.12639617919922,288,True
strong_stress,strong_lr_41,189,tiny-transformer-lr_fault-41,0.0110353864729404,0.0178781226277351,0.0178781207650899,0.002,0.011029127985239,58.126583099365234,288,True
strong_stress,strong_lr_41,190,tiny-transformer-lr_fault-41,0.010968112386763,0.0178093891590833,0.0178093891590833,0.0026566172960035,0.0145413046702742,58.126766204833984,288,True
strong_stress,strong_lr_41,191,tiny-transformer-lr_fault-41,0.0108555806800723,0.017696876078844,0.0176968779414892,0.0035288077287124,0.019054951146245,58.12701034545898,288,True
strong_stress,strong_lr_41,192,tiny-transformer-lr_fault-41,0.0106815211474895,0.0173033326864242,0.0173033308237791,0.0046873458231841,0.0251693148165941,58.1273078918457,288,True
strong_stress,strong_lr_41,193,tiny-transformer-lr_fault-41,0.0104272533208131,0.0171004123985767,0.0171004123985767,0.0062262419931104,0.0332573875784873,58.127708435058594,288,True
strong_stress,strong_lr_41,194,tiny-transformer-lr_fault-41,0.0101452330127358,0.016373798251152,0.016373798251152,0.0082703710840002,0.04367296397686,58.12824249267578,288,True
strong_stress,strong_lr_41,195,tiny-transformer-lr_fault-41,0.0098296822980046,0.0160754844546318,0.0160754863172769,0.0109856054330611,0.0573247075080871,58.128883361816406,288,True
strong_stress,strong_lr_41,196,tiny-transformer-lr_fault-41,0.009480788372457,0.01552021689713,0.01552021689713,0.0145922747002701,0.075199544429779,58.12971115112305,288,True
strong_stress,strong_lr_41,197,tiny-transformer-lr_fault-41,0.0087857265025377,0.014497734606266,0.0144977336749434,0.019383044678386,0.0978056043386459,58.13073348999024,288,True
strong_stress,strong_lr_41,198,tiny-transformer-lr_fault-41,0.0082562817260622,0.0135879153385758,0.0135879153385758,0.0257466658709044,0.1271057575941085,58.13194274902344,288,True
strong_stress,strong_lr_41,199,tiny-transformer-lr_fault-41,0.0074762073345482,0.0123751917853951,0.0123751927167177,0.0341995189335339,0.1635156571865081,58.1334342956543,288,True
strong_stress,strong_lr_41,200,tiny-transformer-lr_fault-41,0.0065094958990812,0.0108856530860066,0.0108856530860066,0.0454275167569127,0.2104508280754089,58.13514709472656,288,True
strong_stress,strong_lr_41,201,tiny-transformer-lr_fault-41,0.005487825255841,0.0092911124229431,0.0092911114916205,0.0603417633654516,0.2657996714115143,58.13704299926758,288,True
strong_stress,strong_lr_41,202,tiny-transformer-lr_fault-41,0.0045365099795162,0.0078457435593009,0.0078457426279783,0.0801524861140046,0.3329461216926574,58.138858795166016,288,True
strong_stress,strong_lr_41,203,tiny-transformer-lr_fault-41,0.0033643853385001,0.0058967438526451,0.0058967443183064,0.1064672404640725,0.411854475736618,58.14013671875,288,True
strong_stress,strong_lr_41,204,tiny-transformer-lr_fault-41,0.0023913932964205,0.0043482314795255,0.0043482310138642,0.1414213562373095,0.5054661631584167,58.14012145996094,288,True
strong_stress,strong_lr_41,205,tiny-transformer-lr_fault-41,0.0015699712093919,0.0029516648501157,0.0029516650829464,0.1878512105021545,0.6148868203163147,58.13792419433594,288,True
strong_stress,strong_lr_41,206,tiny-transformer-lr_fault-41,0.0009443049202673,0.001819695578888,0.0018196956953033,0.2495243874476091,0.7421758770942688,58.131980895996094,288,True
strong_stress,strong_lr_41,207,tiny-transformer-lr_fault-41,0.000504229508806,0.0010107025736942,0.0010107025736942,0.3314454017339986,0.8903860449790955,58.12033081054688,288,True
strong_stress,strong_lr_41,208,tiny-transformer-lr_fault-41,0.0002634553529787,0.0005776471225544,0.0005776471225544,0.4402617934636847,1.0642391443252563,58.10055923461914,288,True
strong_stress,strong_lr_41,209,tiny-transformer-lr_fault-41,0.0001224696025019,0.0003117735905107,0.0003117735905107,0.584803547642573,1.2693032026290894,58.0697021484375,288,True
strong_stress,strong_lr_41,210,tiny-transformer-lr_fault-41,5.62795321457088e-05,0.0001737075363053,0.0001737075363053,0.7767996097157335,1.5115602016448977,58.02496337890625,288,True
strong_stress,strong_lr_41,211,tiny-transformer-lr_fault-41,3.581044074962847e-05,0.0004006206872873,0.0004006206872873,1.0318296393497932,1.7961565256118774,57.96331405639648,288,True
strong_stress,strong_lr_41,212,tiny-transformer-lr_fault-41,3.204982203897089e-05,0.0006385812885127,0.0006385812303051,1.3705882332128592,2.1350934505462646,57.882118225097656,288,True
strong_stress,strong_lr_41,213,tiny-transformer-lr_fault-41,3.94950075133238e-05,0.0011629246873781,0.0011629248037934,1.820564203026081,2.5616822242736816,57.77974319458008,288,True
strong_stress,strong_lr_41,214,tiny-transformer-lr_fault-41,0.0015361369587481,0.1827531456947326,0.1827531456947326,2.418271175121958,91.02603912353516,57.65268707275391,288,True
strong_stress,strong_lr_41,215,tiny-transformer-lr_fault-41,11.372051239013672,11.67807674407959,0.9999998211860656,3.2122105151278526,299.027099609375,107.65471649169922,288,True
strong_stress,strong_lr_41,216,tiny-transformer-lr_fault-41,53.66691970825195,39.483917236328125,0.9999999403953552,4.266807006446484,359.7926940917969,344.68914794921875,288,True
strong_stress,strong_lr_41,217,tiny-transformer-lr_fault-41,208.9507598876953,62.8146858215332,0.9999999403953552,5.667636646017326,411.8534851074219,686.5450439453125,288,True
strong_stress,strong_lr_41,218,tiny-transformer-lr_fault-41,819.8318481445312,99.11370086669922,1.0,7.52837077063645,468.7306213378906,1089.958984375,288,True
strong_stress,strong_lr_41,219,tiny-transformer-lr_fault-41,1749.49365234375,10489.1220703125,1.0000001192092896,10.0,621.0375366210938,1545.55126953125,288,True
strong_stress,strong_lr_41,220,tiny-transformer-lr_fault-41,2621.314697265625,,,10.0,0.0,2046.40576171875,288,False
strong_stress,strong_lr_59,0,tiny-transformer-lr_fault-59,3.59951400756836,0.9432867765426636,0.9432868361473083,0.002,0.4105432331562042,56.51591873168945,288,True
strong_stress,strong_lr_59,1,tiny-transformer-lr_fault-59,3.525962829589844,0.962544858455658,0.962544858455658,0.002,0.3475352525711059,56.51554107666016,288,True
strong_stress,strong_lr_59,2,tiny-transformer-lr_fault-59,3.3765316009521484,0.9152823090553284,0.9152823090553284,0.002,0.3393804132938385,56.51526641845703,288,True
strong_stress,strong_lr_59,3,tiny-transformer-lr_fault-59,3.249194622039795,0.9147540926933287,0.9147541522979736,0.002,0.3352088630199432,56.5163688659668,288,True
strong_stress,strong_lr_59,4,tiny-transformer-lr_fault-59,3.126704216003418,0.9276425242424012,0.9276426434516908,0.002,0.3246874809265136,56.51941680908203,288,True
strong_stress,strong_lr_59,5,tiny-transformer-lr_fault-59,3.0693485736846924,0.9041019082069396,0.9041019082069396,0.002,0.3166248500347137,56.5234260559082,288,True
strong_stress,strong_lr_59,6,tiny-transformer-lr_fault-59,2.889561176300049,0.9049268364906312,0.9049267768859864,0.002,0.3120810985565185,56.52835464477539,288,True
strong_stress,strong_lr_59,7,tiny-transformer-lr_fault-59,2.7979331016540527,0.8890336155891418,0.8890335559844971,0.002,0.3113481700420379,56.53483963012695,288,True
strong_stress,strong_lr_59,8,tiny-transformer-lr_fault-59,2.693912982940674,0.8935149908065796,0.8935149908065796,0.002,0.3084424436092376,56.542999267578125,288,True
strong_stress,strong_lr_59,9,tiny-transformer-lr_fault-59,2.5622332096099854,0.8969008326530457,0.8969008326530457,0.002,0.3081080019474029,56.55269241333008,288,True
strong_stress,strong_lr_59,10,tiny-transformer-lr_fault-59,2.4173526763916016,0.8680623173713684,0.8680623769760132,0.002,0.3080525398254394,56.564090728759766,288,True
strong_stress,strong_lr_59,11,tiny-transformer-lr_fault-59,2.313406467437744,0.8504757285118103,0.8504756689071655,0.002,0.308493435382843,56.5771369934082,288,True
strong_stress,strong_lr_59,12,tiny-transformer-lr_fault-59,2.1970529556274414,0.8688986897468567,0.8688986897468567,0.002,0.3083451986312866,56.592071533203125,288,True
strong_stress,strong_lr_59,13,tiny-transformer-lr_fault-59,2.0529985427856445,0.8578119277954102,0.8578119874000549,0.002,0.3077543675899505,56.60855102539063,288,True
strong_stress,strong_lr_59,14,tiny-transformer-lr_fault-59,1.9520320892333984,0.8499860167503357,0.8499861359596252,0.002,0.3065291345119476,56.62652206420898,288,True
strong_stress,strong_lr_59,15,tiny-transformer-lr_fault-59,1.8506715297698972,0.8261373043060303,0.826137363910675,0.002,0.3047044277191162,56.64609909057617,288,True
strong_stress,strong_lr_59,16,tiny-transformer-lr_fault-59,1.749066948890686,0.8290704488754272,0.8290705680847168,0.002,0.3026185035705566,56.66725540161133,288,True
strong_stress,strong_lr_59,17,tiny-transformer-lr_fault-59,1.65913987159729,0.8098879456520081,0.8098879456520081,0.002,0.3019532859325409,56.68998718261719,288,True
strong_stress,strong_lr_59,18,tiny-transformer-lr_fault-59,1.5651662349700928,0.8033077120780945,0.8033076524734497,0.002,0.3002217411994934,56.7142219543457,288,True
strong_stress,strong_lr_59,19,tiny-transformer-lr_fault-59,1.4108004570007324,0.7997406125068665,0.7997406721115112,0.002,0.2960580289363861,56.739723205566406,288,True
strong_stress,strong_lr_59,20,tiny-transformer-lr_fault-59,1.3396848440170288,0.7456756234169006,0.7456756234169006,0.002,0.2927397191524505,56.76617050170898,288,True
strong_stress,strong_lr_59,21,tiny-transformer-lr_fault-59,1.2779247760772705,0.7416478991508484,0.7416478991508484,0.002,0.288755863904953,56.79358673095703,288,True
strong_stress,strong_lr_59,22,tiny-transformer-lr_fault-59,1.160102367401123,0.7108609676361084,0.7108610272407532,0.002,0.2844263911247253,56.82170867919922,288,True
strong_stress,strong_lr_59,23,tiny-transformer-lr_fault-59,1.0832525491714478,0.7032375335693359,0.7032375335693359,0.002,0.2798077762126922,56.85047912597656,288,True
strong_stress,strong_lr_59,24,tiny-transformer-lr_fault-59,1.017256736755371,0.6939790844917297,0.693979024887085,0.002,0.2749098539352417,56.87963104248047,288,True
strong_stress,strong_lr_59,25,tiny-transformer-lr_fault-59,0.9651652574539183,0.6659026741981506,0.6659026741981506,0.002,0.2712907195091247,56.90890884399414,288,True
strong_stress,strong_lr_59,26,tiny-transformer-lr_fault-59,0.8808333873748779,0.6168131232261658,0.6168131232261658,0.002,0.2667191326618194,56.93822479248047,288,True
strong_stress,strong_lr_59,27,tiny-transformer-lr_fault-59,0.8400205373764038,0.6045936346054077,0.6045935750007629,0.002,0.261647880077362,56.967430114746094,288,True
strong_stress,strong_lr_59,28,tiny-transformer-lr_fault-59,0.7710213661193848,0.5968112349510193,0.5968111753463745,0.002,0.2558394372463226,56.99641036987305,288,True
strong_stress,strong_lr_59,29,tiny-transformer-lr_fault-59,0.7067064046859741,0.5587431788444519,0.5587431192398071,0.002,0.2516205310821533,57.02503204345703,288,True
strong_stress,strong_lr_59,30,tiny-transformer-lr_fault-59,0.6792241334915161,0.5649620890617371,0.5649620294570923,0.002,0.2473054528236389,57.05335235595703,288,True
strong_stress,strong_lr_59,31,tiny-transformer-lr_fault-59,0.6094639301300049,0.5286195874214172,0.5286195874214172,0.002,0.2412362545728683,57.08122634887695,288,True
strong_stress,strong_lr_59,32,tiny-transformer-lr_fault-59,0.558190107345581,0.488402247428894,0.488402247428894,0.002,0.2347208112478256,57.10878753662109,288,True
strong_stress,strong_lr_59,33,tiny-transformer-lr_fault-59,0.5029175281524658,0.4554539322853088,0.4554539322853088,0.002,0.2279346585273742,57.13593292236328,288,True
strong_stress,strong_lr_59,34,tiny-transformer-lr_fault-59,0.473006397485733,0.4455163478851318,0.4455163180828094,0.002,0.2223511040210724,57.16254425048828,288,True
strong_stress,strong_lr_59,35,tiny-transformer-lr_fault-59,0.4325714409351349,0.4104094505310058,0.4104094505310058,0.002,0.2155799716711044,57.18861770629883,288,True
strong_stress,strong_lr_59,36,tiny-transformer-lr_fault-59,0.4114745855331421,0.420016199350357,0.4200161695480346,0.002,0.2101237177848816,57.21404647827149,288,True
strong_stress,strong_lr_59,37,tiny-transformer-lr_fault-59,0.377710610628128,0.3714079558849334,0.3714079558849334,0.002,0.2036496698856353,57.23889923095703,288,True
strong_stress,strong_lr_59,38,tiny-transformer-lr_fault-59,0.3424561321735382,0.3563669323921203,0.3563669323921203,0.002,0.1962691247463226,57.263092041015625,288,True
strong_stress,strong_lr_59,39,tiny-transformer-lr_fault-59,0.3183566927909851,0.3331784904003143,0.3331784904003143,0.002,0.1889692395925521,57.286468505859375,288,True
strong_stress,strong_lr_59,40,tiny-transformer-lr_fault-59,0.2988433837890625,0.3267261981964111,0.3267261981964111,0.002,0.1824385523796081,57.30900573730469,288,True
strong_stress,strong_lr_59,41,tiny-transformer-lr_fault-59,0.2760427296161651,0.3234438896179199,0.3234438896179199,0.002,0.1766413748264312,57.330814361572266,288,True
strong_stress,strong_lr_59,42,tiny-transformer-lr_fault-59,0.2569046914577484,0.2988433241844177,0.2988433241844177,0.002,0.170754998922348,57.35188293457031,288,True
strong_stress,strong_lr_59,43,tiny-transformer-lr_fault-59,0.2372308373451233,0.2687442302703857,0.2687442302703857,0.002,0.1640400886535644,57.3721809387207,288,True
strong_stress,strong_lr_59,44,tiny-transformer-lr_fault-59,0.2187939286231994,0.2511810958385467,0.2511811256408691,0.002,0.157442957162857,57.39163589477539,288,True
strong_stress,strong_lr_59,45,tiny-transformer-lr_fault-59,0.2073408961296081,0.2460415661334991,0.2460415810346603,0.002,0.1512469202280044,57.410282135009766,288,True
strong_stress,strong_lr_59,46,tiny-transformer-lr_fault-59,0.1914385110139846,0.232721745967865,0.2327217608690261,0.002,0.144973024725914,57.42805480957031,288,True
strong_stress,strong_lr_59,47,tiny-transformer-lr_fault-59,0.1791496574878692,0.2196390479803085,0.2196390628814697,0.002,0.1394317001104354,57.44498443603516,288,True
strong_stress,strong_lr_59,48,tiny-transformer-lr_fault-59,0.1687231808900833,0.2079565525054931,0.2079565823078155,0.002,0.134140595793724,57.46108627319336,288,True
strong_stress,strong_lr_59,49,tiny-transformer-lr_fault-59,0.1585824340581894,0.193249762058258,0.1932497918605804,0.002,0.1288874596357345,57.476341247558594,288,True
strong_stress,strong_lr_59,50,tiny-transformer-lr_fault-59,0.1516363471746444,0.1915589869022369,0.1915589869022369,0.002,0.1235173344612121,57.490943908691406,288,True
strong_stress,strong_lr_59,51,tiny-transformer-lr_fault-59,0.1433765888214111,0.179588183760643,0.179588183760643,0.002,0.1187493801116943,57.50481796264648,288,True
strong_stress,strong_lr_59,52,tiny-transformer-lr_fault-59,0.1322324872016906,0.1664655953645706,0.1664656102657318,0.002,0.1136431023478508,57.51803588867188,288,True
strong_stress,strong_lr_59,53,tiny-transformer-lr_fault-59,0.1261520087718963,0.164063960313797,0.1640639454126358,0.002,0.1085449457168579,57.53062438964844,288,True
strong_stress,strong_lr_59,54,tiny-transformer-lr_fault-59,0.1206858530640602,0.1581569761037826,0.1581569761037826,0.002,0.1042395904660224,57.542606353759766,288,True
strong_stress,strong_lr_59,55,tiny-transformer-lr_fault-59,0.1144130602478981,0.1532084196805954,0.1532084047794342,0.002,0.0998709201812744,57.55401992797852,288,True
strong_stress,strong_lr_59,56,tiny-transformer-lr_fault-59,0.1092926710844039,0.1445905417203903,0.1445905268192291,0.002,0.09625144302845,57.56485366821289,288,True
strong_stress,strong_lr_59,57,tiny-transformer-lr_fault-59,0.1014798209071159,0.1318840086460113,0.1318840235471725,0.002,0.0920692533254623,57.5751953125,288,True
strong_stress,strong_lr_59,58,tiny-transformer-lr_fault-59,0.0974711403250694,0.1303638964891433,0.1303638964891433,0.002,0.0885822102427482,57.58498764038086,288,True
strong_stress,strong_lr_59,59,tiny-transformer-lr_fault-59,0.0948890522122383,0.1266418248414993,0.1266418248414993,0.002,0.0852510556578636,57.59431838989258,288,True
strong_stress,strong_lr_59,60,tiny-transformer-lr_fault-59,0.0872835740447044,0.1192405223846435,0.1192405223846435,0.002,0.0816606357693672,57.60321807861328,288,True
strong_stress,strong_lr_59,61,tiny-transformer-lr_fault-59,0.0833400562405586,0.1129457801580429,0.1129457801580429,0.002,0.0783855766057968,57.61169052124024,288,True
strong_stress,strong_lr_59,62,tiny-transformer-lr_fault-59,0.0819717571139335,0.1124825999140739,0.1124825999140739,0.002,0.075333148241043,57.61971664428711,288,True
strong_stress,strong_lr_59,63,tiny-transformer-lr_fault-59,0.0789484530687332,0.1078273728489875,0.1078273728489875,0.002,0.0723265260457992,57.627349853515625,288,True
strong_stress,strong_lr_59,64,tiny-transformer-lr_fault-59,0.0753652229905128,0.1056886166334152,0.1056886166334152,0.002,0.0694635659456253,57.63460159301758,288,True
strong_stress,strong_lr_59,65,tiny-transformer-lr_fault-59,0.0730451568961143,0.1019695922732353,0.1019695922732353,0.002,0.0673323571681976,57.64145660400391,288,True
strong_stress,strong_lr_59,66,tiny-transformer-lr_fault-59,0.0694082975387573,0.0956326276063919,0.0956326350569725,0.002,0.0649612993001937,57.64798355102539,288,True
strong_stress,strong_lr_59,67,tiny-transformer-lr_fault-59,0.0681636184453964,0.0942713394761085,0.0942713394761085,0.002,0.063124269247055,57.65419006347656,288,True
strong_stress,strong_lr_59,68,tiny-transformer-lr_fault-59,0.0637169778347015,0.0880841538310051,0.0880841538310051,0.002,0.0607897862792015,57.66009140014648,288,True
strong_stress,strong_lr_59,69,tiny-transformer-lr_fault-59,0.0618198923766613,0.0868729501962661,0.0868729576468467,0.002,0.0586686469614505,57.665645599365234,288,True
strong_stress,strong_lr_59,70,tiny-transformer-lr_fault-59,0.0603115819394588,0.0867931544780731,0.0867931470274925,0.002,0.0571335740387439,57.67091369628906,288,True
strong_stress,strong_lr_59,71,tiny-transformer-lr_fault-59,0.0579541772603988,0.0819510892033577,0.0819510892033577,0.002,0.0549615770578384,57.67594146728516,288,True
strong_stress,strong_lr_59,72,tiny-transformer-lr_fault-59,0.0567557476460933,0.0807124897837638,0.0807124897837638,0.002,0.0528162457048893,57.68073654174805,288,True
strong_stress,strong_lr_59,73,tiny-transformer-lr_fault-59,0.0543749891221523,0.0775910168886184,0.0775910168886184,0.002,0.0508775562047958,57.68532943725586,288,True
strong_stress,strong_lr_59,74,tiny-transformer-lr_fault-59,0.0531265102326869,0.0757416859269142,0.0757416859269142,0.002,0.0492724888026714,57.68971252441406,288,True
strong_stress,strong_lr_59,75,tiny-transformer-lr_fault-59,0.0506482981145381,0.0738047659397125,0.0738047659397125,0.002,0.04766546189785,57.69392776489258,288,True
strong_stress,strong_lr_59,76,tiny-transformer-lr_fault-59,0.0493045412003994,0.0715004801750183,0.0715004876255989,0.002,0.0461947992444038,57.69791793823242,288,True
strong_stress,strong_lr_59,77,tiny-transformer-lr_fault-59,0.0483236610889434,0.0693787932395935,0.0693787932395935,0.002,0.0446194820106029,57.70175552368164,288,True
strong_stress,strong_lr_59,78,tiny-transformer-lr_fault-59,0.0469051264226436,0.0682337135076522,0.0682337135076522,0.002,0.0433911755681037,57.70540618896485,288,True
strong_stress,strong_lr_59,79,tiny-transformer-lr_fault-59,0.0468058586120605,0.0673124268651008,0.0673124268651008,0.002,0.0420489162206649,57.70890808105469,288,True
strong_stress,strong_lr_59,80,tiny-transformer-lr_fault-59,0.0438371449708938,0.0640168413519859,0.0640168413519859,0.002,0.0407742001116275,57.7122688293457,288,True
strong_stress,strong_lr_59,81,tiny-transformer-lr_fault-59,0.0437559708952903,0.065322145819664,0.065322145819664,0.002,0.0394900031387805,57.71548461914063,288,True
strong_stress,strong_lr_59,82,tiny-transformer-lr_fault-59,0.0425928942859172,0.0622939020395278,0.0622939020395278,0.002,0.0381341055035591,57.71855926513672,288,True
strong_stress,strong_lr_59,83,tiny-transformer-lr_fault-59,0.0418974757194519,0.0625079646706581,0.0625079646706581,0.002,0.0371919274330139,57.72151947021485,288,True
strong_stress,strong_lr_59,84,tiny-transformer-lr_fault-59,0.0411077588796615,0.061510045081377,0.0615100488066673,0.002,0.0364314392209053,57.72434997558594,288,True
strong_stress,strong_lr_59,85,tiny-transformer-lr_fault-59,0.0393130220472812,0.0578758232295513,0.057875819504261,0.002,0.0356282107532024,57.72706985473633,288,True
strong_stress,strong_lr_59,86,tiny-transformer-lr_fault-59,0.0384844727814197,0.0566417425870895,0.0566417463123798,0.002,0.0347660109400749,57.72969055175781,288,True
strong_stress,strong_lr_59,87,tiny-transformer-lr_fault-59,0.0374472774565219,0.0567869283258914,0.0567869320511817,0.002,0.0336304940283298,57.73222732543945,288,True
strong_stress,strong_lr_59,88,tiny-transformer-lr_fault-59,0.0364096239209175,0.053421176970005,0.053421176970005,0.002,0.0327697992324829,57.73467254638672,288,True
strong_stress,strong_lr_59,89,tiny-transformer-lr_fault-59,0.0364865772426128,0.0540162101387977,0.0540162101387977,0.002,0.0319697596132755,57.73700714111328,288,True
strong_stress,strong_lr_59,90,tiny-transformer-lr_fault-59,0.0356853082776069,0.0553150810301303,0.0553150847554206,0.002,0.0311579834669828,57.73925018310547,288,True
strong_stress,strong_lr_59,91,tiny-transformer-lr_fault-59,0.0345798917114734,0.0515727885067462,0.0515727885067462,0.002,0.0304267760366201,57.741455078125,288,True
strong_stress,strong_lr_59,92,tiny-transformer-lr_fault-59,0.0341055579483509,0.0503429993987083,0.0503429993987083,0.002,0.0297439862042665,57.743595123291016,288,True
strong_stress,strong_lr_59,93,tiny-transformer-lr_fault-59,0.0330014564096927,0.0487325824797153,0.0487325824797153,0.002,0.0291318651288747,57.74568176269531,288,True
strong_stress,strong_lr_59,94,tiny-transformer-lr_fault-59,0.0336748585104942,0.0521764159202575,0.0521764159202575,0.002,0.0287139900028705,57.7476921081543,288,True
strong_stress,strong_lr_59,95,tiny-transformer-lr_fault-59,0.0321365445852279,0.0482825711369514,0.0482825748622417,0.002,0.0280298702418804,57.749637603759766,288,True
strong_stress,strong_lr_59,96,tiny-transformer-lr_fault-59,0.0317489802837371,0.0476731695234775,0.0476731695234775,0.002,0.0275510381907224,57.75154113769531,288,True
strong_stress,strong_lr_59,97,tiny-transformer-lr_fault-59,0.0312931202352047,0.0469319596886634,0.0469319596886634,0.002,0.027155578136444,57.75339889526367,288,True
strong_stress,strong_lr_59,98,tiny-transformer-lr_fault-59,0.030338205397129,0.0454621985554695,0.0454621985554695,0.002,0.026765102520585,57.75520324707031,288,True
strong_stress,strong_lr_59,99,tiny-transformer-lr_fault-59,0.0297153815627098,0.0457384325563907,0.0457384288311004,0.002,0.0262013580650091,57.756961822509766,288,True
strong_stress,strong_lr_59,100,tiny-transformer-lr_fault-59,0.029206745326519,0.0441944785416126,0.0441944822669029,0.002,0.0258322153240442,57.7586555480957,288,True
strong_stress,strong_lr_59,101,tiny-transformer-lr_fault-59,0.0289947483688592,0.0438880138099193,0.0438880138099193,0.002,0.0253675449639558,57.76031112670898,288,True
strong_stress,strong_lr_59,102,tiny-transformer-lr_fault-59,0.0289812888950109,0.0442115440964698,0.0442115478217601,0.002,0.0247102677822113,57.76192855834961,288,True
strong_stress,strong_lr_59,103,tiny-transformer-lr_fault-59,0.0282537769526243,0.0426487848162651,0.0426487848162651,0.002,0.0242634695023298,57.76349639892578,288,True
strong_stress,strong_lr_59,104,tiny-transformer-lr_fault-59,0.0276109091937541,0.0428089685738086,0.0428089685738086,0.002,0.023887624964118,57.76502227783203,288,True
strong_stress,strong_lr_59,105,tiny-transformer-lr_fault-59,0.0272657070308923,0.0413273461163044,0.0413273498415946,0.002,0.0236719977110624,57.76651763916016,288,True
strong_stress,strong_lr_59,106,tiny-transformer-lr_fault-59,0.0267820600420236,0.0408091396093368,0.0408091396093368,0.002,0.023376852273941,57.76797866821289,288,True
strong_stress,strong_lr_59,107,tiny-transformer-lr_fault-59,0.0262515749782323,0.0399802774190902,0.0399802774190902,0.002,0.0229980740696191,57.76942443847656,288,True
strong_stress,strong_lr_59,108,tiny-transformer-lr_fault-59,0.0260350704193115,0.0396119989454746,0.0396119989454746,0.002,0.0226881876587867,57.77083587646485,288,True
strong_stress,strong_lr_59,109,tiny-transformer-lr_fault-59,0.0256010554730892,0.0395864136517047,0.039586417376995,0.002,0.0225868057459592,57.772216796875,288,True
strong_stress,strong_lr_59,110,tiny-transformer-lr_fault-59,0.0255232788622379,0.0393513105809688,0.0393513105809688,0.002,0.022341514006257,57.773563385009766,288,True
strong_stress,strong_lr_59,111,tiny-transformer-lr_fault-59,0.0245054736733436,0.0376137942075729,0.0376137942075729,0.002,0.0220012050122022,57.7749137878418,288,True
strong_stress,strong_lr_59,112,tiny-transformer-lr_fault-59,0.0243055541068315,0.0371453613042831,0.0371453650295734,0.002,0.0214748624712228,57.77620697021485,288,True
strong_stress,strong_lr_59,113,tiny-transformer-lr_fault-59,0.0237875375896692,0.036547590047121,0.036547590047121,0.002,0.0211543254554271,57.77745819091797,288,True
strong_stress,strong_lr_59,114,tiny-transformer-lr_fault-59,0.023484019562602,0.0356623604893684,0.0356623642146587,0.002,0.0207362752407789,57.7786865234375,288,True
strong_stress,strong_lr_59,115,tiny-transformer-lr_fault-59,0.0232840869575738,0.0364245884120464,0.0364245884120464,0.002,0.0204342938959598,57.77987289428711,288,True
strong_stress,strong_lr_59,116,tiny-transformer-lr_fault-59,0.0229140054434537,0.0357725322246551,0.0357725359499454,0.002,0.0202601086348295,57.781036376953125,288,True
strong_stress,strong_lr_59,117,tiny-transformer-lr_fault-59,0.0225569810718297,0.035291276872158,0.035291276872158,0.002,0.0199072174727916,57.78216171264648,288,True
strong_stress,strong_lr_59,118,tiny-transformer-lr_fault-59,0.0223031025379896,0.0348208993673324,0.0348209030926227,0.002,0.0196311697363853,57.78325271606445,288,True
strong_stress,strong_lr_59,119,tiny-transformer-lr_fault-59,0.0220927335321903,0.0340547561645507,0.0340547561645507,0.002,0.0194466188549995,57.78432083129883,288,True
strong_stress,strong_lr_59,120,tiny-transformer-lr_fault-59,0.0216029509902,0.0334241949021816,0.0334241986274719,0.002,0.0192467086017131,57.78535842895508,288,True
strong_stress,strong_lr_59,121,tiny-transformer-lr_fault-59,0.0210755039006471,0.0329827703535556,0.0329827703535556,0.002,0.0189721025526523,57.78637313842773,288,True
strong_stress,strong_lr_59,122,tiny-transformer-lr_fault-59,0.0210078693926334,0.0324444398283958,0.0324444398283958,0.002,0.0187749937176704,57.7873420715332,288,True
strong_stress,strong_lr_59,123,tiny-transformer-lr_fault-59,0.0203443150967359,0.0321929305791854,0.0321929305791854,0.002,0.018417777493596,57.78828811645508,288,True
strong_stress,strong_lr_59,124,tiny-transformer-lr_fault-59,0.0207535866647958,0.0322513915598392,0.0322513915598392,0.002,0.0183007419109344,57.78920364379883,288,True
strong_stress,strong_lr_59,125,tiny-transformer-lr_fault-59,0.0203915126621723,0.0320408642292022,0.0320408679544925,0.002,0.0181241482496261,57.79008483886719,288,True
strong_stress,strong_lr_59,126,tiny-transformer-lr_fault-59,0.0201127305626869,0.0309957638382911,0.0309957657009363,0.002,0.0178938806056976,57.79095077514648,288,True
strong_stress,strong_lr_59,127,tiny-transformer-lr_fault-59,0.0200095996260643,0.0312637723982334,0.0312637686729431,0.002,0.0179446991533041,57.79179382324219,288,True
strong_stress,strong_lr_59,128,tiny-transformer-lr_fault-59,0.019664654508233,0.0306035857647657,0.0306035857647657,0.002,0.0176686849445104,57.79262924194336,288,True
strong_stress,strong_lr_59,129,tiny-transformer-lr_fault-59,0.0191934816539287,0.0299390703439712,0.0299390703439712,0.002,0.0173706281930208,57.793453216552734,288,True
strong_stress,strong_lr_59,130,tiny-transformer-lr_fault-59,0.0187815688550472,0.0298236608505249,0.0298236608505249,0.002,0.0172092951834201,57.79425430297852,288,True
strong_stress,strong_lr_59,131,tiny-transformer-lr_fault-59,0.0184212494641542,0.0291712246835231,0.0291712284088134,0.002,0.0170112494379282,57.79502868652344,288,True
strong_stress,strong_lr_59,132,tiny-transformer-lr_fault-59,0.0186691470444202,0.0292440336197614,0.0292440354824066,0.002,0.0168501324951648,57.79576873779297,288,True
strong_stress,strong_lr_59,133,tiny-transformer-lr_fault-59,0.0182768814265728,0.028843892738223,0.028843892738223,0.002,0.0167782064527273,57.79650115966797,288,True
strong_stress,strong_lr_59,134,tiny-transformer-lr_fault-59,0.0182188376784324,0.0283714234828948,0.0283714234828948,0.002,0.0166992135345935,57.79722213745117,288,True
strong_stress,strong_lr_59,135,tiny-transformer-lr_fault-59,0.0179708823561668,0.029066989198327,0.0290669910609722,0.002,0.0165486950427293,57.79792022705078,288,True
strong_stress,strong_lr_59,136,tiny-transformer-lr_fault-59,0.0177212096750736,0.0278762839734554,0.0278762858361005,0.002,0.0161764733493328,57.79860305786133,288,True
strong_stress,strong_lr_59,137,tiny-transformer-lr_fault-59,0.0172729939222335,0.0272097997367382,0.0272097997367382,0.002,0.016082439571619,57.79926681518555,288,True
strong_stress,strong_lr_59,138,tiny-transformer-lr_fault-59,0.0173598602414131,0.0271132830530405,0.0271132830530405,0.002,0.0159489437937736,57.79991149902344,288,True
strong_stress,strong_lr_59,139,tiny-transformer-lr_fault-59,0.0171157736331224,0.0270869340747594,0.0270869340747594,0.002,0.0157812442630529,57.80055618286133,288,True
strong_stress,strong_lr_59,140,tiny-transformer-lr_fault-59,0.0166834313422441,0.0262062661349773,0.0262062661349773,0.002,0.0155284004285931,57.80117416381836,288,True
strong_stress,strong_lr_59,141,tiny-transformer-lr_fault-59,0.0166167020797729,0.0262355469167232,0.0262355469167232,0.002,0.0153928492218256,57.80179214477539,288,True
strong_stress,strong_lr_59,142,tiny-transformer-lr_fault-59,0.0166896395385265,0.0264548994600772,0.0264549013227224,0.002,0.015152096748352,57.80238723754883,288,True
strong_stress,strong_lr_59,143,tiny-transformer-lr_fault-59,0.0162202939391136,0.0259144026786088,0.0259144026786088,0.002,0.0149390678852796,57.80297470092773,288,True
strong_stress,strong_lr_59,144,tiny-transformer-lr_fault-59,0.0163233578205108,0.0255785230547189,0.0255785249173641,0.002,0.0147490473464131,57.80356216430664,288,True
strong_stress,strong_lr_59,145,tiny-transformer-lr_fault-59,0.0158944707363843,0.0255921855568885,0.0255921874195337,0.002,0.0147789660841226,57.80414962768555,288,True
strong_stress,strong_lr_59,146,tiny-transformer-lr_fault-59,0.0157018117606639,0.0249842721968889,0.0249842703342437,0.002,0.0146388001739978,57.80472946166992,288,True
strong_stress,strong_lr_59,147,tiny-transformer-lr_fault-59,0.0157425832003355,0.0249962341040372,0.0249962341040372,0.002,0.014529675245285,57.805274963378906,288,True
strong_stress,strong_lr_59,148,tiny-transformer-lr_fault-59,0.0153367901220917,0.0246223621070384,0.0246223621070384,0.002,0.0144795151427388,57.80582046508789,288,True
strong_stress,strong_lr_59,149,tiny-transformer-lr_fault-59,0.0151585256680846,0.024131815880537,0.024131815880537,0.002,0.0143304727971553,57.80636215209961,288,True
strong_stress,strong_lr_59,150,tiny-transformer-lr_fault-59,0.0151286087930202,0.0241060610860586,0.0241060592234134,0.002,0.014209090732038,57.80686569213867,288,True
strong_stress,strong_lr_59,151,tiny-transformer-lr_fault-59,0.0150693757459521,0.0239475425332784,0.0239475425332784,0.002,0.0142199965193867,57.80735778808594,288,True
strong_stress,strong_lr_59,152,tiny-transformer-lr_fault-59,0.0148680908605456,0.0239718239754438,0.0239718239754438,0.002,0.0141609767451882,57.80785369873047,288,True
strong_stress,strong_lr_59,153,tiny-transformer-lr_fault-59,0.0145465154200792,0.0234510954469442,0.0234510954469442,0.002,0.0140777789056301,57.80833053588867,288,True
strong_stress,strong_lr_59,154,tiny-transformer-lr_fault-59,0.0143737541511654,0.0233082622289657,0.0233082640916109,0.002,0.0138403642922639,57.80879211425781,288,True
strong_stress,strong_lr_59,155,tiny-transformer-lr_fault-59,0.0146228782832622,0.0237176287919282,0.0237176287919282,0.002,0.0137187074869871,57.80926513671875,288,True
strong_stress,strong_lr_59,156,tiny-transformer-lr_fault-59,0.0143164880573749,0.0230536852031946,0.0230536852031946,0.002,0.0136474687606096,57.80972290039063,288,True
strong_stress,strong_lr_59,157,tiny-transformer-lr_fault-59,0.0138909984380006,0.0221154652535915,0.0221154652535915,0.002,0.0134858703240752,57.8101921081543,288,True
strong_stress,strong_lr_59,158,tiny-transformer-lr_fault-59,0.0139936786144971,0.0223597530275583,0.0223597530275583,0.002,0.0134128155186772,57.81063461303711,288,True
strong_stress,strong_lr_59,159,tiny-transformer-lr_fault-59,0.0138056054711341,0.0219950918108224,0.0219950936734676,0.002,0.0133025161921978,57.81107711791992,288,True
strong_stress,strong_lr_59,160,tiny-transformer-lr_fault-59,0.0136923668906092,0.0218394063413143,0.0218394063413143,0.002,0.0131982583552598,57.81151580810547,288,True
strong_stress,strong_lr_59,161,tiny-transformer-lr_fault-59,0.0136984474956989,0.0221369229257106,0.0221369247883558,0.002,0.01327680144459,57.81195068359375,288,True
strong_stress,strong_lr_59,162,tiny-transformer-lr_fault-59,0.0134750548750162,0.0217181257903575,0.0217181239277124,0.002,0.0132169723510742,57.81236267089844,288,True
strong_stress,strong_lr_59,163,tiny-transformer-lr_fault-59,0.0132056884467601,0.0213152132928371,0.0213152132928371,0.002,0.0131148342043161,57.81276321411133,288,True
strong_stress,strong_lr_59,164,tiny-transformer-lr_fault-59,0.0131184794008731,0.0211568623781204,0.0211568586528301,0.002,0.0128333112224936,57.81314849853516,288,True
strong_stress,strong_lr_59,165,tiny-transformer-lr_fault-59,0.0131367333233356,0.021276144310832,0.021276144310832,0.002,0.0128054488450288,57.81351089477539,288,True
strong_stress,strong_lr_59,166,tiny-transformer-lr_fault-59,0.0129429409280419,0.0209089200943708,0.0209089219570159,0.002,0.0127034578472375,57.81388473510742,288,True
strong_stress,strong_lr_59,167,tiny-transformer-lr_fault-59,0.0127728506922721,0.0204539373517036,0.0204539373517036,0.002,0.0125438617542386,57.814239501953125,288,True
strong_stress,strong_lr_59,168,tiny-transformer-lr_fault-59,0.012736665084958,0.0212168805301189,0.021216882392764,0.002,0.0125673580914735,57.81459426879883,288,True
strong_stress,strong_lr_59,169,tiny-transformer-lr_fault-59,0.0124644059687852,0.0200868546962738,0.0200868546962738,0.002,0.0123798195272684,57.8149528503418,288,True
strong_stress,strong_lr_59,170,tiny-transformer-lr_fault-59,0.0124567542225122,0.0200015064328908,0.0200015064328908,0.002,0.012247278355062,57.81528472900391,288,True
strong_stress,strong_lr_59,171,tiny-transformer-lr_fault-59,0.0123602114617824,0.0199465043842792,0.0199465043842792,0.002,0.0121977441012859,57.81560516357422,288,True
strong_stress,strong_lr_59,172,tiny-transformer-lr_fault-59,0.0121442712843418,0.0196238420903682,0.0196238439530134,0.002,0.0120367258787155,57.81592559814453,288,True
strong_stress,strong_lr_59,173,tiny-transformer-lr_fault-59,0.0120140621438622,0.0197483785450458,0.019748380407691,0.002,0.0119249792769551,57.81622695922852,288,True
strong_stress,strong_lr_59,174,tiny-transformer-lr_fault-59,0.0118914889171719,0.0193096287548542,0.0193096287548542,0.002,0.0117969289422035,57.816524505615234,288,True
strong_stress,strong_lr_59,175,tiny-transformer-lr_fault-59,0.0118080507963895,0.0192732401192188,0.0192732401192188,0.002,0.0117523903027176,57.816802978515625,288,True
strong_stress,strong_lr_59,176,tiny-transformer-lr_fault-59,0.0118864038959145,0.0189763437956571,0.0189763437956571,0.002,0.0117033040151,57.81708908081055,288,True
strong_stress,strong_lr_59,177,tiny-transformer-lr_fault-59,0.0115349637344479,0.018697140738368,0.018697140738368,0.002,0.0115509731695055,57.81736373901367,288,True
strong_stress,strong_lr_59,178,tiny-transformer-lr_fault-59,0.0115925716236233,0.0185884870588779,0.0185884870588779,0.002,0.011569807305932,57.81762313842773,288,True
strong_stress,strong_lr_59,179,tiny-transformer-lr_fault-59,0.0112594841048121,0.0182959511876106,0.0182959530502557,0.002,0.0114168198779225,57.81787109375,288,True
strong_stress,strong_lr_59,180,tiny-transformer-lr_fault-59,0.0111308330669999,0.0180128030478954,0.0180128030478954,0.002,0.0112881306558847,57.8181037902832,288,True
strong_stress,strong_lr_59,181,tiny-transformer-lr_fault-59,0.011322314850986,0.0185144450515508,0.0185144450515508,0.002,0.01131072640419,57.81830596923828,288,True
strong_stress,strong_lr_59,182,tiny-transformer-lr_fault-59,0.0110630197450518,0.0180725287646055,0.0180725287646055,0.002,0.0112639833241701,57.81853103637695,288,True
strong_stress,strong_lr_59,183,tiny-transformer-lr_fault-59,0.0109762754291296,0.0178808253258466,0.0178808253258466,0.002,0.0111016454175114,57.81874465942383,288,True
strong_stress,strong_lr_59,184,tiny-transformer-lr_fault-59,0.0107345888391137,0.0173299461603164,0.0173299442976713,0.002,0.0109900645911693,57.81895065307617,288,True
strong_stress,strong_lr_59,185,tiny-transformer-lr_fault-59,0.0108596002683043,0.0179750975221395,0.0179750975221395,0.002,0.0108970291912555,57.81914138793945,288,True
strong_stress,strong_lr_59,186,tiny-transformer-lr_fault-59,0.0108626671135425,0.0177824478596448,0.0177824478596448,0.002,0.0109302019700407,57.8193244934082,288,True
strong_stress,strong_lr_59,187,tiny-transformer-lr_fault-59,0.0105998460203409,0.0173177700489759,0.0173177700489759,0.002,0.0108190281316638,57.81951522827149,288,True
strong_stress,strong_lr_59,188,tiny-transformer-lr_fault-59,0.0105599984526634,0.0172128900885581,0.0172128900885581,0.002,0.0107579510658979,57.819705963134766,288,True
strong_stress,strong_lr_59,189,tiny-transformer-lr_fault-59,0.0105822095647454,0.0172616112977266,0.0172616112977266,0.002,0.0107342293485999,57.81988906860352,288,True
strong_stress,strong_lr_59,190,tiny-transformer-lr_fault-59,0.0105392299592494,0.0175187662243843,0.0175187643617391,0.0026566172960035,0.0142249763011932,57.8200569152832,288,True
strong_stress,strong_lr_59,191,tiny-transformer-lr_fault-59,0.0102310273796319,0.0167221296578645,0.0167221315205097,0.0035288077287124,0.0188354291021823,57.82028579711914,288,True
strong_stress,strong_lr_59,192,tiny-transformer-lr_fault-59,0.009974617511034,0.0164179075509309,0.0164179075509309,0.0046873458231841,0.0247047133743762,57.820587158203125,288,True
strong_stress,strong_lr_59,193,tiny-transformer-lr_fault-59,0.0097659807652235,0.0163097232580184,0.0163097213953733,0.0062262419931104,0.0321813747286796,57.82096099853516,288,True
strong_stress,strong_lr_59,194,tiny-transformer-lr_fault-59,0.0095566995441913,0.0156665481626987,0.0156665481626987,0.0082703710840002,0.0423352941870689,57.82138442993164,288,True
strong_stress,strong_lr_59,195,tiny-transformer-lr_fault-59,0.0093353558331727,0.0156330168247222,0.0156330168247222,0.0109856054330611,0.0556398183107376,57.821922302246094,288,True
strong_stress,strong_lr_59,196,tiny-transformer-lr_fault-59,0.0089586544781923,0.014642440713942,0.0146424416452646,0.0145922747002701,0.0723870694637298,57.82259368896485,288,True
strong_stress,strong_lr_59,197,tiny-transformer-lr_fault-59,0.00844581797719,0.0139895621687173,0.0139895612373948,0.019383044678386,0.093683011829853,57.82349395751953,288,True
strong_stress,strong_lr_59,198,tiny-transformer-lr_fault-59,0.0077206352725625,0.0128893246874213,0.0128893246874213,0.0257466658709044,0.1219205781817436,57.82454681396485,288,True
strong_stress,strong_lr_59,199,tiny-transformer-lr_fault-59,0.0070281443186104,0.0120038650929927,0.0120038660243153,0.0341995189335339,0.1579611301422119,57.8257942199707,288,True
strong_stress,strong_lr_59,200,tiny-transformer-lr_fault-59,0.0062561584636569,0.0106184957548975,0.0106184957548975,0.0454275167569127,0.203011929988861,57.82715225219727,288,True
strong_stress,strong_lr_59,201,tiny-transformer-lr_fault-59,0.0052993157878518,0.0091518023982644,0.0091518023982644,0.0603417633654516,0.2568200826644897,57.82849884033203,288,True
strong_stress,strong_lr_59,202,tiny-transformer-lr_fault-59,0.0042553544044494,0.0073885810561478,0.0073885819874703,0.0801524861140046,0.3224828541278839,57.82963180541992,288,True
strong_stress,strong_lr_59,203,tiny-transformer-lr_fault-59,0.0033233186695724,0.0059603587724268,0.0059603587724268,0.1064672404640725,0.3998954594135284,57.83009719848633,288,True
strong_stress,strong_lr_59,204,tiny-transformer-lr_fault-59,0.0022887305822223,0.0041690589860081,0.0041690594516694,0.1414213562373095,0.4913032054901123,57.82902145385742,288,True
strong_stress,strong_lr_59,205,tiny-transformer-lr_fault-59,0.0015434947563335,0.0028963135555386,0.002896313322708,0.1878512105021545,0.5979578495025635,57.825439453125,288,True
strong_stress,strong_lr_59,206,tiny-transformer-lr_fault-59,0.0009153832797892,0.0017659408040344,0.0017659408040344,0.2495243874476091,0.7210173606872559,57.81754684448242,288,True
strong_stress,strong_lr_59,207,tiny-transformer-lr_fault-59,0.0005037705996073,0.001042072661221,0.001042072661221,0.3314454017339986,0.8644551038742065,57.803184509277344,288,True
strong_stress,strong_lr_59,208,tiny-transformer-lr_fault-59,0.0002462388947606,0.0005650486564263,0.0005650486564263,0.4402617934636847,1.0333757400512695,57.779598236083984,288,True
strong_stress,strong_lr_59,209,tiny-transformer-lr_fault-59,0.0001172552874777,0.0003165380912832,0.0003165381203871,0.584803547642573,1.2331866025924685,57.74361801147461,288,True
strong_stress,strong_lr_59,210,tiny-transformer-lr_fault-59,5.050149411545135e-05,0.0001395424042129,0.000139542389661,0.7767996097157335,1.4698573350906372,57.6916389465332,288,True
strong_stress,strong_lr_59,211,tiny-transformer-lr_fault-59,2.4653532818774693e-05,8.87461646925658e-05,8.874617196852341e-05,1.0318296393497932,1.748914361000061,57.61997985839844,288,True
strong_stress,strong_lr_59,212,tiny-transformer-lr_fault-59,1.550709748698864e-05,0.0001325842604273,0.0001325842604273,1.3705882332128592,2.076181650161743,57.52484893798828,288,True
strong_stress,strong_lr_59,213,tiny-transformer-lr_fault-59,2.391127600276377e-05,0.0003747890878003,0.0003747890586964,1.820564203026081,2.4530014991760254,57.40291976928711,288,True
strong_stress,strong_lr_59,214,tiny-transformer-lr_fault-59,0.0005284841754473,0.0469083376228809,0.0469083413481712,2.418271175121958,30.3336124420166,57.25068283081055,288,True
strong_stress,strong_lr_59,215,tiny-transformer-lr_fault-59,13.009790420532228,13.512925148010254,1.0,3.2122105151278526,281.2841491699219,64.07349395751953,288,True
strong_stress,strong_lr_59,216,tiny-transformer-lr_fault-59,111.896728515625,48.400299072265625,1.0,4.266807006446484,392.4234619140625,291.430908203125,288,True
strong_stress,strong_lr_59,217,tiny-transformer-lr_fault-59,129.43661499023438,54.90452194213867,0.9999999403953552,5.667636646017326,450.027587890625,645.5916748046875,288,True
strong_stress,strong_lr_59,218,tiny-transformer-lr_fault-59,601.147705078125,95.5022964477539,1.0,7.52837077063645,516.2976684570312,1082.4671630859375,288,True
strong_stress,strong_lr_59,219,tiny-transformer-lr_fault-59,1197.58837890625,599138.625,1.0,10.0,680.0444946289062,1581.361328125,288,True
strong_stress,strong_lr_59,220,tiny-transformer-lr_fault-59,1913.760009765625,1.6121416069184225e+18,0.9999999403953552,10.0,610.3045654296875,2161.488037109375,288,True
strong_stress,strong_lr_59,221,tiny-transformer-lr_fault-59,2964.544677734375,,,10.0,0.0,2670.934814453125,288,False
