step,risk_score,stability_score,alert,status,phase_reset,factors,ready,hard_failure,loss_z,loss_diff_z,grad_z,lr_jump,update_z,grad_volatility,update_available,step_gap,score_multi_signal,score_loss_z,score_grad_z,score_ewma_loss,score_cusum_loss
0,0.0,100.0,False,WARMUP,False,[],False,False,0.0,0.0,0.0,0.0,0.0,0.0,False,0,0.0,0.0,0.0,0.0,0.0
1,0.0,100.0,False,WARMUP,False,[],False,False,0.0,0.0,0.0,0.0,0.0,0.0,False,1,0.0,0.0,0.0,0.0,0.0
2,0.0,100.0,False,WARMUP,False,[],False,False,0.0,0.0,0.0,0.0,0.0,0.0,False,1,0.0,0.0,0.0,0.0,0.0
3,0.0,100.0,False,WARMUP,False,[],False,False,0.0,0.0,0.0,0.0,0.0,0.0,False,1,0.0,0.0,0.0,0.0,0.0
4,0.0,100.0,False,WARMUP,False,[],False,False,0.0,0.0,0.0,0.0,0.0,0.0,False,1,0.0,0.0,0.0,0.0,0.0
5,0.0,100.0,False,WARMUP,False,[],False,False,0.0,0.0,0.0,0.0,0.0,0.0,False,1,0.0,0.0,0.0,0.0,0.0
6,0.0,100.0,False,WARMUP,False,[],False,False,0.0,0.0,0.0,0.0,0.0,0.0,False,1,0.0,0.0,0.0,0.0,0.0
7,0.0,100.0,False,WARMUP,False,[],False,False,0.0,0.0,0.0,0.0,0.0,0.0,False,1,0.0,0.0,0.0,0.0,0.0
8,0.0,100.0,False,WARMUP,False,[],False,False,0.0,0.0,0.0,0.0,0.0,0.0,False,1,0.0,0.0,0.0,0.0,0.0
9,0.0,100.0,False,WARMUP,False,[],False,False,0.0,0.0,0.0,0.0,0.0,0.0,False,1,0.0,0.0,0.0,0.0,0.0
10,0.0,100.0,False,WARMUP,False,[],False,False,0.0,0.0,0.0,0.0,0.0,0.0,False,1,0.0,0.0,0.0,0.0,0.0
11,0.0,100.0,False,WARMUP,False,[],False,False,0.0,0.0,0.0,0.0,0.0,0.0,False,1,0.0,0.0,0.0,0.0,0.0
12,0.0,100.0,False,WARMUP,False,[],False,False,0.0,0.0,0.0,0.0,0.0,0.0,False,1,0.0,0.0,0.0,0.0,0.0
13,0.0,100.0,False,WARMUP,False,[],False,False,0.0,0.0,0.0,0.0,0.0,0.0,False,1,0.0,0.0,0.0,0.0,0.0
14,0.0,100.0,False,WARMUP,False,[],False,False,0.0,0.0,0.0,0.0,0.0,0.0,False,1,0.0,0.0,0.0,0.0,0.0
15,0.0,100.0,False,WARMUP,False,[],False,False,0.0,0.0,0.0,0.0,0.0,0.0,False,1,0.0,0.0,0.0,0.0,0.0
16,0.0,100.0,False,WARMUP,False,[],False,False,0.0,0.0,0.0,0.0,0.0,0.0,False,1,0.0,0.0,0.0,0.0,0.0
17,0.0,100.0,False,WARMUP,False,[],False,False,0.0,0.0,0.0,0.0,0.0,0.0,False,1,0.0,0.0,0.0,0.0,0.0
18,0.0,100.0,False,WARMUP,False,[],False,False,0.0,0.0,0.0,0.0,0.0,0.0,False,1,0.0,0.0,0.0,0.0,0.0
19,0.0,100.0,False,WARMUP,False,[],False,False,0.0,0.0,0.0,0.0,0.0,0.0,False,1,0.0,0.0,0.0,0.0,0.0
20,0.0,100.0,False,WARMUP,False,[],False,False,0.0,0.0,0.0,0.0,0.0,0.0,False,1,0.0,0.0,0.0,0.0,0.0
21,0.0,100.0,False,WARMUP,False,[],False,False,0.0,0.0,0.0,0.0,0.0,0.0,False,1,0.0,0.0,0.0,0.0,0.0
22,0.0,100.0,False,WARMUP,False,[],False,False,0.0,0.0,0.0,0.0,0.0,0.0,False,1,0.0,0.0,0.0,0.0,0.0
23,0.0,100.0,False,WARMUP,False,[],False,False,0.0,0.0,0.0,0.0,0.0,0.0,False,1,0.0,0.0,0.0,0.0,0.0
24,0.0,100.0,False,WARMUP,False,[],False,False,0.0,0.0,0.0,0.0,0.0,0.0,False,1,0.0,0.0,0.0,0.0,0.0
25,0.0,100.0,False,WARMUP,False,[],False,False,0.0,0.0,0.0,0.0,0.0,0.0,False,1,0.0,0.0,0.0,0.0,0.0
26,0.0,100.0,False,WARMUP,False,[],False,False,0.0,0.0,0.0,0.0,0.0,0.0,False,1,0.0,0.0,0.0,0.0,0.0
27,0.0,100.0,False,WARMUP,False,[],False,False,0.0,0.0,0.0,0.0,0.0,0.0,False,1,0.0,0.0,0.0,0.0,0.0
28,0.0,100.0,False,WARMUP,False,[],False,False,0.0,0.0,0.0,0.0,0.0,0.0,False,1,0.0,0.0,0.0,0.0,0.0
29,0.0,100.0,False,WARMUP,False,[],False,False,0.0,0.0,0.0,0.0,0.0,0.0,False,1,0.0,0.0,0.0,0.0,0.0
30,0.0,100.0,False,WARMUP,False,[],False,False,0.0,0.0,0.0,0.0,0.0,0.0,False,1,0.0,0.0,0.0,0.0,0.0
31,0.0,100.0,False,WARMUP,False,[],False,False,0.0,0.0,0.0,0.0,0.0,0.0,False,1,0.0,0.0,0.0,0.0,0.0
32,0.0,100.0,False,WARMUP,False,[],False,False,0.0,0.0,0.0,0.0,0.0,0.0,False,1,0.0,0.0,0.0,0.0,0.0
33,0.0,100.0,False,WARMUP,False,[],False,False,0.0,0.0,0.0,0.0,0.0,0.0,False,1,0.0,0.0,0.0,0.0,0.0
34,0.0,100.0,False,WARMUP,False,[],False,False,0.0,0.0,0.0,0.0,0.0,0.0,False,1,0.0,0.0,0.0,0.0,0.0
35,0.0,100.0,False,WARMUP,False,[],False,False,0.0,0.0,0.0,0.0,0.0,0.0,False,1,0.0,0.0,0.0,0.0,0.0
36,0.0,100.0,False,WARMUP,False,[],False,False,0.0,0.0,0.0,0.0,0.0,0.0,False,1,0.0,0.0,0.0,0.0,0.0
37,0.0,100.0,False,WARMUP,False,[],False,False,0.0,0.0,0.0,0.0,0.0,0.0,False,1,0.0,0.0,0.0,0.0,0.0
38,0.0,100.0,False,WARMUP,False,[],False,False,0.0,0.0,0.0,0.0,0.0,0.0,False,1,0.0,0.0,0.0,0.0,0.0
39,0.0,100.0,False,WARMUP,False,[],False,False,0.0,0.0,0.0,0.0,0.0,0.0,False,1,0.0,0.0,0.0,0.0,0.0
40,0.0,100.0,False,WARMUP,False,[],False,False,0.0,0.0,0.0,0.0,0.0,0.0,False,1,0.0,0.0,0.0,0.0,0.0
41,0.0,100.0,False,WARMUP,False,[],False,False,0.0,0.0,0.0,0.0,0.0,0.0,False,1,0.0,0.0,0.0,0.0,0.0
42,0.0,100.0,False,WARMUP,False,[],False,False,0.0,0.0,0.0,0.0,0.0,0.0,False,1,0.0,0.0,0.0,0.0,0.0
43,0.0,100.0,False,WARMUP,False,[],False,False,0.0,0.0,0.0,0.0,0.0,0.0,False,1,0.0,0.0,0.0,0.0,0.0
44,0.0,100.0,False,WARMUP,False,[],False,False,0.0,0.0,0.0,0.0,0.0,0.0,False,1,0.0,0.0,0.0,0.0,0.0
45,0.0,100.0,False,WARMUP,False,[],False,False,0.0,0.0,0.0,0.0,0.0,0.0,False,1,0.0,0.0,0.0,0.0,0.0
46,0.0,100.0,False,WARMUP,False,[],False,False,0.0,0.0,0.0,0.0,0.0,0.0,False,1,0.0,0.0,0.0,0.0,0.0
47,0.0,100.0,False,WARMUP,False,[],False,False,0.0,0.0,0.0,0.0,0.0,0.0,False,1,0.0,0.0,0.0,0.0,0.0
48,0.0,100.0,False,WARMUP,False,[],False,False,0.0,0.0,0.0,0.0,0.0,0.0,False,1,0.0,0.0,0.0,0.0,0.0
49,0.0,100.0,False,WARMUP,False,[],False,False,0.0,0.0,0.0,0.0,0.0,0.0,False,1,0.0,0.0,0.0,0.0,0.0
50,0.0,100.0,False,WARMUP,False,[],False,False,0.0,0.0,0.0,0.0,0.0,0.0,False,1,0.0,0.0,0.0,0.0,0.0
51,0.0,100.0,False,WARMUP,False,[],False,False,0.0,0.0,0.0,0.0,0.0,0.0,False,1,0.0,0.0,0.0,0.0,0.0
52,0.0,100.0,False,WARMUP,False,[],False,False,0.0,0.0,0.0,0.0,0.0,0.0,False,1,0.0,0.0,0.0,0.0,0.0
53,0.0,100.0,False,WARMUP,False,[],False,False,0.0,0.0,0.0,0.0,0.0,0.0,False,1,0.0,0.0,0.0,0.0,0.0
54,0.0,100.0,False,WARMUP,False,[],False,False,0.0,0.0,0.0,0.0,0.0,0.0,False,1,0.0,0.0,0.0,0.0,0.0
55,0.0,100.0,False,WARMUP,False,[],False,False,0.0,0.0,0.0,0.0,0.0,0.0,False,1,0.0,0.0,0.0,0.0,0.0
56,0.0,100.0,False,WARMUP,False,[],False,False,0.0,0.0,0.0,0.0,0.0,0.0,False,1,0.0,0.0,0.0,0.0,0.0
57,0.0,100.0,False,WARMUP,False,[],False,False,0.0,0.0,0.0,0.0,0.0,0.0,False,1,0.0,0.0,0.0,0.0,0.0
58,0.0,100.0,False,WARMUP,False,[],False,False,0.0,0.0,0.0,0.0,0.0,0.0,False,1,0.0,0.0,0.0,0.0,0.0
59,0.0,100.0,False,WARMUP,False,[],False,False,0.0,0.0,0.0,0.0,0.0,0.0,False,1,0.0,0.0,0.0,0.0,0.0
60,0.0,100.0,False,WARMUP,False,[],False,False,0.0,0.0,0.0,0.0,0.0,0.0,False,1,0.0,0.0,0.0,0.0,0.0
61,0.0,100.0,False,WARMUP,False,[],False,False,0.0,0.0,0.0,0.0,0.0,0.0,False,1,0.0,0.0,0.0,0.0,0.0
62,0.0,100.0,False,WARMUP,False,[],False,False,0.0,0.0,0.0,0.0,0.0,0.0,False,1,0.0,0.0,0.0,0.0,0.0
63,0.0,100.0,False,WARMUP,False,[],False,False,0.0,0.0,0.0,0.0,0.0,0.0,False,1,0.0,0.0,0.0,0.0,0.0
64,0.04741602456304897,95.25839754369511,False,NORMAL,False,[],True,False,-1.2263071432249777,0.12124587566164939,0.29146207607415886,0.0,0.27112747831918865,0.0,True,1,0.04741602456304897,0.015041464325182465,0.04741602456304897,0.0,0.0
65,0.006882937953937928,99.31170620460621,False,NORMAL,False,[],True,False,-1.1870730342947702,0.05525387702608777,-1.7088588549439672,0.0,-2.5109463769265976,0.0,True,1,0.006882937953937928,0.006882937953937928,0.0,0.0,0.0
66,-0.0,100.0,False,NORMAL,False,[],True,False,-1.4916620498107738,-1.218517598791888,-0.7022166076715636,0.0,-1.4789877304185166,0.0,True,1,-0.0,0.0,0.0,0.0,0.0
67,-0.0,100.0,False,NORMAL,False,[],True,False,-1.463189038865886,-0.11575260692607581,-0.9216470117074781,0.0,-1.7570610983120405,0.0,True,1,-0.0,0.0,0.0,0.0,0.0
68,0.15939195727537478,84.06080427246252,False,NORMAL,False,[],True,False,-1.105388753768211,1.3890383089511147,-1.6097448323598145,0.0,-2.6561955307851504,0.04139196345193574,True,1,0.15939195727537478,0.15939195727537478,0.0,0.0,0.0
69,0.10748670066059281,89.25132993394071,False,NORMAL,False,[],True,False,-1.3128142822107918,-1.073321442239775,0.6693074448207,0.0,0.6822831853124441,0.01830835793858654,True,1,0.10748670066059281,0.0,0.10555444188002959,0.0,0.0
70,0.2889185952219043,71.10814047780958,False,NORMAL,False,['measured_update_ratio_rise'],True,False,-1.5450934022002358,-1.1106826373481238,1.4678213632407775,0.0,2.0458101742438566,0.15455460770161156,True,1,0.2889185952219043,0.0,0.21701120534052762,0.0,0.0
71,0.20846753348700228,79.15324665129977,False,NORMAL,False,[],True,False,-1.5185616881722352,0.1454290654944194,1.4027062892072715,0.0,1.3777877160367829,0.2534939747780389,True,1,0.20846753348700228,0.018014398527507008,0.20846753348700228,0.0,0.0
72,0.07724215741102262,92.27578425889774,False,NORMAL,False,[],True,False,-1.4458869532540204,0.21608281978990698,0.44881688644625717,0.0,-0.6341001633815442,0.24116531387991857,True,1,0.07724215741102262,0.02664883512019485,0.0720735579850819,0.0,0.0
73,0.16633881948207774,83.36611805179223,False,NORMAL,False,[],True,False,-1.0981633171768366,1.4554257403238056,1.0053719299322477,0.0,0.9228417865526605,0.1374902391943591,True,1,0.16633881948207774,0.16633881948207774,0.15427580935954657,0.0,0.0
74,0.024184503161333692,97.58154968386663,False,NORMAL,False,[],True,False,-1.188607147746463,-0.3589577087532092,0.08975771154777785,0.0,0.005649267936093181,0.07344525169109506,True,1,0.024184503161333692,0.0,0.014848279385884115,0.0,0.0
75,0.13660537969115963,86.33946203088404,False,NORMAL,False,[],True,False,-1.1106546352499704,0.5665890132621104,-0.07101430219076342,0.0,0.8813005602091715,0.0,True,1,0.13660537969115963,0.06837380833672449,0.0,0.0,0.0
76,-0.0,100.0,False,NORMAL,False,[],True,False,-1.334862920904791,-1.1875504592200365,-1.170716269458516,0.0,-1.7964336259488372,0.0,True,1,-0.0,0.0,0.0,0.0,0.0
77,0.07480477680361758,92.51952231963824,False,NORMAL,False,[],True,False,-1.2242315642715014,0.6220040930710148,-0.3243985083124891,0.0,-0.48951898642758196,0.0,True,1,0.07480477680361758,0.07480477680361758,0.0,0.0,0.0
78,0.06297539831409833,93.70246016859016,False,NORMAL,False,[],True,False,-1.1452538103985246,0.4903843401298445,-0.31717479113536867,0.0,0.3902744477220192,0.0,True,1,0.06297539831409833,0.05945712376749794,0.0,0.0,0.0
79,-0.0,100.0,False,NORMAL,False,[],True,False,-1.3915802965876491,-1.1509205823221267,-1.4405317998755358,0.0,-1.1600827894725805,0.0,True,1,-0.0,0.0,0.0,0.0,0.0
80,0.10542055653931948,89.45794434606805,False,NORMAL,False,[],True,False,-1.2509372626206867,0.8912125337397012,-0.8094747065443471,0.0,-0.4513363241340414,0.0,True,1,0.10542055653931948,0.10542055653931948,0.0,0.0,0.0
81,-0.0,100.0,False,NORMAL,False,[],True,False,-1.5248877701289691,-1.365368033048806,-0.6170029565343816,0.0,-0.5049005357172333,0.0,True,1,-0.0,0.0,0.0,0.0,0.0
82,0.15633061274971238,84.36693872502876,False,NORMAL,False,[],True,False,-1.5049099619857076,0.33574355307857284,0.9853878248620482,0.0,1.0199674943785753,0.0,True,1,0.15633061274971238,0.04109948153444353,0.15145427296358444,0.0,0.0
83,0.14114280799257078,85.88571920074293,False,NORMAL,False,[],True,False,-1.5305429702829048,-0.07799829802110793,0.7818379883413414,0.0,0.9129157196222473,0.0,True,1,0.14114280799257078,0.0,0.12217351607798442,0.0,0.0
84,-0.0,100.0,False,NORMAL,False,[],True,False,-1.693128101678973,-1.0726791084011573,-0.07007263026933276,0.0,-0.35374175870981683,0.0,True,1,-0.0,0.0,0.0,0.0,0.0
85,0.22628491522822766,77.37150847717723,False,NORMAL,False,['loss_level_or_jump'],True,False,-1.1988001399194106,2.0524126455250227,-0.15290949090959535,0.0,0.21496711889305678,0.0,True,1,0.22628491522822766,0.22628491522822766,0.0,0.0,0.0
86,-0.0,100.0,False,NORMAL,False,[],True,False,-1.3397985808636879,-1.249425034842327,-0.2990674205328532,0.0,-0.8719780417887641,0.0,True,1,-0.0,0.0,0.0,0.0,0.0
87,0.06655173258751802,93.3448267412482,False,NORMAL,False,[],True,False,-1.240122483632632,0.5509578832982271,-0.5870470763454109,0.0,-0.4331357929005549,0.0,True,1,0.06655173258751802,0.06655173258751802,0.0,0.0,0.0
88,0.06382211662691635,93.61778833730835,False,NORMAL,False,[],True,False,-1.1457900473127802,0.5275981937783855,-1.4459549421625018,0.0,-1.3205409058808266,0.0,True,1,0.06382211662691635,0.06382211662691635,0.0,0.0,0.0
89,-0.0,100.0,False,NORMAL,False,[],True,False,-1.1268558860234688,-0.13717470485668695,-0.9600976615270741,0.0,-1.209408956082832,0.0,True,1,-0.0,0.0,0.0,0.0,0.0
90,0.026865722619093688,97.31342773809062,False,NORMAL,False,[],True,False,-1.023801157971204,0.2178656227440932,-1.2861839058332614,0.0,-1.2198079350286823,0.0,True,1,0.026865722619093688,0.02686572261909369,0.0,0.0,0.0
91,-0.0,100.0,False,NORMAL,False,[],True,False,-1.221949659491299,-1.1912603395029615,-1.786621159412116,0.0,-1.670076094138127,0.0,True,1,-0.0,0.0,0.0,0.0,0.0
92,-0.0,100.0,False,NORMAL,False,[],True,False,-1.3282311971741145,-0.5194358689758573,-0.4990522843575894,0.0,-0.5691635939473709,0.0,True,1,-0.0,0.0,0.0,0.0,0.0
93,0.04460716865215067,95.53928313478494,False,NORMAL,False,[],True,False,-1.288975478521347,0.3650614508297992,-0.1609313391794934,0.0,-0.08205452956919491,0.0,True,1,0.04460716865215067,0.04460716865215067,0.0,0.0,0.0
94,-0.0,100.0,False,NORMAL,False,[],True,False,-1.6518979617807803,-2.3966291857197675,-1.9177934272636363,0.0,-1.6885890344862826,0.0,True,1,-0.0,0.0,0.0,0.0,0.0
95,0.030598914854940644,96.94010851450594,False,NORMAL,False,[],True,False,-1.5914336736919044,0.2486146893826373,-1.0677186343027303,0.0,-0.524874070884388,0.0,True,1,0.030598914854940644,0.030598914854940644,0.0,0.0,0.0
96,0.023410230967529727,97.65897690324704,False,NORMAL,False,[],True,False,-1.5037829352163574,0.07247049430842281,0.14213162110751912,0.0,-0.1358168385923523,0.0,True,1,0.023410230967529727,0.009017904370435316,0.023410230967529727,0.0,0.0
97,0.12829690758542303,87.1703092414577,False,NORMAL,False,[],True,False,-1.4541065065293388,0.3137875771783699,0.5710272213904989,0.0,0.8238384204204838,0.0,True,1,0.12829690758542303,0.03846416729834383,0.09078274009373942,0.0,0.0
98,0.2210982251285099,77.89017748714902,False,NORMAL,False,[],True,False,-1.0963649033762013,1.9989626589521934,0.6912338526363228,0.0,0.3032172439218863,0.0,True,1,0.2210982251285099,0.22109822512850993,0.10881713965821162,0.0,0.0
99,-0.0,100.0,False,NORMAL,False,[],True,False,-1.3993984873634857,-2.036302071024454,-0.022949725747841494,0.0,-0.052323818534629266,0.0,True,1,-0.0,0.0,0.0,0.0,0.0
100,0.07306965798811242,92.69303420118877,False,NORMAL,False,[],True,False,-1.3552674808049403,0.6070148776035211,-0.8996544977688602,0.0,-0.7613062798425113,0.0,True,1,0.07306965798811242,0.07306965798811242,0.0,0.0,0.0
101,0.2522110966559659,74.77889033440341,False,NORMAL,False,['loss_level_or_jump'],True,False,-0.983112901181702,2.3250764449475843,-1.3382953106870337,0.0,-0.5100077426552377,0.0,True,1,0.2522110966559659,0.2522110966559659,0.0,0.0,0.0
102,-0.0,100.0,False,NORMAL,False,[],True,False,-1.3794512390350755,-2.634012715147688,-0.4571904133807738,0.0,-0.11764740420876786,0.0,True,1,-0.0,0.0,0.0,0.0,0.0
103,0.16605630712095718,83.39436928790428,False,NORMAL,False,[],True,False,-1.187496986509466,1.4527151474889664,-0.13534549036289656,0.0,-0.027448415846261943,0.0,True,1,0.16605630712095718,0.16605630712095718,0.0,0.0,0.0
104,0.13441878295101864,86.55812170489814,False,NORMAL,False,[],True,False,-1.615818720214422,-2.44555787031634,0.6665142341189865,0.0,0.8661244228081689,0.0,True,1,0.13441878295101864,0.0,0.1051379491240428,0.0,0.0
105,0.1249689602914405,87.50310397085595,False,NORMAL,False,[],True,False,-1.3549506341663529,0.8192712350894669,0.8009755158064138,0.0,0.09433953011133954,0.0,True,1,0.1249689602914405,0.09733962559140932,0.1249689602914405,0.0,0.0
106,0.01060455750973131,98.93954424902687,False,NORMAL,False,[],True,False,-1.4725771337096218,-1.1799438924784362,-0.09183037583287687,0.0,0.06396711921624307,0.0,True,1,0.01060455750973131,0.0,0.0,0.0,0.0
107,0.079347649590215,92.0652350409785,False,NORMAL,False,[],True,False,-1.264433825746706,0.6613822694613187,-1.2528948804107132,0.0,-0.18814984295465806,0.0,True,1,0.079347649590215,0.079347649590215,0.0,0.0,0.0
108,0.14407506430332395,85.59249356966761,False,NORMAL,False,[],True,False,-1.0394657290573892,1.244580789029549,-0.9613145713231674,0.0,-0.583958786184814,0.0,True,1,0.14407506430332395,0.14407506430332395,0.0,0.0,0.0
109,-0.0,100.0,False,NORMAL,False,[],True,False,-1.640395842095122,-3.34855484042851,-0.4522530859883729,0.0,-0.19430287898506107,0.0,True,1,-0.0,0.0,0.0,0.0,0.0
110,0.2555938817057547,74.44061182942453,False,NORMAL,False,['loss_level_or_jump'],True,False,-1.170543731086085,2.3613482812233246,-0.4998454093005628,0.0,-0.15082540042067788,0.0,True,1,0.2555938817057547,0.2555938817057547,0.0,0.0,0.0
111,-0.0,100.0,False,NORMAL,False,[],True,False,-1.226622864882564,-0.46455946663355546,-0.7599543293918267,0.0,-0.32677564669874865,0.0,True,1,-0.0,0.0,0.0,0.0,0.0
112,-0.0,100.0,False,NORMAL,False,[],True,False,-1.3365158789016298,-1.223172465412575,-0.27790393909897454,0.0,-0.9787971711150254,0.0,True,1,-0.0,0.0,0.0,0.0,0.0
113,-0.0,100.0,False,NORMAL,False,[],True,False,-1.361691206361453,-1.246586499445955,-0.6435706022389621,0.0,-1.1642132304066481,0.0,True,1,-0.0,0.0,0.0,0.0,0.0
114,0.1267603978802618,87.32396021197381,False,NORMAL,False,[],True,False,-1.0434268465492014,1.084362419776204,-0.8665202870506608,0.0,-0.65172344100485,0.0,True,1,0.1267603978802618,0.1267603978802618,0.0,0.0,0.0
115,-0.0,100.0,False,NORMAL,False,[],True,False,-1.2308126146259593,-0.5435324179015018,-0.27604384675944604,0.0,-0.43647729247208444,0.0,True,1,-0.0,0.0,0.0,0.0,0.0
116,0.060402617155264834,93.95973828447352,False,NORMAL,False,[],True,False,-1.0993223843701567,0.49843049275408563,-0.5732133659821417,0.0,0.014654290170004577,0.0,True,1,0.060402617155264834,0.060402617155264834,0.0,0.0,0.0
117,-0.0,100.0,False,NORMAL,False,[],True,False,-1.1824635140767987,-0.30850322761697385,-0.24179764728467018,0.0,-0.26260819860724444,0.0,True,1,-0.0,0.0,0.0,0.0,0.0
118,0.1568596654266672,84.31403345733328,False,NORMAL,False,[],True,False,-0.865489090771856,1.3649749152315718,-0.09260451319656585,0.0,-0.7496904615250617,0.0,True,1,0.1568596654266672,0.1568596654266672,0.0,0.0,0.0
119,-0.0,100.0,False,NORMAL,False,[],True,False,-1.3028934639090384,-1.5297586244400219,-1.0681989405409935,0.0,-1.4243339505808643,0.0,True,1,-0.0,0.0,0.0,0.0,0.0
120,-0.0,100.0,False,NORMAL,False,[],True,False,-1.5124397347600431,-0.6791864678391896,-0.9028487515549954,0.0,-1.873833835904353,0.0,True,1,-0.0,0.0,0.0,0.0,0.0
121,0.10789340990429118,89.21065900957088,False,NORMAL,False,[],True,False,-1.2907291026063064,0.8256005262696552,0.6850179475090138,0.0,0.5818106537610481,0.0,True,1,0.10789340990429118,0.09805349320522973,0.10789340990429118,0.0,0.0
122,-0.0,100.0,False,NORMAL,False,[],True,False,-1.2665481655209783,-0.05747360042560311,-0.8280176017896229,0.0,-0.814537874839344,0.0,True,1,-0.0,0.0,0.0,0.0,0.0
123,0.0954104309686457,90.45895690313543,False,NORMAL,False,[],True,False,-0.9824709471003502,0.8021916242693568,-2.162296884665806,0.0,-2.1696652498685567,0.0,True,1,0.0954104309686457,0.0954104309686457,0.0,0.0,0.0
124,0.0432776483624877,95.67223516375122,False,NORMAL,False,[],True,False,-1.0739294744912862,-0.4968012518056631,-2.3771858502943988,0.0,-1.7885625009065795,0.1327261599118803,True,1,0.0432776483624877,0.0,0.0,0.0,0.0
125,0.016247226444051077,98.37527735559489,False,NORMAL,False,[],True,False,-1.1818210839847803,-0.5540305554209748,-0.8860033309246546,0.0,-0.3616719005385809,0.04914197965132594,True,1,0.016247226444051077,0.0,0.0,0.0,0.0
126,0.1146750837782464,88.53249162217536,False,NORMAL,False,[],True,False,-0.914115391621342,0.9744045150301002,-0.3657481836751801,0.0,-0.45017410494702353,0.0,True,1,0.1146750837782464,0.1146750837782464,0.0,0.0,0.0
127,0.009205735231286183,99.07942647687138,False,NORMAL,False,[],True,False,-1.5105259876191228,-2.1837960263213567,-0.3218553893199891,0.0,-1.2763012809822845,0.027745109607111962,True,1,0.009205735231286183,0.0,0.0,0.0,0.0
128,0.18585427023156592,81.4145729768434,False,NORMAL,False,[],True,False,-1.3615203064458161,0.40370403593321963,0.902491323452073,0.0,1.2336953988231658,0.1970029253550818,True,1,0.18585427023156592,0.04921089705212734,0.13964933304986138,0.0,0.0
129,0.037559409517031905,96.2440590482968,False,NORMAL,False,[],True,False,-1.396450969052951,-0.2995290599606038,-2.1936762313735194,0.0,-1.8729200406352404,0.1148488166962578,True,1,0.037559409517031905,0.0,0.0,0.0,0.0
130,0.040943762039728486,95.90562379602716,False,NORMAL,False,[],True,False,-1.1983340974533891,0.3344445081900122,-0.5048894410532274,0.0,-0.31564979328478326,0.09361341884478969,True,1,0.040943762039728486,0.040943762039728486,0.0,0.0,0.0
131,0.2431105056346186,75.68894943653814,False,NORMAL,False,['measured_update_ratio_rise'],True,False,-1.4542769708465952,-0.8534614803406892,1.1360285479249101,0.0,1.6712280874910133,0.18250275779708502,True,1,0.2431105056346186,0.0,0.1724933134336266,0.0,0.0
132,0.16957567419805408,83.04243258019459,False,NORMAL,False,[],True,False,-1.0021858724183796,1.486547783376705,-0.7235387927748194,0.0,-1.2329974171573919,0.0,True,1,0.16957567419805408,0.16957567419805408,0.0,0.0,0.0
133,0.03778187303337506,96.2218126966625,False,NORMAL,False,[],True,False,-1.2642282694490694,-0.7522725962020296,-0.7046639204558294,0.0,0.23108466486142132,0.0,True,1,0.03778187303337506,0.0,0.0,0.0,0.0
134,-0.0,100.0,False,NORMAL,False,[],True,False,-1.6262601680585551,-1.055501006133599,-1.016425660493858,0.0,-1.4857350175545048,0.0,True,1,-0.0,0.0,0.0,0.0,0.0
135,0.03250730939169667,96.74926906083033,False,NORMAL,False,[],True,False,-1.541558953429139,0.2643792722684564,-1.2469114168618032,0.0,-0.943094070586709,0.04171504776860413,True,1,0.03250730939169667,0.03250730939169667,0.0,0.0,0.0
136,0.10934597713870982,89.06540228612901,False,NORMAL,False,[],True,False,-1.2323186035989389,0.926393831869944,-0.7961560659014845,0.0,-1.8813437488838871,0.0,True,1,0.10934597713870982,0.10934597713870982,0.0,0.0,0.0
137,0.1694014376551704,83.05985623448295,False,NORMAL,False,[],True,False,-1.1519188756708518,0.3175884728905134,1.1136520719025103,0.0,0.7292924285999518,0.0,True,1,0.1694014376551704,0.03892089596907295,0.1694014376551704,0.0,0.0
138,0.4257692660682545,57.42307339317455,False,NORMAL,False,"['measured_update_ratio_rise', 'gradient_norm_rise']",True,False,-0.8563936925108301,0.7173919137051402,2.1551978866166435,0.0,3.328343927653368,0.19729757219019262,True,1,0.4257692660682545,0.08577081473096043,0.3017650636125019,0.0,0.0
139,0.06533849505049934,93.46615049495006,False,NORMAL,False,[],True,False,-0.5735698870577313,0.5197026791384969,0.4054250521976847,0.0,0.33560374845459295,0.07102609302018537,True,1,0.06533849505049934,0.06289770976224134,0.06533849505049934,0.0,0.0
140,0.36948901463809236,63.051098536190764,False,NORMAL,False,"['measured_update_ratio_rise', 'gradient_norm_rise']",True,False,-1.3073700828302957,-2.081369777524366,2.0548619605233434,0.0,2.767348202847195,0.2295032741923182,True,1,0.36948901463809236,0.0,0.28999054591344176,0.0,0.0
141,0.13140739994071832,86.85926000592816,False,NORMAL,False,[],True,False,-1.6835994850932712,-1.1517887184774607,0.5749999051927128,0.0,0.8452864698363172,0.1638966036130829,True,1,0.13140739994071832,0.0,0.0913845462864647,0.0,0.0
142,0.27971125396204466,72.02887460379553,False,NORMAL,False,"['measured_update_ratio_rise', 'gradient_norm_rise']",True,False,-1.9992424251774579,-0.8893586744784691,1.7418191095522897,0.0,1.9686186672103108,0.12849696895982365,True,1,0.27971125396204466,0.0,0.2519632602682074,0.0,0.0
143,0.1963047414604142,80.36952585395858,False,NORMAL,False,[],True,False,-1.3360324173968536,1.6403483142490387,0.40379621958482964,0.0,1.3112106799260677,0.0,True,1,0.1963047414604142,0.18538815197497674,0.06508472608291997,0.0,0.0
144,0.012093120856397762,98.79068791436022,False,NORMAL,False,[],True,False,-1.7017384080959648,-0.8410607687744551,0.07300102533121078,0.0,-0.02104596115729566,0.0,True,1,0.012093120856397762,0.0,0.012093120856397762,0.0,0.0
145,0.028507055069994403,97.14929449300055,False,NORMAL,False,[],True,False,-1.6854591584172736,0.2104139591454023,0.17352763337454405,0.0,-0.6681669883970273,0.0,True,1,0.028507055069994403,0.02595886667664724,0.028507055069994403,0.0,0.0
146,0.37810442341260486,62.18955765873952,False,NORMAL,False,"['measured_update_ratio_rise', 'gradient_norm_rise']",True,False,-1.768255460525965,-0.21189973479946556,2.6288137775282787,0.0,2.8498985018216647,0.0,True,1,0.37810442341260486,0.0,0.35476173647755027,0.0,0.0
147,0.3107875491086688,68.92124508913312,False,NORMAL,False,['measured_update_ratio_rise'],True,False,-1.6396208427517904,0.2634502555580317,1.481290759758112,0.0,2.2332342526544573,0.0,True,1,0.3107875491086688,0.03239495075828383,0.2187669649419657,0.0,0.0
148,0.08566116487512931,91.43388351248707,False,NORMAL,False,[],True,False,-1.1500874326580095,0.7164324756772221,-0.26568906039211465,0.0,0.041213014766046635,0.0,True,1,0.08566116487512931,0.08566116487512931,0.0,0.0,0.0
149,0.09532358339214517,90.46764166078547,False,NORMAL,False,[],True,False,-1.391690342518659,-0.7767016565547794,0.6010676995695562,0.0,-0.07321053690958652,0.0,True,1,0.09532358339214517,0.0,0.09532358339214517,0.0,0.0
150,-0.0,100.0,False,NORMAL,False,[],True,False,-1.4824337594020365,-0.35763732583047847,-0.30137147699841155,0.0,-0.6082055126716973,0.0,True,1,-0.0,0.0,0.0,0.0,0.0
151,0.021914118538473325,97.80858814615266,False,NORMAL,False,[],True,False,-1.665250404082839,-0.6941219271983675,-0.6935050081601026,0.0,-1.0453312120029135,0.06647339834202737,True,1,0.021914118538473325,0.0,0.0,0.0,0.0
152,0.10285920753041358,89.71407924695865,False,NORMAL,False,[],True,False,-1.8383375350460105,-0.5033446363608227,0.6512548197915472,0.0,0.4924591164360754,0.0533137822605112,True,1,0.10285920753041358,0.0,0.10285920753041358,0.0,0.0
153,0.10383877630554364,89.61612236944563,False,NORMAL,False,[],True,False,-1.5315169142459073,0.877079560279712,0.046103954206609885,0.0,-0.6831959011603352,0.06855548906580444,True,1,0.10383877630554364,0.10383877630554364,0.007654545968653436,0.0,0.0
154,0.03744130485518528,96.25586951448147,False,NORMAL,False,[],True,False,-1.4321627125984029,0.30528186168707,0.0598971636199771,0.0,-0.15239557868127734,0.0,True,1,0.03744130485518528,0.03744130485518528,0.009933197248588958,0.0,0.0
155,0.1394400151077893,86.05599848922108,False,NORMAL,False,[],True,False,-0.9549648179859798,1.2013756513132194,-0.19066462687989155,0.0,-0.4670707723370162,0.0,True,1,0.1394400151077893,0.1394400151077893,0.0,0.0,0.0
156,0.10417976139487167,89.58202386051283,False,NORMAL,False,[],True,False,-1.4308476787443578,-1.2800453540196404,0.026726070955480474,0.0,0.6600930761530971,0.0,True,1,0.10417976139487167,0.0,0.004444439277378157,0.0,0.0
157,0.12415568816285119,87.58443118371488,False,NORMAL,False,[],True,False,-1.212460116330168,0.5223013954783996,0.19049679770713374,0.0,0.795401580325326,0.0,True,1,0.12415568816285119,0.06320206820496148,0.03125074397059563,0.0,0.0
158,-0.0,100.0,False,NORMAL,False,[],True,False,-1.5757603706968244,-1.1717894437885301,-2.1080357334887774,0.0,-2.154822785951889,0.0,True,1,-0.0,0.0,0.0,0.0,0.0
159,-0.0,100.0,False,NORMAL,False,[],True,False,-1.6835906645565648,-0.5399348849185989,-0.3268412217038562,0.0,-0.43965285019153183,0.0,True,1,-0.0,0.0,0.0,0.0,0.0
160,0.017445019500419063,98.25549804995809,False,NORMAL,False,[],True,False,-1.5644874503735728,0.14079181606720476,-1.3493585557618417,0.0,-1.2035294174875681,0.0,True,1,0.017445019500419063,0.017445019500419063,0.0,0.0,0.0
161,0.019252472300897727,98.07475276991022,False,NORMAL,False,[],True,False,-1.5584382220830837,0.1555217177797303,-2.0502955267357503,0.0,-2.52106431480588,0.0,True,1,0.019252472300897727,0.019252472300897727,0.0,0.0,0.0
162,0.23180927618558805,76.81907238144119,False,NORMAL,False,['loss_level_or_jump'],True,False,-0.6873285005311116,2.109737906922406,-0.9909448182912834,0.0,-1.418249998556933,0.0,True,1,0.23180927618558805,0.23180927618558805,0.0,0.0,0.0
163,-0.0,100.0,False,NORMAL,False,[],True,False,-1.5019435530368426,-2.2131756312562545,-0.4093901508195686,0.0,-0.7081931880605423,0.0,True,1,-0.0,0.0,0.0,0.0,0.0
164,0.13690589244041082,86.30941075595892,False,NORMAL,False,[],True,False,-1.0727106146823826,1.177852374764285,-1.0165725273169068,0.0,-1.102383783607269,0.0,True,1,0.13690589244041082,0.13690589244041082,0.0,0.0,0.0
165,0.0664068935357158,93.35931064642841,False,NORMAL,False,[],True,False,-1.5113560837020554,-1.2685185203029932,0.412287491151073,0.0,-0.1214241526406535,0.0,True,1,0.0664068935357158,0.0,0.0664068935357158,0.0,0.0
166,0.15041441658437305,84.95855834156269,False,NORMAL,False,[],True,False,-1.0463476222288717,1.3040527784895015,-1.5197387172190648,0.0,-1.0253313601635063,0.0,True,1,0.15041441658437305,0.15041441658437305,0.0,0.0,0.0
167,-0.0,100.0,False,NORMAL,False,[],True,False,-1.2235195692145941,-0.4084768801541563,-1.0803361124133743,0.0,-0.4151978222439651,0.0,True,1,-0.0,0.0,0.0,0.0,0.0
168,-0.0,100.0,False,NORMAL,False,[],True,False,-1.3996675148734434,-0.41921347421408445,-1.116083198913861,0.0,-1.477659948766586,0.0,True,1,-0.0,0.0,0.0,0.0,0.0
169,0.03023694421987908,96.97630557801209,False,NORMAL,False,[],True,False,-1.2700031013242494,0.24562807772557205,-0.5346155386384821,0.0,-0.2567381725440826,0.0,True,1,0.03023694421987908,0.03023694421987908,0.0,0.0,0.0
170,0.011621606889166828,98.83783931108331,False,NORMAL,False,[],True,False,-1.296278109163726,-0.4726044758657141,0.017601638991158186,0.0,0.07013799346351024,0.0,True,1,0.011621606889166828,0.0,0.0029293076796906847,0.0,0.0
171,0.11718568089950569,88.28143191004943,False,NORMAL,False,[],True,False,-1.0045464378783286,0.9971230770831067,-1.2117023720425684,0.0,-0.6615302131684492,0.0,True,1,0.11718568089950569,0.11718568089950569,0.0,0.0,0.0
172,0.06636979215269397,93.3630207847306,False,NORMAL,False,[],True,False,-1.2686696185341613,-0.5286882612295257,0.2576907417720675,0.0,0.41204905336331177,0.0,True,1,0.06636979215269397,0.0,0.04203923499734509,0.0,0.0
173,0.005791688712999451,99.42083112870006,False,NORMAL,False,[],True,False,-1.5099745677858945,-0.4763475826116585,0.034851153496917586,0.0,-0.5181148702655088,0.0,True,1,0.005791688712999451,0.0,0.005791688712999451,0.0,0.0
174,0.019038706852875627,98.09612931471243,False,NORMAL,False,[],True,False,-1.5217955799875427,0.15377821377671738,-2.1979175402317335,0.0,-2.218688795622698,0.0,True,1,0.019038706852875627,0.019038706852875627,0.0,0.0,0.0
175,0.17272019354716814,82.72798064528318,False,NORMAL,False,[],True,False,-1.120755263233795,1.516898416492027,-3.0544290462399326,0.0,-2.14572565613013,0.0,True,1,0.17272019354716814,0.17272019354716814,0.0,0.0,0.0
176,0.1323409142856871,86.7659085714313,False,NORMAL,False,[],True,False,-0.7104710280850467,1.1356511989217197,-1.2204111032083436,0.0,-0.14820598525700618,0.0,True,1,0.1323409142856871,0.1323409142856871,0.0,0.0,0.0
177,-0.0,100.0,False,NORMAL,False,[],True,False,-1.1238838899275436,-1.0527221377679636,-0.7427326321079605,0.0,-1.344524217339565,0.0,True,1,-0.0,0.0,0.0,0.0,0.0
178,0.00924277153494543,99.07572284650546,False,NORMAL,False,[],True,False,-1.2334171478471707,-0.16880986982435764,-0.46399472603684266,0.0,0.05571450591355034,0.0,True,1,0.00924277153494543,0.0,0.0,0.0,0.0
179,0.08702369523627256,91.29763047637275,False,NORMAL,False,[],True,False,-1.1521901945883515,0.3446354817389301,-0.3098594906337693,0.0,0.5462721113115834,0.0,True,1,0.08702369523627256,0.04216469881034866,0.0,0.0,0.0
180,0.09600602998472164,90.39939700152783,False,NORMAL,False,[],True,False,-0.9047711442298996,0.8074607115943105,0.0297582476847413,0.0,0.18929671988761707,0.0,True,1,0.09600602998472164,0.09600602998472164,0.004947428904537896,0.0,0.0
181,0.18406189659710762,81.59381034028924,False,NORMAL,False,[],True,False,-1.1828246977371586,-0.7929087700645111,0.83542918399527,0.0,1.2205006834079482,0.0,True,1,0.18406189659710762,0.0,0.12997923285130755,0.0,0.0
182,-0.0,100.0,False,NORMAL,False,[],True,False,-1.3845584020877302,-0.4069488780040653,-0.9207708580113421,0.0,-0.8515652835764276,0.0,True,1,-0.0,0.0,0.0,0.0,0.0
183,0.13732327919374052,86.26767208062594,False,NORMAL,False,[],True,False,-0.9829740754816085,1.1817220590084032,-1.537158394570157,0.0,-1.1420023254782385,0.0,True,1,0.13732327919374052,0.13732327919374052,0.0,0.0,0.0
184,-0.0,100.0,False,NORMAL,False,[],True,False,-1.1742628779211988,-0.4978007693569117,-1.6656772672047753,0.0,-1.9496740896463545,0.0,True,1,-0.0,0.0,0.0,0.0,0.0
185,0.10350970042983507,89.6490299570165,False,NORMAL,False,[],True,False,-0.8682890996793835,0.8741424506395236,-0.378744660566349,0.0,-1.192877298365726,0.0,True,1,0.10350970042983507,0.10350970042983507,0.0,0.0,0.0
186,0.2229031865123809,77.7096813487619,False,NORMAL,False,['measured_update_ratio_rise'],True,False,-1.3130791808150908,-0.9171400169020483,1.0293038079613985,0.0,1.5131420237588746,0.0,True,1,0.2229031865123809,0.0,0.15764238555144358,0.0,0.0
187,-0.0,100.0,False,NORMAL,False,[],True,False,-1.7330262054546537,-0.9200615808131406,-0.16223278827854665,0.0,-0.38234631934707636,0.0,True,1,-0.0,0.0,0.0,0.0,0.0
188,0.006658098850390597,99.33419011496095,False,NORMAL,False,[],True,False,-1.7603970011838013,0.053442902956765806,-2.586423507535814,0.0,-2.204558256317541,0.010446259248296341,True,1,0.006658098850390597,0.006658098850390598,0.0,0.0,0.0
189,0.24368036141440394,75.6319638585596,False,NORMAL,False,['loss_level_or_jump'],True,False,-0.8021003382983395,2.2343295183714997,-2.6634357521094474,0.0,-2.6852948547964726,0.0031193863490350804,True,1,0.24368036141440394,0.24368036141440394,0.0,0.0,0.0
190,0.018994106956721435,98.10058930432785,False,NORMAL,False,[],True,False,-0.8206840058762457,0.1534144980409942,-1.8258101459473832,0.0,-1.8474074748584686,0.0,True,1,0.018994106956721435,0.018994106956721435,0.0,0.0,0.0
191,-0.0,100.0,False,NORMAL,False,[],True,False,-1.3857622207999103,-1.3056281610636777,-1.095236378660095,0.0,-0.8334541945074533,0.0,True,1,-0.0,0.0,0.0,0.0,0.0
192,-0.0,100.0,False,NORMAL,False,[],True,False,-1.5754425528253693,-0.04129227850878342,-0.7496854981195636,0.0,-0.7819566270818012,0.0,True,1,-0.0,0.0,0.0,0.0,0.0
193,0.16115258117507375,83.88474188249262,False,NORMAL,False,[],True,False,-0.8981612765440563,1.4058115984843584,-0.21594064575801458,0.0,0.07600432106619631,0.0,True,1,0.16115258117507375,0.16115258117507372,0.0,0.0,0.0
194,-0.0,100.0,False,NORMAL,False,[],True,False,-1.7171843886652811,-1.660934680852063,-0.3637575293440678,0.0,-0.02944068339313675,0.0,True,1,-0.0,0.0,0.0,0.0,0.0
195,0.14063812812832946,85.93618718716705,False,NORMAL,False,[],True,False,-1.6463736969494505,0.23772563885247391,0.8853400977488031,0.0,0.9093910476683789,0.0,True,1,0.14063812812832946,0.029278534278100288,0.13718646988794717,0.0,0.0
196,0.13444896531810754,86.55510346818924,False,NORMAL,False,[],True,False,-1.1239351907660928,1.1551115244492716,-0.29008056692818907,0.0,-0.08001301971296867,0.0,True,1,0.13444896531810754,0.13444896531810754,0.0,0.0,0.0
197,-0.0,100.0,False,NORMAL,False,[],True,False,-1.4761938717872647,-0.6329911729461362,-0.8778252069676438,0.0,-0.01045746057056344,0.0,True,1,-0.0,0.0,0.0,0.0,0.0
198,0.03619433622727932,96.38056637727207,False,NORMAL,False,[],True,False,-1.422751328859601,0.2949247863285974,0.16710838063087233,0.0,-0.2585943780858327,0.0,True,1,0.03619433622727932,0.03619433622727932,0.027467122411275212,0.0,0.0
199,-0.0,100.0,False,NORMAL,False,[],True,False,-1.5323049875819028,-0.06302756317664529,-1.3472071549171334,0.0,-1.1364819853694577,0.0,True,1,-0.0,0.0,0.0,0.0,0.0
200,0.07039282939557368,92.96071706044263,False,NORMAL,False,[],True,False,-1.3974413051415213,0.45858056810103576,-0.15901058842494661,0.0,0.4379590756152201,0.0,True,1,0.07039282939557368,0.05571058016076113,0.0,0.0,0.0
201,0.10605980712462129,89.39401928753787,False,NORMAL,False,[],True,False,-1.0330929382455816,0.8606822159975265,-0.0034602711708412613,0.0,0.6726984263766334,0.0,True,1,0.10605980712462129,0.10200005955513655,0.0,0.0,0.0
202,-0.0,100.0,False,NORMAL,False,[],True,False,-1.5326760647354511,-0.825001506483931,-0.16334614479212511,0.0,-0.6985076279476237,0.0,True,1,-0.0,0.0,0.0,0.0,0.0
203,0.2187868951852967,78.12131048147033,False,NORMAL,False,[],True,False,-1.3087951398637871,0.5093357941757108,1.4814438293032832,0.0,1.220354007951607,0.0,True,1,0.2187868951852967,0.06168256865037082,0.2187868951852967,0.0,0.0
204,0.0969579471554962,90.30420528445038,False,NORMAL,False,[],True,False,-2.2899117099552013,-1.8148755403245829,-0.0726658380743401,0.0,0.6119169390033312,0.0,True,1,0.0969579471554962,0.0,0.0,0.0,0.0
205,0.29228747195986976,70.77125280401302,False,NORMAL,False,"['gradient_norm_rise', 'measured_update_ratio_rise']",True,False,-1.4316602933638816,1.5345909793815173,2.07430380950461,0.0,2.068155891474498,0.0,True,1,0.29228747195986976,0.1745477594073904,0.29228747195986976,0.0,0.0
206,0.08949300564028771,91.05069943597123,False,NORMAL,False,[],True,False,-1.552744981195184,-0.5041115633073266,0.5392088200170084,0.0,0.5625221877313441,0.0,True,1,0.08949300564028771,0.0,0.0859482927727968,0.0,0.0
207,-0.0,100.0,False,NORMAL,False,[],True,False,-1.6853000438606123,-0.17022242565365536,-1.1153422247646336,0.0,-1.0654264923174857,0.0,True,1,-0.0,0.0,0.0,0.0,0.0
208,0.05170398315604311,94.8296016843957,False,NORMAL,False,[],True,False,-1.6240763599132024,0.424708571307677,-0.2863498386361069,0.0,-0.43244405393702134,0.0,True,1,0.05170398315604311,0.05170398315604311,0.0,0.0,0.0
209,0.0723320621722568,92.76679378277433,False,NORMAL,False,[],True,False,-1.48283456087748,0.6006514867796358,-1.240929042894261,0.0,-0.8655801198480119,0.0,True,1,0.0723320621722568,0.0723320621722568,0.0,0.0,0.0
210,0.12013303677529696,87.98669632247031,False,NORMAL,False,[],True,False,-1.1172934621600001,1.023876488737603,-1.2207213078348897,0.0,-1.041419890920329,0.047418014869093916,True,1,0.12013303677529696,0.12013303677529696,0.0,0.0,0.0
211,0.009011233668114578,99.09887663318854,False,NORMAL,False,[],True,False,-1.8620883340808447,-1.6346394815613035,0.046036826864687685,0.0,0.05431248243430151,0.003539913050313981,True,1,0.009011233668114578,0.0,0.007643443654448198,0.0,0.0
212,0.13313283263714437,86.68671673628556,False,NORMAL,False,[],True,False,-1.448653871961607,1.142956187520903,0.6571203432099576,0.0,0.5793014294732953,0.0874140249969737,True,1,0.13313283263714437,0.13313283263714437,0.10373581236972347,0.0,0.0
213,-0.0,100.0,False,NORMAL,False,[],True,False,-1.6414138524155486,-0.30921979845282066,-0.42991033531022016,0.0,-0.6325136785309291,0.0,True,1,-0.0,0.0,0.0,0.0,0.0
214,0.17159596499841076,82.84040350015893,False,NORMAL,False,[],True,False,-1.5736856036141418,0.15458967219312358,0.9666779076840726,0.0,1.1295256718118405,0.0,True,1,0.17159596499841076,0.01913820296891689,0.14880410636552482,0.0,0.0
215,0.36285082657064927,63.714917342935074,False,NORMAL,False,"['measured_update_ratio_rise', 'gradient_norm_rise']",True,False,-1.1495993227714123,0.8712028528039091,1.633065174479923,0.0,2.704508817710044,0.0,True,1,0.36285082657064927,0.10318022478264026,0.23828097819141025,0.0,0.0
216,0.3032085273560955,69.67914726439045,False,NORMAL,False,['gradient_norm_rise'],True,False,-1.2732147733266905,-0.38505526911635074,2.167614548403658,0.0,0.859250996654254,0.09874327478066336,True,1,0.3032085273560955,0.0,0.3032085273560955,0.0,0.0
217,0.20172045053262708,79.8279549467373,False,NORMAL,False,[],True,False,-1.0168900375998458,0.5064251933895526,1.3517785815702654,0.0,1.1941385116197851,0.0,True,1,0.20172045053262708,0.061341123109239414,0.20172045053262708,0.0,0.0
218,0.28087377233763733,71.91262276623627,False,NORMAL,False,['gradient_norm_rise'],True,False,-1.521757139545293,-1.068948783985072,1.9783102598330804,0.0,1.169608854587312,0.0,True,1,0.28087377233763733,0.0,0.28087377233763733,0.0,0.0
219,0.008192164091824843,99.18078359081751,False,NORMAL,False,[],True,False,-1.7167272633736534,-0.3261514284723647,-1.3763875911194616,0.0,-0.7194501561000749,0.024677712793347073,True,1,0.008192164091824843,0.0,0.0,0.0,0.0
220,0.04958233341629072,95.04176665837093,False,NORMAL,False,[],True,False,-1.5310678438264282,0.4068299357550948,-0.7963990633548582,0.0,-0.45922160893480396,0.13687735838149573,True,1,0.04958233341629072,0.04958233341629072,0.0,0.0,0.0
221,0.07818699598952672,92.18130040104732,False,NORMAL,False,[],True,False,-1.365512368558421,0.41678692024632963,-1.0504558117490859,0.0,-0.38471345325437994,0.24423867480681505,True,1,0.07818699598952672,0.05076450932777816,0.0,0.0,0.0
222,0.08475628986571504,91.52437101342849,False,NORMAL,False,[],True,False,-1.3479000099580896,-0.09948508865429181,-0.09643583555020398,0.0,0.49326606740863194,0.2656946978937318,True,1,0.08475628986571504,0.0,0.0,0.0,0.0
223,0.07849152782675474,92.15084721732453,False,NORMAL,False,[],True,False,-1.623790254189502,-1.0350508325953218,-0.48530531131395327,0.0,-0.30531943074787704,0.24522992406181454,True,1,0.07849152782675474,0.0,0.0,0.0,0.0
224,0.11416440875601142,88.58355912439886,False,NORMAL,False,[],True,False,-1.1724429304722541,0.9697912682081778,-0.23194750386880378,0.0,0.3915616249809494,0.03471398731216602,True,1,0.11416440875601142,0.11416440875601142,0.0,0.0,0.0
225,0.2814035235359405,71.85964764640596,False,NORMAL,False,['gradient_norm_rise'],True,False,-1.061757509994368,0.1407415321384419,1.98273184589351,0.0,0.5544850169427114,0.12344317883072775,True,1,0.2814035235359405,0.0174388436404293,0.2814035235359405,0.0,0.0
226,0.2055474435937543,79.44525564062457,False,NORMAL,False,[],True,False,-0.34958280001751324,1.8408160785714,0.6052958747341716,0.0,1.1873120000244806,0.0,True,1,0.2055474435937543,0.2055474435937543,0.09596088054155935,0.0,0.0
227,0.10228258385219123,89.77174161478088,False,NORMAL,False,[],True,False,-0.5187289985598164,-0.5003903227126654,0.6473996493142907,0.0,0.6350579284119723,0.0,True,1,0.10228258385219123,0.0,0.10228258385219123,0.0,0.0
228,0.07039613510810468,92.96038648918953,False,NORMAL,False,[],True,False,-1.2974149123702272,-2.103091026808779,0.016322330487596345,0.0,0.43798041184312253,0.0,True,1,0.07039613510810468,0.0,0.0027166915111338672,0.0,0.0
229,0.060706136602009436,93.92938633979907,False,NORMAL,False,[],True,False,-1.1808711492194428,0.5010151613451326,0.06778120353058154,0.0,-0.5971065724589689,0.0,True,1,0.060706136602009436,0.060706136602009436,0.01123329725600537,0.0,0.0
230,0.0038872972475847752,99.61127027524152,False,NORMAL,False,[],True,False,-1.5600427621130077,-1.0172408007471112,0.02336923455128617,0.0,-0.4256960882780352,0.0,True,1,0.0038872972475847752,0.0,0.0038872972475847752,0.0,0.0
231,0.08880485807223934,91.11951419277607,False,NORMAL,False,[],True,False,-1.3346351358696065,0.7439855869898917,0.4626870415760642,0.0,0.4045062297989787,0.0,True,1,0.08880485807223934,0.08880485807223934,0.07421616112772522,0.0,0.0
232,0.2061576682057745,79.38423317942255,False,NORMAL,False,[],True,False,-1.023029957260921,0.6645522321076122,1.3852224721200457,0.0,1.0655427321945015,0.0,True,1,0.2061576682057745,0.07971238151890855,0.2061576682057745,0.0,0.0
233,0.3092051308294612,69.07948691705388,False,NORMAL,False,"['gradient_norm_rise', 'measured_update_ratio_rise']",True,False,-0.8045860107294374,0.6522365180088813,2.219474160662854,0.0,1.8186682963564835,0.0,True,1,0.3092051308294612,0.07829454054144212,0.3092051308294612,0.0,0.0
234,0.18967472513254172,81.03252748674583,False,NORMAL,False,[],True,False,-1.382789743725611,-1.511368492797467,1.0423936451572335,0.0,1.2619172280866005,0.0,True,1,0.18967472513254172,0.0,0.15947810305870266,0.0,0.0
235,0.136241995712682,86.3758004287318,False,NORMAL,False,[],True,False,-1.378318873903344,0.014289349274883551,0.8787758222421992,0.0,-0.1271780306549367,0.0,True,1,0.136241995712682,0.0017845744094616071,0.136241995712682,0.0,0.0
236,-0.0,100.0,False,NORMAL,False,[],True,False,-1.845055334518118,-1.2179191085845344,-0.8700943593133124,0.0,-0.3598934543775929,0.0,True,1,-0.0,0.0,0.0,0.0,0.0
237,0.16733231486287967,83.26676851371204,False,NORMAL,False,[],True,False,-1.3229589249204163,1.4649652305793035,-0.4637244908852952,0.0,-0.40086118797621645,0.0,True,1,0.16733231486287967,0.16733231486287967,0.0,0.0,0.0
238,0.1059912988535329,89.40087011464671,False,NORMAL,False,[],True,False,-1.6875138733435142,-0.7544343837029145,0.6722386261797643,0.0,0.44897349840567474,0.0,True,1,0.1059912988535329,0.0,0.1059912988535329,0.0,0.0
239,0.1532268512625297,84.67731487374704,False,NORMAL,False,[],True,False,-1.5534829784966193,0.33483913948187866,0.9979346959212873,0.0,0.14152976459442443,0.0,True,1,0.1532268512625297,0.04099107007316185,0.1532268512625297,0.0,0.0
240,0.09410837536232797,90.58916246376721,False,NORMAL,False,[],True,False,-1.6995487549555965,-0.32261616788065606,0.45744747122992047,0.0,0.5930135981962308,0.0,True,1,0.09410837536232797,0.0,0.07340735643851933,0.0,0.0
241,0.1421920444088226,85.78079555911773,False,NORMAL,False,[],True,False,-1.5396514556515861,0.5764332025816348,0.9202501951782408,0.0,-0.384511726754485,0.0,True,1,0.1421920444088226,0.06951949137283536,0.1421920444088226,0.0,0.0
242,0.12551635156970756,87.44836484302925,False,NORMAL,False,[],True,False,-2.044998568324423,-1.458691884684507,0.6216956466459838,0.0,0.8047300973472754,0.0,True,1,0.12551635156970756,0.0,0.09842851251489146,0.0,0.0
243,0.17749355133150985,82.25064486684902,False,NORMAL,False,[],True,False,-1.975232962430457,0.16747281956422982,1.172393736281481,0.0,0.33872360299876786,0.0,True,1,0.17749355133150985,0.02071650516931354,0.17749355133150985,0.0,0.0
244,0.30081650272767196,69.91834972723281,False,NORMAL,False,['loss_level_or_jump'],True,False,-0.6505526807716528,2.862736457749216,0.5149391607778575,0.0,0.45654663531936296,0.0,True,1,0.30081650272767196,0.30081650272767196,0.08224351777833783,0.0,0.0
245,-0.0,100.0,False,NORMAL,False,[],True,False,-1.935239336390078,-2.8822280548752044,-0.2370008080225348,0.0,-0.3424579895226476,0.0,True,1,-0.0,0.0,0.0,0.0,0.0
246,0.09822229332528887,90.17777066747111,False,NORMAL,False,[],True,False,-1.666251962884364,0.043748048143856404,0.09829059908510625,0.0,0.6203234053218786,0.0,True,1,0.09822229332528887,0.005453580957269266,0.016248315094182925,0.0,0.0
247,0.2477450827802274,75.22549172197725,False,NORMAL,False,['loss_level_or_jump'],True,False,-0.6274072094911932,2.277440214482922,-2.7288325703718206,0.0,-2.789800968895332,0.2396739281451532,True,1,0.2477450827802274,0.2477450827802274,0.0,0.0,0.0
248,0.08208583756223277,91.79141624377672,False,NORMAL,False,[],True,False,-0.2617514475168601,0.6852111816260902,-0.7502891706566109,0.0,-1.1198602037135135,0.1950811951986393,True,1,0.08208583756223277,0.08208583756223278,0.0,0.0,0.0
249,0.1978498957719841,80.2150104228016,False,NORMAL,False,[],True,False,-1.7424141413162328,-3.133267511177719,-3.671360110522865,0.0,-3.856183185000664,0.66137857874773,True,1,0.1978498957719841,0.0,0.0,0.0,0.0
250,0.17666703552594243,82.33329644740576,False,NORMAL,False,[],True,False,-1.3623649449975046,0.48911337635510105,-2.7948131848932483,0.0,-2.341696336369803,0.5831837581066253,True,1,0.17666703552594243,0.05930768740676412,0.0,0.0,0.0
251,0.10142923632996906,89.8570763670031,False,NORMAL,False,[],True,False,-1.105479812487422,0.41936782056523775,-0.7308617226259041,0.0,-0.541956748615353,0.3208494548912957,True,1,0.10142923632996906,0.05107069520799464,0.0,0.0,0.0
252,0.11279854903809049,88.72014509619095,False,NORMAL,False,[],True,False,-0.6327995380992788,0.9574656600626711,0.019697797078282436,0.0,-0.2069563420402868,0.24800546418853653,True,1,0.11279854903809049,0.11279854903809049,0.0032775831386370165,0.0,0.0
253,0.07156978942030823,92.84302105796918,False,NORMAL,False,[],True,False,-1.5818315365440225,-2.3307635493018646,-1.121476253351289,0.0,-1.385911982463713,0.22278019390012438,True,1,0.07156978942030823,0.0,0.0,0.0,0.0
254,0.05246597352221219,94.75340264777878,False,NORMAL,False,[],True,False,-1.3655514780316034,0.4311394465637016,-1.1405246951962433,0.0,-2.0833290806683866,0.12601210566626087,True,1,0.05246597352221219,0.052465973522212196,0.0,0.0,0.0
255,0.13064489972724244,86.93551002727575,False,NORMAL,False,[],True,False,-1.0202584986673788,0.6083992505171976,0.6112128050875241,0.0,0.8400216375591119,0.2551329189934475,True,1,0.13064489972724244,0.07323004626768108,0.0968519638472797,0.0,0.0
256,0.0886370350867243,91.13629649132757,False,NORMAL,False,[],True,False,-1.1115379006619286,-0.5356981657416886,-0.3803535371124952,0.0,-1.3473679751390641,0.27844210907856604,True,1,0.0886370350867243,0.0,0.0,0.0,0.0
257,0.28980759599432443,71.01924040056755,False,NORMAL,False,"['measured_update_ratio_rise', 'gradient_norm_rise']",True,False,-1.3961445000579205,-0.9498225724605078,1.7184605430798188,0.0,2.0533161246063973,0.2227626954355879,True,1,0.28980759599432443,0.0,0.24904540656204188,0.0,0.0
258,0.06232155042136668,93.76784495786333,False,NORMAL,False,[],True,False,-1.3485579414324733,-0.037706558804077944,0.3860891582034298,0.0,0.38455249358907706,0.0,True,1,0.06232155042136668,0.0,0.06232155042136668,0.0,0.0
259,0.19678321380487812,80.32167861951218,False,NORMAL,False,[],True,False,-1.7845164440300574,-1.321679219273493,0.29211515770465174,0.0,1.31478378669446,0.0,True,1,0.19678321380487812,0.0,0.04751970476962004,0.0,0.0
260,0.19909153871579854,80.09084612842014,False,NORMAL,False,[],True,False,-1.4024656503627688,0.7577421960645738,1.332051713930189,0.0,0.6729855395658205,0.0,True,1,0.19909153871579854,0.09037038108824913,0.19909153871579854,0.0,0.0
261,0.05494354212915036,94.50564578708497,False,NORMAL,False,[],True,False,-1.4762904999258346,-0.2711204102701788,0.3390636569658354,0.0,0.12888943851287638,0.0,True,1,0.05494354212915036,0.0,0.05494354212915036,0.0,0.0
262,0.026879644524860268,97.31203554751397,False,NORMAL,False,[],True,False,-1.2809614024778944,0.21798007359163837,-1.1443022690504163,0.0,-0.35573428714355765,0.0,True,1,0.026879644524860268,0.026879644524860268,0.0,0.0,0.0
263,-0.0,100.0,False,NORMAL,False,[],True,False,-1.4004835219514935,-0.9279263750378592,-0.6547620342429922,0.0,-0.33433482901887057,0.0,True,1,-0.0,0.0,0.0,0.0,0.0
264,0.07876144209435873,92.12385579056412,False,NORMAL,False,[],True,False,-1.1151172613334321,0.6562900459164609,-0.497205867279372,0.0,-1.04203939000963,0.0,True,1,0.07876144209435873,0.07876144209435873,0.0,0.0,0.0
265,0.03135365752695502,96.8646342473045,False,NORMAL,False,[],True,False,-0.9444128417645418,0.25484564286221484,-1.6036163191123858,0.0,-1.6365066503792998,0.0,True,1,0.03135365752695502,0.03135365752695502,0.0,0.0,0.0
266,-0.0,100.0,False,NORMAL,False,[],True,False,-1.1279240992710824,-0.9875480247178914,-0.9516952922004301,0.0,-1.0860240075730017,0.0,True,1,-0.0,0.0,0.0,0.0,0.0
267,-0.0,100.0,False,NORMAL,False,[],True,False,-0.9575503729364255,-0.036595978146729054,-1.1442022900452606,0.0,-1.176465616837535,0.0,True,1,-0.0,0.0,0.0,0.0,0.0
268,0.026202137478602918,97.37978625213971,False,NORMAL,False,[],True,False,-1.0907724870184907,-0.46131360276526534,0.1593091813392893,0.0,-0.21230686595817355,0.0,True,1,0.026202137478602918,0.0,0.026202137478602918,0.0,0.0
269,-0.0,100.0,False,NORMAL,False,[],True,False,-1.1206500977783855,-0.22271613181130606,-0.12906911578634428,0.0,-0.15308282556508598,0.0,True,1,-0.0,0.0,0.0,0.0,0.0
270,-0.0,100.0,False,NORMAL,False,[],True,False,-1.3406462390060534,-0.8485629715248922,-0.48404796790081533,0.0,-1.2571532869866822,0.0,True,1,-0.0,0.0,0.0,0.0,0.0
271,0.09001263670435374,90.99873632956462,False,NORMAL,False,[],True,False,-0.9844540330948398,0.7545965284476824,-0.4514969193415392,0.0,-0.32745789525413804,0.0,True,1,0.09001263670435374,0.09001263670435374,0.0,0.0,0.0
272,0.017348426109940505,98.26515738900595,False,NORMAL,False,[],True,False,-1.1170446776323006,-0.4990376282451968,-0.1675095619427476,0.0,0.10500404074938711,0.0,True,1,0.017348426109940505,0.0,0.0,0.0,0.0
273,0.18356635809603317,81.64336419039668,False,NORMAL,False,[],True,False,-0.42307145624382897,1.622477130174279,0.2867955747702914,0.0,0.19187081715722976,0.0,True,1,0.18356635809603317,0.18356635809603317,0.04667486398760675,0.0,0.0
274,-0.0,100.0,False,NORMAL,False,[],True,False,-0.6143013456196145,-0.566941690104608,-1.0974878821097813,0.0,-1.8746604798864812,0.0,True,1,-0.0,0.0,0.0,0.0,0.0
275,-0.0,100.0,False,NORMAL,False,[],True,False,-1.0901375478802084,-1.2459694771293703,-1.6188879646741952,0.0,-1.0744631179796609,0.0,True,1,-0.0,0.0,0.0,0.0,0.0
276,0.07153196526522272,92.84680347347772,False,NORMAL,False,[],True,False,-1.4685796195805927,-1.1466057926434168,0.2442985643567548,0.0,0.4453159533719035,0.0,True,1,0.07153196526522272,0.0,0.03989865020812677,0.0,0.0
277,-0.0,100.0,False,NORMAL,False,[],True,False,-1.6571110786477974,-0.41306272678249695,-0.5107217238812043,0.0,-0.8734511459370227,0.0,True,1,-0.0,0.0,0.0,0.0,0.0
278,0.21072259427885873,78.92774057211412,False,NORMAL,False,[],True,False,-0.8034395613938868,1.8930994271603965,-1.6824947334922744,0.0,-1.7626884480818743,0.0,True,1,0.21072259427885873,0.21072259427885873,0.0,0.0,0.0
279,-0.0,100.0,False,NORMAL,False,[],True,False,-1.204396544037633,-0.9097422460197153,-0.3755419188352709,0.0,-1.049092329656927,0.0,True,1,-0.0,0.0,0.0,0.0,0.0
280,0.017264999613012495,98.27350003869874,False,NORMAL,False,[],True,False,-1.0181188242910595,0.0775648465298416,0.10449466616789765,0.0,-0.3477938472703207,0.0,True,1,0.017264999613012495,0.009648754968203057,0.017264999613012495,0.0,0.0
281,-0.0,100.0,False,NORMAL,False,[],True,False,-2.031598489331904,-1.8718595411483434,-1.5879761910996737,0.0,-1.750091315707504,0.0,True,1,-0.0,0.0,0.0,0.0,0.0
282,0.22485836101500215,77.51416389849979,False,NORMAL,False,['loss_level_or_jump'],True,False,-0.8956380009433923,2.0376760507737472,-0.5227152709565454,0.0,0.13675809446008813,0.0,True,1,0.22485836101500215,0.22485836101500215,0.0,0.0,0.0
283,0.06622136340749393,93.37786365925061,False,NORMAL,False,[],True,False,-1.1168735018191984,-0.5225734213034802,0.4110952477992787,0.0,0.02396837877640213,0.0,True,1,0.06622136340749393,0.0,0.06622136340749393,0.0,0.0
284,0.09855147583969107,90.1448524160309,False,NORMAL,False,[],True,False,-1.8168053361483945,-1.2693731330277045,0.3221823076695273,0.0,0.6225140290767679,0.0,True,1,0.09855147583969107,0.0,0.05228082667152782,0.0,0.0
285,0.08540409439749772,91.45959056025022,False,NORMAL,False,[],True,False,-1.5451765197466858,0.44483715102428084,0.5356376668595841,0.0,0.22718362578846668,0.0,True,1,0.08540409439749772,0.054086965516993504,0.08540409439749772,0.0,0.0
286,0.056029641285513396,94.39703587144867,False,NORMAL,False,[],True,False,-1.241065524634145,0.4612841039717891,-1.6566289379075005,0.0,-1.2672298275070109,0.0,True,1,0.056029641285513396,0.0560296412855134,0.0,0.0,0.0
287,-0.0,100.0,False,NORMAL,False,[],True,False,-1.355658627940143,-0.3119316645808956,-0.49995621529856094,0.0,-0.43147724000817167,0.0,True,1,-0.0,0.0,0.0,0.0,0.0
288,-0.0,100.0,False,NORMAL,False,[],True,False,-1.5341689406276564,-0.3692755473458932,-0.8052389945745205,0.0,-0.1659671468569055,0.0,True,1,-0.0,0.0,0.0,0.0,0.0
289,0.013159696138911646,98.68403038610883,False,NORMAL,False,[],True,False,-1.4920925923259618,0.10597641737960418,-1.024716003070053,0.0,-1.1336635530945887,0.0,True,1,0.013159696138911646,0.013159696138911646,0.0,0.0,0.0
290,0.045534445483084635,95.44655545169154,False,NORMAL,False,[],True,False,-1.660704211213399,-0.17090611110894052,0.2796223435808244,0.0,-0.44669867327895874,0.0,True,1,0.045534445483084635,0.0,0.045534445483084635,0.0,0.0
291,0.20095461387737226,79.90453861226278,False,NORMAL,False,[],True,False,-1.5179102255207508,0.2872163254158045,1.3460251870276325,0.0,0.6014456074415968,0.0,True,1,0.20095461387737226,0.03526520637825603,0.20095461387737226,0.0,0.0
292,0.2733032148482071,72.6696785151793,False,NORMAL,False,"['gradient_norm_rise', 'measured_update_ratio_rise']",True,False,-0.9174269247228525,1.097902856755908,1.9154757916166303,0.0,1.6361361149231861,0.0,True,1,0.2733032148482071,0.12823715350802176,0.2733032148482071,0.0,0.0
293,0.23410170807839692,76.58982919216031,False,NORMAL,False,['gradient_norm_rise'],True,False,-2.9132428275468105,-3.997853758629667,1.60023537736547,0.0,1.0268217887812088,0.04336298330433874,True,1,0.23410170807839692,0.0,0.23410170807839692,0.0,0.0
294,0.22537057547575362,77.46294245242464,False,NORMAL,False,['loss_level_or_jump'],True,False,-1.8346331055242817,2.0429642071107743,0.1858263771294794,0.0,0.45304346258201805,0.0,True,1,0.22537057547575362,0.22537057547575362,0.030496372662754716,0.0,0.0
295,0.02370281924271708,97.62971807572829,False,NORMAL,False,[],True,False,-1.509056416718706,0.1919060034834519,0.09332860585468544,0.0,-0.03774722029767001,0.0,True,1,0.02370281924271708,0.02370281924271708,0.015434417060706185,0.0,0.0
296,0.2409614324565352,75.90385675434648,False,NORMAL,False,['measured_update_ratio_rise'],True,False,-1.402898025666248,-0.04529720911223703,0.4377506493059951,0.0,1.6542161354983345,0.0,True,1,0.2409614324565352,0.0,0.07036053640275146,0.0,0.0
297,-0.0,100.0,False,NORMAL,False,[],True,False,-1.7887270258972354,-0.6255423082066878,-0.02424279035926564,0.0,-0.7401765826016753,0.0,True,1,-0.0,0.0,0.0,0.0,0.0
298,0.007197853323739135,99.28021466762608,False,NORMAL,False,[],True,False,-2.577967816825982,-1.2885765648139418,-0.14914963511771862,0.0,0.04334329709793931,0.0,True,1,0.007197853323739135,0.0,0.0,0.0,0.0
299,0.17742290305301575,82.25770969469842,False,NORMAL,False,[],True,False,-1.6387994797937535,1.5625045267639994,0.55978218113358,0.0,-0.04359050046466041,0.0,True,1,0.17742290305301575,0.17742290305301575,0.08907711148947968,0.0,0.0
300,0.11544209354238,88.455790645762,False,NORMAL,False,[],True,False,-0.9060606873832691,0.9813383960967724,-0.13776049191426212,0.0,-0.2971520785726333,0.0,True,1,0.11544209354238,0.11544209354238,0.0,0.0,0.0
301,-0.0,100.0,False,NORMAL,False,[],True,False,-2.26618253122902,-2.752220147064792,-1.1039637179152222,0.0,-0.7861043233912448,0.0,True,1,-0.0,0.0,0.0,0.0,0.0
302,0.19964415681402878,80.03558431859712,False,NORMAL,False,[],True,False,-1.1382480856201462,1.7815907698216962,-1.0986339015723379,0.0,-1.9352502447851414,0.0,True,1,0.19964415681402878,0.1996441568140288,0.0,0.0,0.0
303,0.03313308931482284,96.68669106851772,False,NORMAL,False,[],True,False,-1.6851151915733462,-1.0926828921255538,0.06612125776303321,0.0,0.2021665448604224,0.0,True,1,0.03313308931482284,0.0,0.01095970956213708,0.0,0.0
304,0.11568965097504624,88.43103490249537,False,NORMAL,False,[],True,False,-1.6353737745654704,0.07403430790477987,-0.22462655264425008,0.0,0.7376832263925316,0.0,True,1,0.11568965097504624,0.00921159934775259,0.0,0.0,0.0
305,0.009409490455236185,99.05905095447638,False,NORMAL,False,[],True,False,-2.0081877908541075,-0.9185039118946166,0.056724236315655444,0.0,-0.1408487234874826,0.0,True,1,0.009409490455236185,0.0,0.009409490455236185,0.0,0.0
306,0.08436826016714559,91.56317398328544,False,NORMAL,False,[],True,False,-1.5387417272890802,0.4303451082490846,0.5083549876173032,0.0,0.5288461553651652,0.0,True,1,0.08436826016714559,0.05237188602850384,0.08123585372687893,0.0,0.0
307,0.13422318652172818,86.57768134782718,False,NORMAL,False,[],True,False,-0.835654348652091,1.1530249983378902,-0.48819606945897154,0.0,0.12093720856693345,0.0,True,1,0.13422318652172818,0.13422318652172818,0.0,0.0,0.0
308,0.06849269416372732,93.15073058362728,False,NORMAL,False,[],True,False,-1.1362700083159578,-0.7016188306050821,0.42570747530078834,0.0,0.2681652162582745,0.0,True,1,0.06849269416372732,0.0,0.06849269416372732,0.0,0.0
309,0.09188477909958458,90.81152209004154,False,NORMAL,False,[],True,False,-0.7249852891785239,0.7710721053327371,0.31772552905271534,0.0,-0.020600193331533276,0.0,True,1,0.09188477909958458,0.09188477909958458,0.051576602731985464,0.0,0.0
310,-0.0,100.0,False,NORMAL,False,[],True,False,-0.8629263569998324,-0.5739271602887915,-1.4996930701103532,0.0,-2.3690888251340265,0.0,True,1,-0.0,0.0,0.0,0.0,0.0
311,0.15195180004413392,84.80481999558661,False,NORMAL,False,[],True,False,-1.1905220303899007,-0.6462990428986491,0.8836061994730582,0.0,0.9889068314096662,0.0,True,1,0.15195180004413392,0.0,0.13693709537515436,0.0,0.0
312,0.13704773382377428,86.29522661762256,False,NORMAL,False,[],True,False,-0.70282915927858,1.1791672074208444,-0.5310510384140338,0.0,-0.49679150459328875,0.0,True,1,0.13704773382377428,0.13704773382377428,0.0,0.0,0.0
313,-0.0,100.0,False,NORMAL,False,[],True,False,-1.2750341829767224,-1.1217466768807167,-2.2728409325954524,0.0,-2.4414164915816388,0.0,True,1,-0.0,0.0,0.0,0.0,0.0
314,0.046194327103564435,95.38056728964357,False,NORMAL,False,[],True,False,-1.0626297568148597,0.3783626036518811,-2.215984027277622,0.0,-1.8143579908265224,0.044505224536101506,True,1,0.046194327103564435,0.04619432710356444,0.0,0.0,0.0
315,0.05944109374979729,94.05589062502027,False,NORMAL,False,[],True,False,-1.4820900000808719,-0.945601206528162,-2.1742516022621365,0.0,-2.1399310237856084,0.18384299788250247,True,1,0.05944109374979729,0.0,0.0,0.0,0.0
316,0.044805302403130916,95.5194697596869,False,NORMAL,False,[],True,False,-1.312854890444399,0.36672069961009407,-0.9836632986170918,0.0,-1.0765842102771257,0.049699445800934994,True,1,0.044805302403130916,0.044805302403130916,0.0,0.0,0.0
317,-0.0,100.0,False,NORMAL,False,[],True,False,-1.539488337470202,-0.6324019144219515,-0.786543153011082,0.0,-0.4159089180137134,0.0,True,1,-0.0,0.0,0.0,0.0,0.0
318,0.176489265099344,82.3510734900656,False,NORMAL,False,[],True,False,-0.7971433359459675,1.5534295499786754,-0.8374601904378265,0.0,-1.3988295882384534,0.0,True,1,0.176489265099344,0.176489265099344,0.0,0.0,0.0
319,0.09121491788268447,90.87850821173156,False,NORMAL,False,[],True,False,-1.648406158750163,-1.8605325486455015,0.11305016276096966,0.0,0.57387987644223,0.0,True,1,0.09121491788268447,0.0,0.018665298679210615,0.0,0.0
320,0.19637016296298562,80.36298370370145,False,NORMAL,False,[],True,False,-0.8606452280052309,1.7489321401266287,0.1687288448880841,0.0,-0.5741985104555692,0.0,True,1,0.19637016296298562,0.19637016296298562,0.027729746073173397,0.0,0.0
321,0.012696475429198528,98.73035245708014,False,NORMAL,False,[],True,False,-1.2838507975240934,-0.811620646271525,0.076666586774784,0.0,-0.23337483291388497,0.0,True,1,0.012696475429198528,0.0,0.012696475429198528,0.0,0.0
322,0.18375373674494824,81.62462632550518,False,NORMAL,False,[],True,False,-0.7721083129032672,1.1978736272097672,0.1703859278497455,0.0,1.218235058062312,0.0,True,1,0.18375373674494824,0.13906321991599624,0.02799823107495872,0.0,0.0
323,0.15793164065834273,84.20683593416572,False,NORMAL,False,[],True,False,-0.968564057376973,-0.3052703907089388,0.42561854626796847,0.0,1.0313644870122556,0.0,True,1,0.15793164065834273,0.0,0.06847888772078264,0.0,0.0
324,0.11393851556944919,88.60614844305508,False,NORMAL,False,[],True,False,-0.5251516022844062,0.967751482120038,-2.486045385477685,0.0,-1.9380021424435139,0.0,True,1,0.11393851556944919,0.11393851556944919,0.0,0.0,0.0
325,-0.0,100.0,False,NORMAL,False,[],True,False,-0.9919016413517193,-0.855425261984615,-1.490382051598909,0.0,-1.746832389476775,0.0,True,1,-0.0,0.0,0.0,0.0,0.0
326,0.10675638602868379,89.32436139713163,False,NORMAL,False,[],True,False,-2.0023863699662754,-1.7242785451504894,-3.024410514477588,0.0,-3.074529236839185,0.3386877939319457,True,1,0.10675638602868379,0.0,0.0,0.0,0.0
327,0.14867430021101286,85.13256997889872,False,NORMAL,False,[],True,False,-1.3967090213830748,1.2876839813852274,-1.2089050306546363,0.0,-0.9697987314473107,0.236364494684703,True,1,0.14867430021101286,0.14867430021101286,0.0,0.0,0.0
328,0.0542316369972087,94.57683630027913,False,NORMAL,False,[],True,False,-1.9262937573254362,-0.7324528880963213,-0.6087073832419503,0.0,-0.4138166854430377,0.1672727979549018,True,1,0.0542316369972087,0.0,0.0,0.0,0.0
329,0.10901196492669565,89.09880350733044,False,NORMAL,False,[],True,False,-1.6915692335566017,0.66969057067416,0.6925456815058976,0.0,0.6460603859856935,0.22139889728000606,True,1,0.10901196492669565,0.08030328540237569,0.10901196492669565,0.0,0.0
330,0.18867859758799208,81.13214024120079,False,NORMAL,False,[],True,False,-0.8017918707583881,1.672727996296807,1.2454469772173586,0.0,1.2324430183994928,0.36738705287929685,True,1,0.18867859758799208,0.18867859758799208,0.18744729257301762,0.0,0.0
331,0.10583116361488928,89.41688363851107,False,NORMAL,False,[],True,False,-1.2444957046535723,-0.5169086488197437,0.2759341081501637,0.0,0.33351510738909784,0.33558199986775294,True,1,0.10583116361488928,0.0,0.04494754950476765,0.0,0.0
332,0.07317158126449945,92.68284187355006,False,NORMAL,False,[],True,False,-1.9314896916386792,-0.8516791362647396,-0.8384391774976979,0.0,-1.2028575789976763,0.22796047081748516,True,1,0.07317158126449945,0.0,0.0,0.0,0.0
333,0.0663824929441135,93.36175070558865,False,NORMAL,False,[],True,False,-2.0750277008316957,-0.06573114793767319,-0.10477109089041148,0.0,-0.11731775813832529,0.2060653379505144,True,1,0.0663824929441135,0.0,0.0,0.0,0.0
334,0.10823662349393433,89.17633765060657,False,NORMAL,False,[],True,False,-1.5188524805006116,0.9164356365479177,-0.914774861093135,0.0,-0.09319295300462803,0.0,True,1,0.10823662349393433,0.10823662349393433,0.0,0.0,0.0
335,-0.0,100.0,False,NORMAL,False,[],True,False,-2.0645966636990716,-0.7395236267244102,-0.6457219531812303,0.0,-1.0088458864068426,0.0,True,1,-0.0,0.0,0.0,0.0,0.0
336,0.08459291678642794,91.54070832135722,False,NORMAL,False,[],True,False,-1.9075076849934756,0.5518821318524132,0.5303184777490405,0.0,0.5297938188854594,0.0,True,1,0.08459291678642794,0.0666595686346366,0.08459291678642794,0.0,0.0
337,0.1031888773579228,89.68111226420771,False,NORMAL,False,[],True,False,-1.432304843048859,0.8712800376944498,-0.7607684336606357,0.0,-0.7848170610417309,0.0,True,1,0.1031888773579228,0.1031888773579228,0.0,0.0,0.0
338,0.08368287170535096,91.6317128294649,False,NORMAL,False,[],True,False,-0.9709647935723024,0.6991421143694334,0.36200081967291575,0.0,0.4707253510387469,0.0,True,1,0.08368287170535096,0.08368287170535098,0.05854946422610012,0.0,0.0
339,0.08033725109302339,91.96627489069766,False,NORMAL,False,[],True,False,-1.2411436713346604,-0.41943893133848364,0.5024895205197022,0.0,0.4138045062575902,0.0,True,1,0.08033725109302339,0.0,0.08033725109302339,0.0,0.0
340,-0.0,100.0,False,NORMAL,False,[],True,False,-2.647934232236694,-1.9625669044451857,-1.2838408141643054,0.0,-0.0682435237119797,0.0,True,1,-0.0,0.0,0.0,0.0,0.0
341,0.18065929107681486,81.93407089231852,False,NORMAL,False,[],True,False,-1.3497749778457626,1.5940422049949008,0.2937762774826319,0.0,0.7179529768456204,0.0,True,1,0.18065929107681486,0.18065929107681486,0.047783365579677696,0.0,0.0
342,0.07273014396337771,92.72698560366223,False,NORMAL,False,[],True,False,-1.4429441621819599,-0.21764948167600684,0.4530638936641962,0.0,-0.019515916843676286,0.0,True,1,0.07273014396337771,0.0,0.07273014396337771,0.0,0.0
343,0.0784357878137485,92.15642121862516,False,NORMAL,False,[],True,False,-1.2702149942266068,0.15314783383711136,-0.16227718243918166,0.0,0.49009693234610446,0.0,True,1,0.0784357878137485,0.01896140651728808,0.0,0.0,0.0
344,0.08546653958136548,91.45334604186345,False,NORMAL,False,[],True,False,-0.6947632223926173,0.7147297845054194,-1.321250506542268,0.0,-1.4546044848326158,0.0,True,1,0.08546653958136548,0.08546653958136548,0.0,0.0,0.0
345,-0.0,100.0,False,NORMAL,False,[],True,False,-2.3349305771102027,-2.5277073489618234,-1.8051721220450858,0.0,-1.700372104908394,0.0,True,1,-0.0,0.0,0.0,0.0,0.0
346,0.10540724302470841,89.45927569752916,False,NORMAL,False,[],True,False,-1.5664690224419597,0.8910934751975839,-1.636606100006413,0.0,-1.070193505124663,0.0,True,1,0.10540724302470841,0.10540724302470841,0.0,0.0,0.0
347,0.07772286097822553,92.22771390217744,False,NORMAL,False,[],True,False,-0.9409230637371465,0.6472761277578807,-0.39365522146070697,0.0,-0.28554570343312075,0.0,True,1,0.07772286097822553,0.07772286097822553,0.0,0.0,0.0
348,-0.0,100.0,False,NORMAL,False,[],True,False,-1.759864370017885,-1.593805258749126,-1.5475411220960593,0.0,-0.5784361276235748,0.0,True,1,-0.0,0.0,0.0,0.0,0.0
349,0.20657621298267673,79.34237870173233,False,NORMAL,False,[],True,False,-0.5964209212669259,1.8511823218837762,-0.39171021872385636,0.0,-0.5029980106106421,0.0,True,1,0.20657621298267673,0.20657621298267673,0.0,0.0,0.0
350,-0.0,100.0,False,NORMAL,False,[],True,False,-1.0766188524792317,-0.769247978098212,-1.8195642243878474,0.0,-1.5849602891752592,0.0,True,1,-0.0,0.0,0.0,0.0,0.0
351,0.022537502353767253,97.74624976462327,False,NORMAL,False,[],True,False,-0.9219975931081764,0.18236282750316332,-1.1954322654276932,0.0,-1.0994159454719763,0.0,True,1,0.022537502353767253,0.022537502353767253,0.0,0.0,0.0
352,-0.0,100.0,False,NORMAL,False,[],True,False,-1.56954865409243,-1.025940052135836,-0.6361921117789876,0.0,-0.5545803440946824,0.0,True,1,-0.0,0.0,0.0,0.0,0.0
353,0.3223444914120255,67.76555085879745,False,NORMAL,False,"['measured_update_ratio_rise', 'gradient_norm_rise']",True,False,-1.0044509666480714,0.6738959416661833,2.1242857314976047,0.0,2.3346973175745784,0.07800762438583031,True,1,0.3223444914120255,0.08078661659018946,0.2981584564796717,0.0,0.0
354,0.00616096869833933,99.38390313016606,False,NORMAL,False,[],True,False,-0.9068500935115071,-0.051227696734130586,-1.1447873619497961,0.0,-0.36651223758725,0.01854007733909202,True,1,0.00616096869833933,0.0,0.0,0.0,0.0
355,0.3297975554728166,67.02024445271834,False,NORMAL,False,"['measured_update_ratio_rise', 'gradient_norm_rise']",True,False,-1.199881972143849,-0.6502165265892407,1.9221211208113862,0.0,2.401052737358027,0.2631778305856811,True,1,0.3297975554728166,0.0,0.2741076258616624,0.0,0.0
356,0.38062227832182205,61.9377721678178,False,NORMAL,False,"['measured_update_ratio_rise', 'gradient_norm_rise']",True,False,-1.1741493030438745,-0.1505278411171896,2.2185086304309003,0.0,2.8742398780461356,0.3882149140045874,True,1,0.38062227832182205,0.0,0.30909395799626305,0.0,0.0
357,0.421804599936382,57.819540006361805,False,NORMAL,False,"['gradient_norm_rise', 'measured_update_ratio_rise']",True,False,-1.1285247261865012,-0.12997590844142964,3.2870604302770348,0.0,2.1991676665122712,0.6657263644756777,True,1,0.421804599936382,0.0,0.421804599936382,0.0,0.0
358,0.48833099260401214,51.16690073959879,False,NORMAL,False,"['gradient_norm_rise', 'measured_update_ratio_rise']",True,False,-1.6567547140183798,-0.7617952462830488,4.020463997544765,0.0,3.2449833419409306,0.6517061053138882,True,1,0.48833099260401214,0.0,0.48833099260401214,0.0,0.0
359,0.5832481662645462,41.67518337354538,False,NORMAL,False,"['gradient_norm_rise', 'measured_update_ratio_rise']",True,False,-1.3310409897943243,0.4012381701085887,5.251586143655052,0.0,3.658706458982605,0.6146405571618816,True,1,0.5832481662645462,0.04891778708690877,0.5832481662645462,0.0,0.0
360,0.5919406901135034,40.80593098864966,False,NORMAL,False,"['gradient_norm_rise', 'measured_update_ratio_rise']",True,False,-1.3391286989814095,-0.023726962923354175,5.37805648664354,0.0,4.093666728758842,0.4345850100283519,True,1,0.5919406901135034,0.0,0.5919406901135034,0.0,0.0
361,0.7272641458289676,27.27358541710324,False,ELEVATED,False,"['gradient_norm_rise', 'measured_update_ratio_rise']",True,False,-1.1160226258583568,0.29541650745326753,7.795509115988984,0.0,6.0689840789355785,0.6785544225068141,True,1,0.7272641458289676,0.03625357485732453,0.7272641458289676,0.0,0.0
362,0.6732864511471939,32.671354885280614,False,NORMAL,False,"['gradient_norm_rise', 'measured_update_ratio_rise']",True,False,-0.8159813613975101,0.22322995824532318,6.71202893632109,0.0,5.131486999268075,0.19384755643268736,True,1,0.6732864511471939,0.0275180312384619,0.6732864511471939,0.0,0.0
363,0.7508221536860479,24.91778463139521,False,ELEVATED,False,"['gradient_norm_rise', 'measured_update_ratio_rise']",True,False,-1.6022857632131864,-1.430134296134672,8.337530371453859,0.0,6.3912108363250075,0.19697340349741865,True,1,0.7508221536860479,0.0,0.7508221536860479,0.0,0.0
364,0.7339804677704165,26.60195322295835,True,ALERT,False,"['gradient_norm_rise', 'measured_update_ratio_rise']",True,False,-1.228852066934798,0.5505857240924661,7.945113260770333,0.0,6.35769714221368,0.0,True,1,0.7339804677704165,0.06650830765673671,0.7339804677704165,0.0,0.0
365,0.7713629859006996,22.863701409930037,False,ELEVATED,False,"['gradient_norm_rise', 'measured_update_ratio_rise']",True,False,-0.5214562878177367,0.8786941059685374,8.853717745701577,0.0,6.547939753357232,0.0,True,1,0.7713629859006996,0.10401961971120956,0.7713629859006996,0.0,0.0
366,0.7541763683918239,24.58236316081761,False,ELEVATED,False,"['gradient_norm_rise', 'measured_update_ratio_rise']",True,False,-1.4413169012780973,-1.6065137456715197,8.418845669158374,0.0,6.699999554045179,0.0,True,1,0.7541763683918239,0.0,0.7541763683918239,0.0,0.0
367,0.7875817734773604,21.241822652263963,False,ELEVATED,False,"['gradient_norm_rise', 'measured_update_ratio_rise']",True,False,-1.4924256303040424,-0.2140865980484191,9.295189086255192,0.0,7.148515948651878,0.0,True,1,0.7875817734773604,0.0,0.7875817734773604,0.0,0.0
368,0.8427187461798109,15.72812538201891,False,ELEVATED,False,"['gradient_norm_rise', 'measured_update_ratio_rise']",True,False,-1.0663587862592672,0.6423651545588858,11.098317904299602,0.0,9.531153342112804,0.0,True,1,0.8427187461798109,0.07715652737896703,0.8427187461798109,0.0,0.0
369,0.8057583068011537,19.424169319884633,False,ELEVATED,False,"['gradient_norm_rise', 'measured_update_ratio_rise']",True,False,-0.8089165237891853,0.2564631281250098,9.831912324623193,0.0,7.976431798322426,0.0,True,1,0.8057583068011537,0.031549484127599184,0.8057583068011537,0.0,0.0
370,0.7750551600168409,22.494483998315907,False,ELEVATED,False,"['gradient_norm_rise', 'measured_update_ratio_rise']",True,False,-1.1969635457085717,-0.7112261519376303,8.951400374782049,0.0,8.290863030442061,0.0,True,1,0.7750551600168409,0.0,0.7750551600168409,0.0,0.0
371,0.7369278756623716,26.30721243376284,False,ELEVATED,False,"['gradient_norm_rise', 'measured_update_ratio_rise']",True,False,-0.5677111344956852,0.8513777012022716,8.011962284251616,0.0,7.619917689752019,0.0,True,1,0.7369278756623716,0.10095502023244934,0.7369278756623716,0.0,0.0
372,0.7713234835562043,22.86765164437957,False,ELEVATED,False,"['measured_update_ratio_rise', 'gradient_norm_rise']",True,False,-0.8134313033192324,-0.46892083151141284,8.609128931293546,0.0,8.852681196149762,0.0,True,1,0.7713234835562043,0.0,0.761850064335497,0.0,0.0
373,0.7485435157776088,25.14564842223912,False,ELEVATED,False,"['gradient_norm_rise', 'measured_update_ratio_rise']",True,False,-0.8249239010704,-0.031295101455318636,8.282911976241357,0.0,8.180913713311996,0.0,True,1,0.7485435157776088,0.0,0.7485435157776088,0.0,0.0
374,0.7565359997061855,24.346400029381453,False,ELEVATED,False,"['gradient_norm_rise', 'measured_update_ratio_rise']",True,False,-0.9881326862303748,-0.21186736446376606,8.47671714075109,0.0,7.875238777755506,0.0,True,1,0.7565359997061855,0.0,0.7565359997061855,0.0,0.0
375,0.7863519051827117,21.36480948172883,False,ELEVATED,False,"['gradient_norm_rise', 'measured_update_ratio_rise']",True,False,-0.2017738187408464,1.154139653519211,9.260550205435173,0.0,7.188961851719179,0.0,True,1,0.7863519051827117,0.1343438084446687,0.7863519051827117,0.0,0.0
376,0.8085667902494955,19.14332097505045,False,ELEVATED,False,"['gradient_norm_rise', 'measured_update_ratio_rise']",True,False,-1.394570869179465,-1.6992690220441093,9.919297832076525,0.0,8.318186569036452,0.0,True,1,0.8085667902494955,0.0,0.8085667902494955,0.0,0.0
377,0.8302788470787776,16.972115292122236,False,ELEVATED,False,"['gradient_norm_rise', 'measured_update_ratio_rise']",True,False,-2.259590980519781,-1.2124431456495173,10.641590793557661,0.0,8.777841884746223,0.0,True,1,0.8302788470787776,0.0,0.8302788470787776,0.0,0.0
378,0.8071800968852376,19.28199031147624,False,ELEVATED,False,"['gradient_norm_rise', 'measured_update_ratio_rise', 'loss_level_or_jump']",True,False,-0.5640182321016154,2.2971975229161434,9.87599202126419,0.0,8.476552193688194,0.0,True,1,0.8071800968852376,0.249600607129181,0.8071800968852376,0.0,0.0
379,0.8333824496681415,16.661755033185855,False,ELEVATED,False,"['gradient_norm_rise', 'measured_update_ratio_rise']",True,False,-1.701985504856274,-1.3762853575611154,10.752325264013372,0.0,8.898244058503272,0.0,True,1,0.8333824496681415,0.0,0.8333824496681415,0.0,0.0
380,0.8321430463944509,16.785695360554907,False,ELEVATED,False,"['gradient_norm_rise', 'measured_update_ratio_rise']",True,False,-1.4943387952215736,0.3495270794370682,10.70785877349678,0.0,8.513892244908888,0.0,True,1,0.8321430463944509,0.042750187912847425,0.8321430463944509,0.0,0.0
381,0.8152631143183072,18.473688568169276,False,ELEVATED,False,"['gradient_norm_rise', 'measured_update_ratio_rise']",True,False,-0.8345150561743345,0.6967902441876926,10.132936234829321,0.0,7.7790976035282355,0.0,True,1,0.8152631143183072,0.08341344973806639,0.8152631143183072,0.0,0.0
382,0.8088155921994954,19.11844078005046,False,ELEVATED,False,"['gradient_norm_rise', 'measured_update_ratio_rise']",True,False,-2.3719711553804115,-1.7503448299863298,9.927100985104142,0.0,8.063514762044317,0.0,True,1,0.8088155921994954,0.0,0.8088155921994954,0.0,0.0
383,0.8012477353805176,19.875226461948237,False,ELEVATED,False,"['gradient_norm_rise', 'measured_update_ratio_rise']",True,False,-2.176269828293486,0.19072480237699987,9.6941767872045,0.0,7.698448914290357,0.0,True,1,0.8012477353805176,0.023558658186511972,0.8012477353805176,0.0,0.0
384,0.8033469470553553,19.665305294464474,False,ELEVATED,False,"['gradient_norm_rise', 'measured_update_ratio_rise']",True,False,-2.287494652332344,-0.2495259489801866,9.757885532770935,0.0,7.2941830925316165,0.0,True,1,0.8033469470553553,0.0,0.8033469470553553,0.0,0.0
385,0.7553203948440284,24.467960515597163,False,ELEVATED,False,"['gradient_norm_rise', 'measured_update_ratio_rise']",True,False,-1.99139128623664,0.5113195486177833,8.446833949950387,0.0,7.032174870823295,0.0,True,1,0.7553203948440284,0.06191521372632403,0.7553203948440284,0.0,0.0
386,0.6630292346150107,33.697076538498926,False,NORMAL,False,"['gradient_norm_rise', 'measured_update_ratio_rise']",True,False,-1.2616441238454614,0.8083504806344189,6.526554611953066,0.0,5.2725705029066186,0.0,True,1,0.6630292346150107,0.09610656762453358,0.6630292346150107,0.0,0.0
387,0.6172465593373712,38.27534406626288,False,NORMAL,False,"['gradient_norm_rise', 'measured_update_ratio_rise']",True,False,-1.2772940041165792,-0.11511044600080424,5.762185530982234,0.0,4.5722250700225455,0.0,True,1,0.6172465593373712,0.0,0.6172465593373712,0.0,0.0
388,0.63739234323186,36.260765676814,False,NORMAL,False,"['gradient_norm_rise', 'measured_update_ratio_rise']",True,False,-1.4590948129932906,-0.23069878730971105,6.086603187543059,0.0,4.969787462139745,0.0,True,1,0.63739234323186,0.0,0.63739234323186,0.0,0.0
389,0.9999176514734345,0.008234852656552327,False,ELEVATED,False,"['loss_level_or_jump', 'gradient_norm_rise', 'measured_update_ratio_rise']",True,False,56.42729996306184,69.77227621621834,5.112633738773016,0.0,4.277547748044872,0.0,True,1,0.9999176514734345,0.9999176514734345,0.5734840959784315,0.6002844136127459,0.5373726151885867
390,0.9998294044887376,0.01705955112624169,True,ALERT,False,"['loss_level_or_jump', 'gradient_norm_rise', 'measured_update_ratio_rise']",True,False,52.05729140836358,-5.418490364502315,3.8604412662062506,0.0,3.591430750962483,0.0,True,1,0.9998294044887376,0.9998294044887376,0.47450094013753,0.8734268590257325,0.7859759028225526
391,0.9996721465790293,0.03278534209707473,False,ELEVATED,False,"['loss_level_or_jump', 'measured_update_ratio_rise', 'gradient_norm_rise']",True,False,48.13766362049037,-2.6655386362777764,3.046684106432873,0.0,3.1919858212698213,0.0,True,1,0.9996721465790293,0.9996721465790293,0.3981702520616668,0.9495554866363805,0.9009865916361737
392,0.9994075054904114,0.0592494509588648,False,ELEVATED,False,"['loss_level_or_jump', 'measured_update_ratio_rise', 'gradient_norm_rise']",True,False,44.5870137090896,-4.442230308743856,2.485083811749722,0.0,2.6787553807618405,0.0,True,1,0.9994075054904114,0.9994075054904114,0.3391184380503942,0.975834719521966,0.9179150013761013
393,0.9990357918419948,0.0964208158005242,False,ELEVATED,False,"['loss_level_or_jump', 'measured_update_ratio_rise', 'gradient_norm_rise']",True,False,41.66522013073744,-2.9376710899620253,1.7860929285411615,0.0,1.8415981697603774,0.0,True,1,0.9990357918419948,0.9990357918419948,0.257462685802719,0.9865879809083621,0.9179150013761013
394,0.9984912043678028,0.15087956321971907,False,ELEVATED,False,['loss_level_or_jump'],True,False,38.978661245847015,-3.0429368472082623,1.2926882326157036,0.0,1.3495706093256201,0.0,True,1,0.9984912043678028,0.9984912043678028,0.19381984071693947,0.9916259409084262,0.9179150013761013
395,0.9975285153766261,0.24714846233738763,False,ELEVATED,False,['loss_level_or_jump'],True,False,36.01761748087813,-3.144637006817536,1.1030391596696791,0.0,1.111301654930119,0.0,True,1,0.9975285153766261,0.9975285153766261,0.16793095925990392,0.9942550069487898,0.9179150013761013
396,0.9964778257671021,0.3522174232897912,False,ELEVATED,False,['loss_level_or_jump'],True,False,33.89206080154337,-2.2434230352963653,0.8970668321949699,0.0,0.9338027342902859,0.0,True,1,0.9964778257671021,0.9964778257671021,0.13887115388887578,0.9957501627679,0.9179150013761013
397,0.9936619792391864,0.6338020760813579,False,ELEVATED,False,['loss_level_or_jump'],True,False,30.367132452655113,-2.7149760456870693,0.6542733742536241,0.0,0.7074824716870611,0.0,True,1,0.9936619792391864,0.9936619792391864,0.10331043873910147,0.9966608300118563,0.9179150013761013
398,0.9894945977177746,1.0505402282225407,False,ELEVATED,False,['loss_level_or_jump'],True,False,27.335193906365365,-1.976454164417762,0.5167617915983025,0.0,0.5108606088161333,0.0,True,1,0.9894945977177746,0.9894945977177746,0.0825222639802695,0.9972467128142175,0.9179150013761013
399,0.983934416209924,1.6065583790076055,False,ELEVATED,False,['loss_level_or_jump'],True,False,24.786455686938147,-2.7121713694853096,0.3375012634572991,0.0,0.33618918955480115,0.0,True,1,0.983934416209924,0.983934416209924,0.054697418406202576,0.9976404895691727,0.9179150013761013
400,0.9767040326447439,2.3295967355256075,False,ELEVATED,False,['loss_level_or_jump'],True,False,22.556850049628295,-1.5408444200860472,0.09053825152652036,0.0,0.1322443119816297,0.0,True,1,0.9767040326447439,0.9767040326447439,0.014976429434028113,0.9979145575377951,0.9179150013761013
401,0.9652382137671294,3.476178623287063,False,ELEVATED,False,['loss_level_or_jump'],True,False,20.15541955384965,-1.38482399545538,-0.10856843572591635,0.0,-0.0981105560741807,0.0,True,1,0.9652382137671294,0.9652382137671294,0.0,0.9981107072393558,0.9179150013761013
402,0.957963910397301,4.2036089602699,False,ELEVATED,False,['loss_level_or_jump'],True,False,19.015360520463137,-0.947968620241829,-0.22553622984500382,0.0,-0.22219343896379232,0.0,True,1,0.957963910397301,0.957963910397301,0.0,0.9981358179065875,0.9179150013761013
403,0.9418972700919793,5.810272990802067,False,ELEVATED,False,['loss_level_or_jump'],True,False,17.073255779156465,-1.6809334015508735,-0.34410430648066953,0.0,-0.3310958090582118,0.0,True,1,0.9418972700919793,0.9418972700919793,0.0,0.9979007252567418,0.9179150013761013
404,0.9333586533003695,6.664134669963051,False,ELEVATED,False,['loss_level_or_jump'],True,False,16.250580436499114,-0.6281702315158351,-0.5630820026419396,0.0,-0.629339690808957,0.0,True,1,0.9333586533003695,0.9333586533003695,0.0,0.9975613305907672,0.9179150013761013
405,0.8854316238970436,11.456837610295645,False,ELEVATED,False,['loss_level_or_jump'],True,False,12.999500778112514,-1.3545526447702478,-0.6008640501565536,0.0,-0.5890851938813895,0.0,True,1,0.8854316238970436,0.8854316238970436,0.0,0.9965853338656754,0.9179150013761013
406,0.8251509537740231,17.484904622597686,False,ELEVATED,False,['loss_level_or_jump'],True,False,10.46299362180275,-0.7936201153404618,-0.8246750500583834,0.0,-0.8338192044435664,0.0,True,1,0.8251509537740231,0.8251509537740231,0.0,0.9947064879631426,0.9179150013761013
407,0.8046666970500999,19.533330294990016,False,ELEVATED,False,['loss_level_or_jump'],True,False,9.798287601718995,-0.3299779486857186,-0.9359143629253043,0.0,-0.9478760807735935,0.0,True,1,0.8046666970500999,0.8046666970500999,0.0,0.9921421154915852,0.9179150013761013
408,0.7296542570999187,27.03457429000813,False,ELEVATED,False,['loss_level_or_jump'],True,False,7.8483216594152845,-1.8157870449095033,-0.9124376607890207,0.0,-0.8901019561813469,0.0,True,1,0.7296542570999187,0.7296542570999187,0.0,0.9877252592806517,0.9179150013761013
409,-0.0,100.0,False,NORMAL,False,[],True,False,-1.9900053192313423,-11.440998221810949,-0.8955166081253026,0.0,-0.9781686440665242,0.0,True,1,-0.0,0.0,0.0,0.9662070257750085,0.8968598177553849
410,0.035128738449260545,96.48712615507394,False,NORMAL,False,[],True,False,-1.9913855830381986,0.28608475409754747,-0.8483942951716517,0.0,-0.9299965441229215,0.0,True,1,0.035128738449260545,0.035128738449260545,0.0,0.924016787415675,0.8703889744262319
411,-0.0,100.0,False,NORMAL,False,[],True,False,-2.3003223616337274,-0.004427142657209474,-0.9447277984603182,0.0,-0.9485401135685095,0.0,True,1,-0.0,0.0,0.0,0.8516883470428335,0.8328767800580641
412,0.13304206101360894,86.69579389863911,False,NORMAL,False,[],True,False,-1.7062012690821067,1.1421185332658255,-1.0350368589208105,0.0,-1.0525070880071772,0.0,True,1,0.13304206101360894,0.13304206101360894,0.0,0.7565892208175717,0.7949169901249667
413,0.12169549773390916,87.83045022660907,False,NORMAL,False,[],True,False,-1.2293111560003234,1.0380954556641309,-1.008504462448646,0.0,-1.0185262662365044,0.0,True,1,0.12169549773390916,0.12169549773390916,0.0,0.6495193475047373,0.7581403934154888
414,-0.0,100.0,False,NORMAL,False,[],True,False,-1.5536048040642174,-0.23493391665716934,-0.977521425937558,0.0,-1.0092777596186946,0.0,True,1,-0.0,0.0,0.0,0.5205838000434502,0.7069554964488023
415,0.06971146130480557,93.02885386951945,False,NORMAL,False,[],True,False,-1.3248781521069444,0.5780838743438508,-0.9683770305354081,0.0,-0.9589382590795507,0.0,True,1,0.06971146130480557,0.06971146130480557,0.0,0.39336241296196583,0.6516418910367026
416,0.07028886074188409,92.9711139258116,False,NORMAL,False,[],True,False,-0.8852336905550141,0.5830507522414747,-0.8978888692661317,0.0,-0.8760124353313985,0.0,True,1,0.07028886074188409,0.07028886074188409,0.0,0.2888297300938223,0.6007848583812033
417,0.03750923853769577,96.24907614623042,False,NORMAL,False,[],True,False,-0.6865058376487453,0.3058464907758908,-0.9691353145364403,0.0,-0.9662655346816664,0.0,True,1,0.03750923853769577,0.03750923853769577,0.0,0.2030056289241805,0.5500172298711171
418,-0.0,100.0,False,NORMAL,False,[],True,False,-1.0000166558454011,-0.3885504195710642,-0.9486357163958324,0.0,-0.9719827820663608,0.0,True,1,-0.0,0.0,0.0,0.10850758801478964,0.47936771024715924
419,0.09617406719975181,90.38259328002482,False,NORMAL,False,[],True,False,-0.669529007510113,0.8089479147410612,-1.027501177591134,0.0,-1.1208434012002033,0.0,True,1,0.09617406719975181,0.0961740671997518,0.0,0.04615244453836857,0.41398927075073766
420,-0.0,100.0,False,NORMAL,False,[],True,False,-0.9737827513807666,-0.33088877995833227,-0.9632185251237871,0.0,-0.9497786179979477,0.0,True,1,-0.0,0.0,0.0,0.0,0.32346332342917883
421,-0.0,100.0,False,NORMAL,False,[],True,False,-1.1832958946376313,-0.035206127846868246,-0.9695682987784924,0.0,-0.9399662458714426,0.0,True,1,-0.0,0.0,0.0,0.0,0.20519670803833484
422,0.05423567175168123,94.57643282483188,False,NORMAL,False,[],True,False,-1.1223557690647024,0.4460949235212088,-1.020208063102694,0.0,-1.013479933520081,0.0,True,1,0.05423567175168123,0.05423567175168123,0.0,0.0,0.07098554357771393
423,-0.0,100.0,False,NORMAL,False,[],True,False,-1.3233514353049725,-0.0172379938158706,-1.0024076724308362,0.0,-1.0532136959938507,0.0,True,1,-0.0,0.0,0.0,0.0,0.0
424,0.07111385725935668,92.88861427406432,False,NORMAL,False,[],True,False,-1.1812145642982346,0.5901528529893555,-0.9733416566714589,0.0,-0.968867350596332,0.0,True,1,0.07111385725935668,0.07111385725935668,0.0,0.0,0.0
425,0.06816766219189303,93.1832337808107,False,NORMAL,False,[],True,False,-0.9837487311474947,0.5648190042822518,-0.9574157438049066,0.0,-0.916238354938809,0.0,True,1,0.06816766219189303,0.06816766219189303,0.0,0.0,0.0
426,0.09770961618831817,90.22903838116818,False,NORMAL,False,[],True,False,-0.6636728168767522,0.822551019652285,-0.8202444271031263,0.0,-0.7353456393283809,0.0,True,1,0.09770961618831817,0.09770961618831817,0.0,0.0,0.0
427,0.08375179307882166,91.62482069211784,False,NORMAL,False,[],True,False,-0.4697523899313667,0.6997438620696983,-0.8415149776751073,0.0,-0.8462701608632226,0.0,True,1,0.08375179307882166,0.08375179307882168,0.0,0.0,0.0
428,-0.0,100.0,False,NORMAL,False,[],True,False,-1.131578637855828,-0.8966108143572656,-0.8158353625872616,0.0,-0.8263177620364578,0.0,True,1,-0.0,0.0,0.0,0.0,0.0
429,0.12304279676178652,87.69572032382135,False,NORMAL,False,[],True,False,-0.7468229547777804,1.0503766947591398,-0.8999862456346784,0.0,-0.8987350725709716,0.0,True,1,0.12304279676178652,0.12304279676178652,0.0,0.0,0.0
430,-0.0,100.0,False,NORMAL,False,[],True,False,-1.0803966664117763,-0.2286506865844042,-0.8635808777992074,0.0,-0.8662004847451328,0.0,True,1,-0.0,0.0,0.0,0.0,0.0
431,0.10828848760596875,89.17115123940313,False,NORMAL,False,[],True,False,-0.728605325869418,0.9169009224893959,-0.8196866322909349,0.0,-0.8306991698464146,0.0,True,1,0.10828848760596875,0.10828848760596875,0.0,0.0,0.0
432,0.012002967769070975,98.7997032230929,False,NORMAL,False,[],True,False,-0.8408623379590475,0.0966046804290389,-0.8158855640237737,0.0,-0.7890630480799035,0.0,True,1,0.012002967769070975,0.012002967769070975,0.0,0.0,0.0
433,-0.0,100.0,False,NORMAL,False,[],True,False,-1.2027201974401194,-0.3264728347949451,-0.6720212689592105,0.0,-0.6492479778654211,0.0,True,1,-0.0,0.0,0.0,0.0,0.0
434,0.15897704089220868,84.10229591077913,False,NORMAL,False,[],True,False,-0.5923169097888192,1.3850905568829501,-0.6736230837301106,0.0,-0.6753589304267181,0.0,True,1,0.15897704089220868,0.15897704089220868,0.0,0.0,0.0
435,-0.0,100.0,False,NORMAL,False,[],True,False,-0.914359830101196,-0.2448793940460004,-0.5788045962018313,0.0,-0.5761857519767284,0.0,True,1,-0.0,0.0,0.0,0.0,0.0
436,0.046022210696657614,95.39777893033424,False,NORMAL,False,[],True,False,-0.8859618804054968,0.37691911566042674,-0.568597958641944,0.0,-0.5581741928767703,0.0,True,1,0.046022210696657614,0.046022210696657614,0.0,0.0,0.0
437,0.018454795626117654,98.15452043738824,False,NORMAL,False,[],True,False,-1.0134043782763933,0.1490176792686195,-0.563369509303483,0.0,-0.435354298785435,0.0,True,1,0.018454795626117654,0.018454795626117654,0.0,0.0,0.0
438,0.06133878679487633,93.86612132051236,False,NORMAL,False,[],True,False,-0.8852966921961882,0.5064052814789485,-0.5202907474517647,0.0,-0.5377988824034957,0.0,True,1,0.06133878679487633,0.06133878679487633,0.0,0.0,0.0
439,0.09357971766112141,90.64202823388786,False,NORMAL,False,[],True,False,-0.57753701768817,0.7860175416846324,-0.40814342879742244,0.0,-0.47682628101708685,0.0,True,1,0.09357971766112141,0.09357971766112141,0.0,0.0,0.0
440,0.012839572628774427,98.71604273712255,False,NORMAL,False,[],True,False,-0.8054096930334422,0.10338169888428778,-0.03405474983986591,0.0,-0.07093040094112912,0.0,True,1,0.012839572628774427,0.012839572628774427,0.0,0.0,0.0
441,0.0643230101616452,93.56769898383548,False,NORMAL,False,[],True,False,-0.6057129115631376,0.5318796671242336,-0.8862514289216069,0.0,-0.6258723615382219,0.0,True,1,0.0643230101616452,0.0643230101616452,0.0,0.0,0.0
442,0.044409957746815,95.5590042253185,False,NORMAL,False,[],True,False,-0.6137271353000414,0.36341027198347786,-1.1460175249918922,0.0,-1.1534200542084745,0.0,True,1,0.044409957746815,0.04440995774681499,0.0,0.0,0.0
443,0.08458259601935852,91.54174039806415,False,NORMAL,False,[],True,False,-0.4124875946757906,0.7070011080872379,-0.8445765986970394,0.0,-0.8780964080984794,0.0,True,1,0.08458259601935852,0.08458259601935852,0.0,0.0,0.0
444,-0.0,100.0,False,NORMAL,False,[],True,False,-0.9074564374787653,-0.46037589536308854,-0.5555690411772317,0.0,-0.7488498673691388,0.0,True,1,-0.0,0.0,0.0,0.0,0.0
445,-0.0,100.0,False,NORMAL,False,[],True,False,-1.1722601655637779,-0.11264885381053821,-0.23025638733645046,0.0,-0.18851808472405576,0.0,True,1,-0.0,0.0,0.0,0.0,0.0
446,0.1798898454855312,82.01101545144688,False,NORMAL,False,[],True,False,-0.43645508473264655,1.5865329037776283,-0.1615186380334953,0.0,-0.3242433200724798,0.0,True,1,0.1798898454855312,0.17988984548553116,0.0,0.0,0.0
447,-0.0,100.0,False,NORMAL,False,[],True,False,-0.8319615546307034,-0.22047532184788934,-0.44945264013150654,0.0,-0.49358676002069096,0.0,True,1,-0.0,0.0,0.0,0.0,0.0
448,0.1103268194295844,88.96731805704155,False,NORMAL,False,[],True,False,-0.34460113011739735,0.9352087722986171,0.1308839272982244,0.0,0.21341701562698823,0.0,True,1,0.1103268194295844,0.1103268194295844,0.021577783486916323,0.0,0.0
449,0.054538498660235045,94.5461501339765,False,NORMAL,False,[],True,False,-0.6135157105504181,0.06068826593328049,0.336492656950906,0.0,0.08623622055435333,0.0,True,1,0.054538498660235045,0.007557331913754835,0.054538498660235045,0.0,0.0
450,0.021248677472784618,97.87513225272154,False,NORMAL,False,[],True,False,-0.8317966592116034,0.17182144349558887,-0.022303137610899998,0.0,-0.010640537651440431,0.0,True,1,0.021248677472784618,0.021248677472784614,0.0,0.0,0.0
451,0.07520777494321018,92.47922250567898,False,NORMAL,False,[],True,False,-0.6735242707452711,0.625489506089121,0.31455842310161447,0.0,0.13011370207137346,0.0,True,1,0.07520777494321018,0.07520777494321018,0.05107584434976636,0.0,0.0
452,0.13254073544335934,86.74592645566406,False,NORMAL,False,[],True,False,-0.035559783422398086,1.137493804376495,0.007375050835401666,0.0,0.15950022057879465,0.0,True,1,0.13254073544335934,0.13254073544335934,0.001228420012898018,0.0,0.0
453,0.056374745613615704,94.36252543863843,False,NORMAL,False,[],True,False,0.020200182272960016,0.4642093435055303,-0.626904722609545,0.0,-0.5191243456024117,0.0,True,1,0.056374745613615704,0.056374745613615704,0.0,0.0,0.0
454,-0.0,100.0,False,NORMAL,False,[],True,False,-0.8793052978247223,-0.5435588314124941,-0.04684372691463273,0.0,-0.35281961542181717,0.0,True,1,-0.0,0.0,0.0,0.0,0.0
455,0.05625150491180148,94.37484950881985,False,NORMAL,False,[],True,False,-0.8670487918903007,0.46316458422964285,-0.2223788928986797,0.0,-0.3469578247302321,0.0,True,1,0.05625150491180148,0.05625150491180148,0.0,0.0,0.0
456,0.1032423859381292,89.67576140618708,False,NORMAL,False,[],True,False,-0.4832707344367404,0.8717573750086192,-0.3865814605968781,0.0,-0.003950380909579816,0.0,True,1,0.1032423859381292,0.10324238593812919,0.0,0.0,0.0
457,0.12130417770438494,87.8695822295615,False,NORMAL,False,[],True,False,-1.3868939555259683,-0.7277055067968559,0.7122075679703987,0.0,0.775898945439335,0.0,True,1,0.12130417770438494,0.0,0.11192693709495666,0.0,0.0
458,0.11814334645937793,88.18566535406221,False,NORMAL,False,[],True,False,-0.8970175931115485,1.0058060841137308,-2.0161841118926778,0.0,-2.419510508180142,0.0,True,1,0.11814334645937793,0.11814334645937793,0.0,0.0,0.0
459,0.017584227478400983,98.2415772521599,False,NORMAL,False,[],True,False,-1.1763879412264149,0.14192533301549137,-2.1341547534777257,0.0,-1.7562298226165016,0.0,True,1,0.017584227478400983,0.017584227478400983,0.0,0.0,0.0
460,0.06373751795419026,93.62624820458097,False,NORMAL,False,[],True,False,-0.9623265438820112,0.5268752982514907,-1.980334870962505,0.0,-2.3177589096912543,0.0,True,1,0.06373751795419026,0.06373751795419026,0.0,0.0,0.0
461,-0.0,100.0,False,NORMAL,False,[],True,False,-1.6628766260225343,-0.3813862602664021,-1.1947477305024186,0.0,-0.6021395498635188,0.0,True,1,-0.0,0.0,0.0,0.0,0.0
462,-0.0,100.0,False,NORMAL,False,[],True,False,-2.1401576753787417,-0.14661487132224882,-0.7693457802706837,0.0,-0.4485836727721663,0.0,True,1,-0.0,0.0,0.0,0.0,0.0
463,0.00270465058411562,99.72953494158844,False,NORMAL,False,[],True,False,-2.450067932789587,0.021666518078997568,-1.6392612012106,0.0,-1.8544134129183265,0.0,True,1,0.00270465058411562,0.00270465058411562,0.0,0.0,0.0
464,0.11356857316674257,88.64314268332573,False,NORMAL,False,[],True,False,-1.9670664533818134,0.9644120732616789,-1.5325970141305112,0.0,-1.711732516527488,0.0,True,1,0.11356857316674257,0.11356857316674257,0.0,0.0,0.0
465,0.07886160251667826,92.11383974833217,False,NORMAL,False,[],True,False,-1.6318521964715904,0.6571598824360743,-1.369170373442875,0.0,-1.5951736459010604,0.0,True,1,0.07886160251667826,0.07886160251667826,0.0,0.0,0.0
466,0.24109479941952294,75.89052005804771,False,NORMAL,False,['measured_update_ratio_rise'],True,False,-1.550995934833667,0.22622952246518024,1.2622399625696776,0.0,1.6552704588491587,0.0,True,1,0.24109479941952294,0.027882590653973943,0.18971831061177125,0.0,0.0
467,0.24150383613662868,75.84961638633713,False,NORMAL,False,"['gradient_norm_rise', 'measured_update_ratio_rise']",True,False,-0.05059733619071312,1.5359894227972344,1.6585052264190152,0.0,1.614440329200267,0.0,True,1,0.24150383613662868,0.17469204032783478,0.24150383613662868,0.0,0.0
468,0.03906017380069884,96.09398261993012,False,NORMAL,False,[],True,False,-0.5873344297519671,-0.602622565931981,0.11373220899870404,0.0,0.23906092673928808,0.0,True,1,0.03906017380069884,0.0,0.018776844945946877,0.0,0.0
469,0.02972398284471895,97.0276017155281,False,NORMAL,False,[],True,False,-2.0118565483884123,-1.4992393493007188,-0.41440222977447877,0.0,-0.019489024167008488,0.09052408258236766,True,1,0.02972398284471895,0.0,0.0,0.0,0.0
470,0.1035871952076904,89.64128047923096,False,NORMAL,False,[],True,False,-1.1728032050749275,0.8748340197730927,-1.3236562123898374,0.0,-1.4795496319142083,0.31128864996008865,True,1,0.1035871952076904,0.1035871952076904,0.0,0.0,0.0
471,0.13197659372891388,86.8023406271086,False,NORMAL,False,[],True,False,-1.7051382742360839,-0.5783459251595353,-2.248461844072384,0.0,-2.376002303273832,0.42460979680577093,True,1,0.13197659372891388,0.0,0.0,0.0,0.0
472,0.10674473870985673,89.32552612901432,False,NORMAL,False,[],True,False,-1.691063596690929,0.024736509439284675,-0.9865884322639397,0.0,-1.4554406074076673,0.3386486761278815,True,1,0.10674473870985673,0.0030872881743340694,0.0,0.0,0.0
473,0.10628887711495201,89.37111228850479,False,NORMAL,False,[],True,False,-1.2017684689106973,0.24557067973483176,-1.3442688202823878,0.0,-1.6256109505612568,0.3371180543696979,True,1,0.10628887711495201,0.030229986388556767,0.0,0.0,0.0
474,0.05050066137840083,94.94993386215992,False,NORMAL,False,[],True,False,-0.8863986099029105,0.22030933532864022,-0.6565677750858265,0.0,-1.277166114569524,0.155461335853311,True,1,0.05050066137840083,0.027162934782974803,0.0,0.0,0.0
475,-0.0,100.0,False,NORMAL,False,[],True,False,-1.4662516391728981,-0.8233884867902176,-1.845742595387785,0.0,-1.070088585228938,0.0,True,1,-0.0,0.0,0.0,0.0,0.0
476,0.11542566187779614,88.45743381222039,False,NORMAL,False,[],True,False,-0.517422994003219,0.9811897884196727,-1.3722711452160108,0.0,-0.27440338775348677,0.0,True,1,0.11542566187779614,0.11542566187779614,0.0,0.0,0.0
477,0.03859937686992783,96.1400623130072,False,NORMAL,False,[],True,False,-2.0463363147376366,-1.7827877358918263,-0.3927112692011056,0.0,0.23618445224326995,0.0,True,1,0.03859937686992783,0.0,0.0,0.0,0.0
478,0.09360790143655638,90.63920985634437,False,NORMAL,False,[],True,False,-1.3041567488215566,0.7862662935200382,0.1507980358583901,0.0,-0.5056026165714977,0.0,True,1,0.09360790143655638,0.0936079014365564,0.024819801392286345,0.0,0.0
479,0.19617018148637258,80.38298185136274,False,NORMAL,False,[],True,False,0.3716291592442667,1.7469416057880107,0.386054388709703,0.0,0.4984812129646314,0.0,True,1,0.19617018148637258,0.19617018148637258,0.06231611663812747,0.0,0.0
480,-0.0,100.0,False,NORMAL,False,[],True,False,-1.2528695432292278,-1.7635067657360115,-1.160906022028896,0.0,-0.33477449606490917,0.0,True,1,-0.0,0.0,0.0,0.0,0.0
481,0.08626594300070874,91.37340569992912,False,NORMAL,False,[],True,False,-0.4024438203893346,0.7217257276060595,0.3975730605753668,0.0,0.08734633939066712,0.0,True,1,0.08626594300070874,0.08626594300070874,0.06411453529727415,0.0,0.0
482,-0.0,100.0,False,NORMAL,False,[],True,False,-1.2750272846883852,-0.9693653784411301,-0.5114474662433566,0.0,-0.43391808680685257,0.0,True,1,-0.0,0.0,0.0,0.0,0.0
483,0.06314651342491057,93.68534865750895,False,NORMAL,False,[],True,False,-0.9282366947843578,0.24418442272746105,0.3913702401048416,0.0,-0.48773943408563536,0.0,True,1,0.06314651342491057,0.030061928018608127,0.06314651342491057,0.0,0.0
484,0.025309570817668568,97.46904291823314,False,NORMAL,False,[],True,False,-1.3194188644079625,-0.5357515787915066,0.11965586046464487,0.0,0.15381220159042602,0.0,True,1,0.025309570817668568,0.0,0.01974510422823111,0.0,0.0
485,-0.0,100.0,False,NORMAL,False,[],True,False,-1.3280068599027592,-0.16563505199265907,-1.0924488348652501,0.0,-1.4294927124541383,0.0,True,1,-0.0,0.0,0.0,0.0,0.0
486,-0.0,100.0,False,NORMAL,False,[],True,False,-1.696475013637733,-0.5158857029118316,-0.5686658262109079,0.0,-0.45927843426553444,0.0,True,1,-0.0,0.0,0.0,0.0,0.0
487,0.09906936937448213,90.09306306255178,False,NORMAL,False,[],True,False,-1.0025391762513387,0.8346161269952461,0.12095397024864897,0.0,-0.511328016103722,0.0,True,1,0.09906936937448213,0.09906936937448214,0.019957161033156055,0.0,0.0
488,0.10170015955409292,89.8299840445907,False,NORMAL,False,[],True,False,-1.7828696272753983,-0.9914854817487045,0.5071723104380667,0.0,0.6435082101889061,0.0,True,1,0.10170015955409292,0.0,0.08105473564563058,0.0,0.0
489,0.11498666707276321,88.50133329272369,False,NORMAL,False,[],True,False,-0.8677357722553212,0.9772205490654841,0.007009396011358398,0.0,0.4376741929145281,0.0,True,1,0.11498666707276321,0.11498666707276321,0.0011675505504258742,0.0,0.0
490,0.1895063760133322,81.04936239866677,False,NORMAL,False,[],True,False,-0.6451663525911612,0.22847866545771833,1.2606708276163152,0.0,0.7684885529730445,0.0,True,1,0.1895063760133322,0.02815585612124894,0.1895063760133322,0.0,0.0
491,0.18808828388038035,81.19117161196196,False,NORMAL,False,[],True,False,-1.0681588114153948,-0.5482659437888483,1.2501820123317409,0.0,0.6288315103384569,0.0,True,1,0.18808828388038035,0.0,0.18808828388038035,0.0,0.0
492,0.024267016381204005,97.57329836187961,False,NORMAL,False,[],True,False,-1.3805945595427807,-0.5407023971544139,0.14739787414389502,0.0,-0.6152955890791583,0.0,True,1,0.024267016381204005,0.0,0.024267016381204005,0.0,0.0
493,0.09590441983074029,90.40955801692597,False,NORMAL,False,[],True,False,-0.9384866974483974,0.5148456040468564,0.6049211634196946,0.0,0.5042381655938946,0.0,True,1,0.09590441983074029,0.062328589989602244,0.09590441983074029,0.0,0.0
494,0.2580404239641362,74.19595760358638,False,NORMAL,False,['gradient_norm_rise'],True,False,-1.4576744696453308,-0.6597784778540868,1.7907631022091832,0.0,1.3230483290360666,0.0,True,1,0.2580404239641362,0.0,0.2580404239641362,0.0,0.0
495,0.2826248790586852,71.73751209413149,False,NORMAL,False,['gradient_norm_rise'],True,False,-0.6764900486083065,0.9405409578818914,1.9929383637895801,0.0,1.2692688792407674,0.0,True,1,0.2826248790586852,0.11091960966682428,0.2826248790586852,0.0,0.0
496,-0.0,100.0,False,NORMAL,False,[],True,False,-2.389526642877574,-2.221049347673558,-0.3970776560589127,0.0,-0.16806430291877938,0.0,True,1,-0.0,0.0,0.0,0.0,0.0
497,0.1284757588216587,87.15242411783413,False,NORMAL,False,[],True,False,-1.532910856633357,1.1000927915457839,-0.991609128482412,0.0,-1.0645611139949227,0.0,True,1,0.1284757588216587,0.1284757588216587,0.0,0.0,0.0
498,0.10612347768376856,89.38765223162315,False,NORMAL,False,[],True,False,-2.42390890612085,-1.3546635038000234,0.6731257893739686,0.0,0.289206439885083,0.0,True,1,0.10612347768376856,0.0,0.10612347768376856,0.0,0.0
499,0.03935740091007224,96.06425990899278,False,NORMAL,False,[],True,False,-2.0664218959319185,0.3212227551930748,-0.6631520712754551,0.0,-0.7933400109459456,0.025177909675961674,True,1,0.03935740091007224,0.03935740091007224,0.0,0.0,0.0
500,0.23081525499851774,76.91847450014822,False,NORMAL,False,['loss_level_or_jump'],True,False,-0.2046341622845594,2.099392782044317,-1.348769503593454,0.0,-0.7287664396660682,0.20305829066615044,True,1,0.23081525499851774,0.23081525499851774,0.0,0.0,0.0
501,0.07802052296698823,92.19794770330118,False,NORMAL,False,[],True,False,-0.5144867475081417,-0.4487766198825438,-0.8814636166746688,0.0,-0.469505834258485,0.2436969445697008,True,1,0.07802052296698823,0.0,0.0,0.0,0.0
502,0.02233905060989925,97.76609493901007,False,NORMAL,False,[],True,False,-1.5535091959364864,-1.3253382034494454,-0.04991244002044213,0.0,0.018777136636112628,0.0677770397072881,True,1,0.02233905060989925,0.0,0.0,0.0,0.0
503,0.029860606089442753,97.01393939105573,False,NORMAL,False,[],True,False,-2.0034610796795236,-0.6740739575400069,-0.12917831897638293,0.0,0.18189307648117056,0.0,True,1,0.029860606089442753,0.0,0.0,0.0,0.0
504,-0.0,100.0,False,NORMAL,False,[],True,False,-2.767808804729095,-1.2025712010295033,-0.5082634839582606,0.0,-0.9142348929885707,0.0,True,1,-0.0,0.0,0.0,0.0,0.0
505,0.19612255973148213,80.38774402685178,False,NORMAL,False,[],True,False,-1.2716372395493343,1.7464676711992926,-0.6063224193280218,0.0,-0.5959159545624167,0.0,True,1,0.19612255973148213,0.19612255973148213,0.0,0.0,0.0
506,0.20730295035287213,79.26970496471279,False,NORMAL,False,[],True,False,0.38147394744427354,1.8585132883952993,-0.704151218049759,0.0,-0.6381003027945771,0.0,True,1,0.20730295035287213,0.20730295035287213,0.0,0.0,0.0
507,-0.0,100.0,False,NORMAL,False,[],True,False,-0.7716365266634677,-1.3139406715452513,-0.8566418425549654,0.0,-1.066337390657141,0.0,True,1,-0.0,0.0,0.0,0.0,0.0
508,0.22242628998416789,77.75737100158321,False,NORMAL,False,['measured_update_ratio_rise'],True,False,-1.3533155233727165,-0.6840635906447502,1.3441330119489645,0.0,1.509461013260807,0.0,True,1,0.22242628998416789,0.0,0.20070258517820141,0.0,0.0
509,0.10428655335227972,89.57134466477203,False,NORMAL,False,[],True,False,-0.7792211668925378,0.5990795342558015,0.6608083870071231,0.0,0.34206252011253424,0.0,True,1,0.10428655335227972,0.07214976301797381,0.10428655335227972,0.0,0.0
510,0.15675619369379934,84.32438063062007,False,NORMAL,False,[],True,False,-1.9529915237718158,-1.3594480133987203,0.8569702098478306,0.0,1.0229949005645596,0.0,True,1,0.15675619369379934,0.0,0.13309715587018678,0.0,0.0
511,0.09089797496324888,90.91020250367511,False,NORMAL,False,[],True,False,-1.231551059600521,0.7623836187092351,-0.08115831858608813,0.0,0.1371468810915543,0.0,True,1,0.09089797496324888,0.09089797496324888,0.0,0.0,0.0
512,0.02510466683178712,97.48953331682128,False,NORMAL,False,[],True,False,-1.026858197438933,0.20340131474785864,-0.13272044679626957,0.0,-1.3252789297740555,0.0,True,1,0.02510466683178712,0.02510466683178712,0.0,0.0,0.0
513,-0.0,100.0,False,NORMAL,False,[],True,False,-1.1616135191549166,-0.19818965705331124,-0.5353322066275836,0.0,-0.12793168828007723,0.0,True,1,-0.0,0.0,0.0,0.0,0.0
514,0.06998293822547452,93.00170617745255,False,NORMAL,False,[],True,False,-0.6744790061031437,0.4999536673121708,-2.1114479811313207,0.0,-3.316202682678846,0.2176570410270231,True,1,0.06998293822547452,0.060581496479246315,0.0,0.0,0.0
515,0.09460352825821333,90.53964717417867,False,NORMAL,False,[],True,False,-0.9903082408210556,-0.3691926279787429,-1.7726123950698316,0.0,-1.8876569270797698,0.298147022680028,True,1,0.09460352825821333,0.0,0.0,0.0,0.0
516,0.0730621481419466,92.69378518580534,False,NORMAL,False,[],True,False,-0.8265696029827216,0.17374411954581667,-1.9955399805336254,0.0,-1.3067016585429878,0.22760627366410313,True,1,0.0730621481419466,0.021483876924249475,0.0,0.0,0.0
517,0.06365171822530374,93.63482817746961,False,NORMAL,False,[],True,False,-1.7151154386732885,-1.0283613422326103,-2.4074889043675864,0.0,-2.1095961963841763,0.1973033274057725,True,1,0.06365171822530374,0.0,0.0,0.0,0.0
518,0.12597902059901747,87.40209794009826,False,NORMAL,False,[],True,False,-0.7139239688301345,1.0772071977872482,-1.5397163108705605,0.0,-1.9715934987597639,0.0,True,1,0.12597902059901747,0.12597902059901747,0.0,0.0,0.0
519,0.10801296688865103,89.19870331113489,False,NORMAL,False,[],True,False,-0.18379539014349522,0.40464889705883983,0.6858221002708441,0.0,0.2494328610286438,0.0,True,1,0.10801296688865103,0.049323185878667464,0.10801296688865103,0.0,0.0
520,0.12605189280266554,87.39481071973346,False,NORMAL,False,[],True,False,-2.28145830528312,-1.7833053274789914,0.37833823323035376,0.0,0.8084056740323736,0.0,True,1,0.12605189280266554,0.0,0.061109455133033105,0.0,0.0
521,0.19936122055212727,80.06387794478728,False,NORMAL,False,[],True,False,-2.258213623556253,-0.021351694893444476,1.3340723736923403,0.0,0.512439684059596,0.23597948974851213,True,1,0.19936122055212727,0.0,0.19936122055212727,0.0,0.0
522,0.20847072147241702,79.1529278527583,False,NORMAL,False,[],True,False,-0.5113603308746129,1.535736767688389,0.9641098296245567,0.0,1.4027304549260735,0.28139634942762703,True,1,0.20847072147241702,0.17466597513219514,0.14843970547046045,0.0,0.0
523,0.15353245139075186,84.64675486092482,False,NORMAL,False,[],True,False,-1.6917057144018959,-1.0787045152823103,1.0001004846270694,0.0,0.9517806782888268,0.3012506539370641,True,1,0.15353245139075186,0.0,0.15353245139075186,0.0,0.0
524,0.11348772819027542,88.65122718097246,False,NORMAL,False,[],True,False,-0.41481251224890653,0.9636824845977179,-0.2903460852451897,0.0,-0.6690950706012345,0.16262338417384314,True,1,0.11348772819027542,0.11348772819027542,0.0,0.0,0.0
525,0.06278276767920705,93.72172323207928,False,NORMAL,False,[],True,False,-2.0085425160503454,-1.2238045719997617,0.38904111294904975,0.0,0.12919575506393996,0.0,True,1,0.06278276767920705,0.0,0.06278276767920705,0.0,0.0
526,0.12896973158477207,87.10302684152279,False,NORMAL,False,[],True,False,-0.22205265215474762,1.104628411165146,0.777680732684255,0.0,0.3086197135543739,0.0,True,1,0.12896973158477207,0.12896973158477207,0.12156508046442185,0.0,0.0
527,0.03878549886997466,96.12145011300254,False,NORMAL,False,[],True,False,-0.934390887932353,-0.9208901324306972,-0.17693687167822386,0.0,0.23734613248772266,0.0,True,1,0.03878549886997466,0.0,0.0,0.0,0.0
528,0.10571104583658943,89.42889541634106,False,NORMAL,False,[],True,False,-0.8699306847865557,0.007777410197458564,0.389277652084696,0.0,0.670358046500611,0.0,True,1,0.10571104583658943,0.0009717038644288747,0.0628197150432518,0.0,0.0
529,0.0876005968792196,91.23994031207803,False,NORMAL,False,[],True,False,-0.0732201456246488,0.7238581737444446,0.5500646565481376,0.0,-0.11766951333060309,0.0,True,1,0.0876005968792196,0.08650947162495705,0.0876005968792196,0.0,0.0
530,-0.0,100.0,False,NORMAL,False,[],True,False,-1.2939507904850478,-1.2228432815948402,-0.28978120587894196,0.0,-0.35334064979075286,0.0,True,1,-0.0,0.0,0.0,0.0,0.0
531,-0.0,100.0,False,NORMAL,False,[],True,False,-1.636502922339589,-0.3847011012260721,-1.0401321751660182,0.0,-1.220567471680506,0.0,True,1,-0.0,0.0,0.0,0.0,0.0
532,0.029535782313559904,97.04642176864401,False,NORMAL,False,[],True,False,-1.3266227690097423,0.23984597624555715,-1.322532469519815,0.0,-0.560834986755264,0.0,True,1,0.029535782313559904,0.029535782313559904,0.0,0.0,0.0
533,0.05800605354888887,94.19939464511111,False,NORMAL,False,[],True,False,-0.7840934609058192,0.47805144559302704,-0.32162689975080827,0.0,-0.7925893716822769,0.0,True,1,0.05800605354888887,0.05800605354888887,0.0,0.0,0.0
534,0.1494983723930882,85.05016276069118,False,NORMAL,False,[],True,False,-1.9148832134925722,-1.3192894167001727,0.22061320532171633,0.0,0.9715737206526008,0.0,True,1,0.1494983723930882,0.0,0.03610110208542805,0.0,0.0
535,0.14664263036633568,85.33573696336643,False,NORMAL,False,[],True,False,-0.6849570206864276,1.2686149042710873,-0.5510007798717153,0.0,-0.43449652716516207,0.0,True,1,0.14664263036633568,0.14664263036633568,0.0,0.0,0.0
536,-0.0,100.0,False,NORMAL,False,[],True,False,-1.3642921543013584,-0.7810863542247237,-0.13241999252897854,0.0,-0.5384753570577405,0.0,True,1,-0.0,0.0,0.0,0.0,0.0
537,0.10846561502892565,89.15343849710744,False,NORMAL,False,[],True,False,-0.4335096473979833,0.9184901810323812,0.4795100266443403,0.0,0.20909172625478328,0.0,True,1,0.10846561502892565,0.10846561502892565,0.07680826679962803,0.0,0.0
538,0.10941614719285997,89.058385280714,False,NORMAL,False,[],True,False,-2.515398650148286,-1.9940028646587333,0.6952681016957188,0.0,0.3886739574312112,0.0,True,1,0.10941614719285997,0.0,0.10941614719285997,0.0,0.0
539,0.22730177745215896,77.2698222547841,False,NORMAL,False,['gradient_norm_rise'],True,False,-1.5576018063849417,0.8201224318586358,1.547200226151827,0.0,1.0244491661395942,0.0,True,1,0.22730177745215896,0.0974356631814325,0.22730177745215896,0.0,0.0
540,0.24508089889284443,75.49191011071555,False,NORMAL,False,"['measured_update_ratio_rise', 'gradient_norm_rise']",True,False,-2.1841939259354555,-0.5258526858820648,1.579687665132733,0.0,1.686868117953747,0.0,True,1,0.24508089889284443,0.0,0.23147430209742448,0.0,0.0
541,0.05230265783938008,94.76973421606199,False,NORMAL,False,[],True,False,-1.6974040505476073,0.42976069620370794,-0.4978301159763319,0.0,-0.8506545144508596,0.0,True,1,0.05230265783938008,0.05230265783938008,0.0,0.0,0.0
542,0.18771660366877543,81.22833963312246,False,NORMAL,False,[],True,False,-0.9242715427661431,0.5474582359668306,1.2474359367014647,0.0,0.30500113275349516,0.0,True,1,0.18771660366877543,0.06614330079132272,0.18771660366877543,0.0,0.0
543,-0.0,100.0,False,NORMAL,False,[],True,False,-1.0932392864666198,-0.2894221260847154,-0.18119947234557432,0.0,-0.2026234454648042,0.0,True,1,-0.0,0.0,0.0,0.0,0.0
544,0.1202825499986472,87.97174500013529,False,NORMAL,False,[],True,False,-1.0784771832261861,-0.08931927969654803,0.7689270156652509,0.0,0.04418838581279364,0.0,True,1,0.1202825499986472,0.0,0.1202825499986472,0.0,0.0
545,0.030912142491384083,96.9087857508616,False,NORMAL,False,[],True,False,-1.094946857342953,0.09344714488495773,0.18840001786763955,0.0,-0.022942813890852967,0.0,True,1,0.030912142491384083,0.011612936334662462,0.030912142491384083,0.0,0.0
546,0.02109013531145745,97.89098646885425,False,NORMAL,False,[],True,False,-0.893860237832751,0.1705256755642707,-0.4432964937723668,0.0,-0.6635042405433217,0.0,True,1,0.02109013531145745,0.02109013531145745,0.0,0.0,0.0
547,-0.0,100.0,False,NORMAL,False,[],True,False,-1.7090870700336653,-0.7758513654961867,-1.9266923769789606,0.0,-2.025812758087627,0.0,True,1,-0.0,0.0,0.0,0.0,0.0
548,0.1123623651211782,88.76376348788217,False,NORMAL,False,[],True,False,-0.5863655597221015,0.9535335048229215,-0.835016711799762,0.0,0.17184233622628173,0.0,True,1,0.1123623651211782,0.1123623651211782,0.0,0.0,0.0
549,-0.0,100.0,False,NORMAL,False,[],True,False,-0.6009578481437066,-0.07983011421097319,-1.5930985721439277,0.0,-1.5150599996733438,0.0,True,1,-0.0,0.0,0.0,0.0,0.0
550,0.052734880975941825,94.72651190240582,False,NORMAL,False,[],True,False,-0.6802965955107083,-0.21496229645581763,0.16241863757566077,0.0,0.32505760947505147,0.0,True,1,0.052734880975941825,0.0,0.026706670371495357,0.0,0.0
551,0.17651502981600536,82.34849701839946,False,NORMAL,False,[],True,False,-0.5235053788599424,0.0533363722282175,1.1652598840421182,0.0,0.46734399799186577,0.0,True,1,0.17651502981600536,0.0066448710827646815,0.17651502981600536,0.0,0.0
552,-0.0,100.0,False,NORMAL,False,[],True,False,-0.6989354711498759,-0.20858495032009022,-0.32081661400153205,0.0,-0.5588439795999649,0.0,True,1,-0.0,0.0,0.0,0.0,0.0
553,0.12171298857075215,87.82870114292479,False,NORMAL,False,[],True,False,0.3812127059848054,1.0382547718098114,0.07155434239759281,0.0,0.2056444779919034,0.0,True,1,0.12171298857075215,0.12171298857075215,0.011854894133997282,0.0,0.0
554,-0.0,100.0,False,NORMAL,False,[],True,False,-0.9644925663528222,-1.2816409597003184,-0.6149272407772488,0.0,-1.0708585282057432,0.0,True,1,-0.0,0.0,0.0,0.0,0.0
555,-0.0,100.0,False,NORMAL,False,[],True,False,-1.1510420552977019,-0.17018901340943896,-0.7797281835017744,0.0,-0.36753869787829224,0.0,True,1,-0.0,0.0,0.0,0.0,0.0
556,0.058720405568326625,94.12795944316734,False,NORMAL,False,[],True,False,-1.506954819777955,-0.29958962468691197,0.3630903524102129,0.0,-0.21026954071104104,0.0,True,1,0.058720405568326625,0.0,0.058720405568326625,0.0,0.0
557,0.011966035807942876,98.80339641920571,False,NORMAL,False,[],True,False,-1.7486385935608475,-0.13482363670451472,0.07222923067515873,0.0,-0.08203990958557428,0.0,True,1,0.011966035807942876,0.0,0.011966035807942876,0.0,0.0
558,0.21659421764907213,78.34057823509278,False,NORMAL,False,[],True,False,-1.9438931486352076,-0.0963302147919602,1.4646268600874157,0.0,1.3426302415739046,0.0,True,1,0.21659421764907213,0.0,0.21659421764907213,0.0,0.0
559,0.03191843870003542,96.80815612999646,False,NORMAL,False,[],True,False,-1.7217832808629319,0.25610359787755754,0.07864248533338491,0.0,0.1946336262824494,0.0,True,1,0.03191843870003542,0.031505959742883595,0.013021557167399299,0.0,0.0
560,0.1372908651470056,86.27091348529945,False,NORMAL,False,[],True,False,-1.0274422087096775,0.521529706363126,0.8860661056626167,0.0,0.6288442150159004,0.0,True,1,0.1372908651470056,0.06311169925058827,0.1372908651470056,0.0,0.0
561,0.04872567107601674,95.12743289239832,False,NORMAL,False,[],True,False,-0.6731981916897721,0.28600191605519354,0.2997167663515191,0.0,0.26732084739416306,0.0,True,1,0.04872567107601674,0.03511874739172935,0.04872567107601674,0.0,0.0
562,0.11119021009913424,88.88097899008658,False,NORMAL,False,[],True,False,-0.851704803709415,-0.24779511341210128,0.7072321558645839,0.0,0.682127660340807,0.0,True,1,0.11119021009913424,0.0,0.11119021009913424,0.0,0.0
563,-0.0,100.0,False,NORMAL,False,[],True,False,-1.4140792214575475,-0.5435879013692757,-0.234765862518897,0.0,-0.5530192805491998,0.0,True,1,-0.0,0.0,0.0,0.0,0.0
564,0.14374264269423162,85.62573573057684,False,NORMAL,False,[],True,False,-0.26760381870445143,1.2414743757498161,-0.21820445872060287,0.0,0.07423203574153917,0.0,True,1,0.14374264269423162,0.14374264269423162,0.0,0.0,0.0
565,-0.0,100.0,False,NORMAL,False,[],True,False,-0.3669990417406364,-0.08073662511099737,-0.2784871963550217,0.0,-0.12921487313478433,0.0,True,1,-0.0,0.0,0.0,0.0,0.0
566,-0.0,100.0,False,NORMAL,False,[],True,False,-0.9730533097200529,-0.6099391556173279,-0.9726477462449351,0.0,-1.0350599304327588,0.0,True,1,-0.0,0.0,0.0,0.0,0.0
567,0.03073055682435495,96.9269443175645,False,NORMAL,False,[],True,False,-1.287080343838303,-0.3195527617000078,0.18727585566598834,0.0,0.007870024787536574,0.0,True,1,0.03073055682435495,0.0,0.03073055682435495,0.0,0.0
568,0.15579747481015768,84.42025251898423,False,NORMAL,False,[],True,False,-0.5129709532799418,0.9189167093714514,0.5651534302751414,0.0,1.01617712649564,0.0,True,1,0.15579747481015768,0.10851314684686589,0.0898922122231085,0.0,0.0
569,0.09698005601712713,90.30199439828729,False,NORMAL,False,[],True,False,-0.7848130603979027,-0.23091464387195954,0.6120638366956863,0.0,0.5599212363796857,0.0,True,1,0.09698005601712713,0.0,0.09698005601712713,0.0,0.0
570,0.2236304961491812,77.63695038508189,False,NORMAL,False,"['gradient_norm_rise', 'measured_update_ratio_rise']",True,False,-1.915382298653835,-1.1357452311931813,1.518760244239029,0.0,1.5071253708036563,0.0,True,1,0.2236304961491812,0.0,0.2236304961491812,0.0,0.0
571,0.2780765965737434,72.19234034262566,False,NORMAL,False,"['measured_update_ratio_rise', 'gradient_norm_rise']",True,False,-1.0327462472390203,1.0624352291322225,1.7411047984720118,0.0,1.9550174109270657,0.0,True,1,0.2780765965737434,0.12436365335940747,0.2518741998116325,0.0,0.0
572,0.1630890120360065,83.69109879639936,False,NORMAL,False,[],True,False,-0.8232269618681003,0.28167221007743126,0.047331540186253324,0.0,1.0682253639982797,0.0,True,1,0.1630890120360065,0.0345963995377843,0.00785755676123367,0.0,0.0
573,0.03233258296459461,96.76674170354053,False,NORMAL,False,[],True,False,-1.6843602427448972,-0.8701830646839098,0.19720096910745236,0.0,-0.42736209982789947,0.0,True,1,0.03233258296459461,0.0,0.03233258296459461,0.0,0.0
574,0.10504430682199054,89.49556931780094,False,NORMAL,False,[],True,False,-0.8412757031448709,0.887848534093807,-0.8327253008847907,0.0,-0.20158217212860138,0.0,True,1,0.10504430682199054,0.10504430682199054,0.0,0.0,0.0
575,-0.0,100.0,False,NORMAL,False,[],True,False,-1.8605854798765593,-1.247091211259101,-0.41798544957611966,0.0,-1.4126814238334087,0.0,True,1,-0.0,0.0,0.0,0.0,0.0
576,0.22819578190417358,77.18042180958264,False,NORMAL,False,['loss_level_or_jump'],True,False,-0.021995129498952784,2.0721949169838605,-0.9541040169765109,0.0,-0.6717945696485671,0.0,True,1,0.22819578190417358,0.22819578190417358,0.0,0.0,0.0
577,0.2998039434596392,70.01960565403608,False,NORMAL,False,['measured_update_ratio_rise'],True,False,-0.09601613700009914,-0.0297354824374409,1.1261010852379236,0.0,2.1383694142925136,0.0,True,1,0.2998039434596392,0.0,0.171123006481294,0.0,0.0
578,0.13997214856643833,86.00278514335616,False,NORMAL,False,[],True,False,-1.2370224348715928,-1.0268138864390504,0.5567810380920896,0.0,0.9047430292266996,0.0,True,1,0.13997214856643833,0.0,0.08862136253696727,0.0,0.0
579,0.058393158574756715,94.16068414252433,False,NORMAL,False,[],True,False,-0.8192559185807659,0.481339658541837,-0.3118862133569908,0.0,-0.021820925682837077,0.0,True,1,0.058393158574756715,0.058393158574756715,0.0,0.0,0.0
580,0.14422648517943923,85.57735148205607,False,NORMAL,False,[],True,False,-2.9685639997119178,-1.8668769659496163,0.9344971400358609,0.0,0.7043786398165479,0.0,True,1,0.14422648517943923,0.0,0.14422648517943923,0.0,0.0
581,0.10899859610380062,89.10014038961994,False,NORMAL,False,[],True,False,-2.0298434362274254,0.9232742069719386,-2.3526739727862833,0.0,-1.9448946365293625,0.0,True,1,0.10899859610380062,0.10899859610380064,0.0,0.0,0.0
582,0.11782196958629929,88.21780304137008,False,NORMAL,False,[],True,False,-1.402932382793328,0.6524527944321782,-3.326351956290582,0.0,-2.9763729324299684,0.3760841844072329,True,1,0.11782196958629929,0.07831945809963621,0.0,0.0,0.0
583,0.10757150158957601,89.2428498410424,False,NORMAL,False,[],True,False,-2.0770629288975675,-0.4843716161834366,-0.5790852559145201,0.0,-0.787289087470031,0.341426647090447,True,1,0.10757150158957601,0.0,0.0,0.0,0.0
584,0.15384853530190287,84.61514646980972,False,NORMAL,False,[],True,False,-0.6048789000698437,1.3364551929186412,-0.4077416327792818,0.0,-0.377148120123077,0.3321139524062582,True,1,0.15384853530190287,0.15384853530190287,0.0,0.0,0.0
585,0.11129674351509107,88.87032564849089,False,NORMAL,False,[],True,False,0.5224692360683548,0.9439351513618377,-0.11858428067302751,0.0,0.14453010665148763,0.21435862881456202,True,1,0.11129674351509107,0.11129674351509108,0.0,0.0,0.0
586,0.0602078639782749,93.9792136021725,False,NORMAL,False,[],True,False,-2.1299859162378603,-2.1438728297655665,-1.700908649565979,0.0,-1.846786893705373,0.18628968018939318,True,1,0.0602078639782749,0.0,0.0,0.0,0.0
587,0.04841723314467822,95.15827668553219,False,NORMAL,False,[],True,False,-1.9545931024415695,0.29023054555258476,-0.7886245092125501,0.0,-1.1157231193844817,0.14888583110742837,True,1,0.04841723314467822,0.03562862828955242,0.0,0.0,0.0
588,0.2516033445111122,74.83966554888877,False,NORMAL,False,['gradient_norm_rise'],True,False,-1.0425688487531262,0.8256773800074003,1.7389329208437125,0.0,0.9177946820960075,0.28323266958895066,True,1,0.2516033445111122,0.09806215790864665,0.2516033445111122,0.0,0.0
589,0.22055407230422017,77.94459276957798,False,NORMAL,False,[],True,False,0.16502569902681496,1.0549997405623615,1.2610445196463018,0.0,1.4950317649436715,0.31298676117591806,True,1,0.22055407230422017,0.12354942702650958,0.18955685360933275,0.0,0.0
590,0.11467128007303912,88.53287199269609,False,NORMAL,False,[],True,False,-2.373391968439892,-2.0611598197592556,0.41581113193820146,0.0,0.7307776079602302,0.0,True,1,0.11467128007303912,0.0,0.06695500703179325,0.0,0.0
591,0.13130029794740652,86.86997020525935,False,NORMAL,False,[],True,False,-0.8994988731503281,1.1260622455768354,-0.500429695899869,0.0,-0.2684111532839321,0.0,True,1,0.13130029794740652,0.13130029794740652,0.0,0.0,0.0
592,0.13501091034914367,86.49890896508563,False,NORMAL,False,[],True,False,0.3729437945383776,1.1603070820016088,-0.7827216747986886,0.0,-0.1443973377304591,0.0,True,1,0.13501091034914367,0.13501091034914367,0.0,0.0,0.0
593,0.08443631980074223,91.55636801992577,False,NORMAL,False,[],True,False,-2.532510541006024,-2.448895756395698,-2.5986499217154684,0.0,-2.4200781742050737,0.26464607835050735,True,1,0.08443631980074223,0.0,0.0,0.0,0.0
594,0.051524290166496144,94.84757098335038,False,NORMAL,False,[],True,False,-2.2654754857838304,0.3009056277730739,-0.8013632594814495,0.0,-0.49903449034198394,0.15869729689982948,True,1,0.051524290166496144,0.036914613059675076,0.0,0.0,0.0
595,0.10038123768311034,89.96187623168896,False,NORMAL,False,[],True,False,-1.5363498041910233,0.5274326216995818,0.3847331173127039,0.0,0.6347052169574284,0.15693531295320207,True,1,0.10038123768311034,0.06380274081162617,0.06210960475168909,0.0,0.0
596,0.022910353532972993,97.7089646467027,False,NORMAL,False,[],True,False,-1.4432336644202794,-0.1265206537948749,-1.654647800178392,0.0,-1.5545085714681082,0.0695306228208099,True,1,0.022910353532972993,0.0,0.0,0.0,0.0
597,0.12017552302196044,87.98244769780396,False,NORMAL,False,[],True,False,-0.4018582252468998,1.024262795070189,-1.4424821594761696,0.0,-1.5829082893860855,0.0,True,1,0.12017552302196044,0.12017552302196044,0.0,0.0,0.0
598,-0.0,100.0,False,NORMAL,False,[],True,False,-0.8643222846189693,-0.45113976593607247,-1.7925437660826058,0.0,-0.5612174347681314,0.0,True,1,-0.0,0.0,0.0,0.0,0.0
599,-0.0,100.0,False,NORMAL,False,[],True,False,-2.3397659415355228,-1.46124589762831,-1.6914765370322016,0.0,-1.9833605431969301,0.0,True,1,-0.0,0.0,0.0,0.0,0.0
600,0.19546286603552626,80.45371339644738,False,NORMAL,False,[],True,False,-0.5948938887890622,1.739905246376574,-0.7136722867209635,0.0,-1.0537511850762087,0.0,True,1,0.19546286603552626,0.19546286603552623,0.0,0.0,0.0
601,-0.0,100.0,False,NORMAL,False,[],True,False,-1.4194682066250037,-0.7745748345165991,-2.3572972578076343,0.0,-2.2538569898436918,0.0,True,1,-0.0,0.0,0.0,0.0,0.0
602,0.16203801570446283,83.79619842955371,False,NORMAL,False,[],True,False,-0.06289377513040025,1.4142603546522352,-0.3596121368166783,0.0,-0.16699592196371058,0.0,True,1,0.16203801570446283,0.16203801570446283,0.0,0.0,0.0
603,0.09108215212113496,90.89178478788651,False,NORMAL,False,[],True,False,-1.4985722254690335,-1.3757328674315226,0.5730033915584043,0.0,-0.17418412163127656,0.0,True,1,0.09108215212113496,0.0,0.09108215212113496,0.0,0.0
604,0.0713288449823193,92.86711550176807,False,NORMAL,False,[],True,False,-1.4378005573585768,0.03116191667292983,-0.15872690140945375,0.0,0.4440034812545685,0.0,True,1,0.0713288449823193,0.0038876629791637133,0.0,0.0,0.0
605,0.10750515778434615,89.2494842215654,False,NORMAL,False,[],True,False,-0.6068515335311969,0.9098763550009703,-2.829204285210424,0.0,-2.59033340681464,0.0,True,1,0.10750515778434615,0.10750515778434613,0.0,0.0,0.0
606,0.024961103059262447,97.50388969407375,False,NORMAL,False,[],True,False,-0.44683979164207255,0.20222331585483092,-2.1434813541725193,0.0,-2.531903537006703,0.0,True,1,0.024961103059262447,0.024961103059262447,0.0,0.0,0.0
607,0.14988257690855714,85.0117423091443,False,NORMAL,False,[],True,False,-0.7202381357232068,-0.23027003488576314,0.5404992489880287,0.0,0.9742847653525725,0.038125913954124346,True,1,0.14988257690855714,0.0,0.08614485810157563,0.0,0.0
608,0.050649997764317924,94.93500022356821,False,NORMAL,False,[],True,False,-2.0789403151736225,-1.6013700458118525,-2.8373757203703107,0.0,-2.042161188579765,0.15593321021325646,True,1,0.050649997764317924,0.0,0.0,0.0,0.0
609,0.16812373428792338,83.18762657120766,False,NORMAL,False,[],True,False,-0.45980427761986253,1.4725725465341721,-1.3449330976785523,0.0,-1.6440395662678098,0.059559470390586844,True,1,0.16812373428792338,0.16812373428792338,0.0,0.0,0.0
610,0.014602647392747787,98.53973526072522,False,NORMAL,False,[],True,False,-1.480041756692567,-0.9203129829866188,-1.630076950413462,0.0,-0.5169190082949611,0.0441309464797337,True,1,0.014602647392747787,0.0,0.0,0.0,0.0
611,0.09514603389102734,90.48539661089727,False,NORMAL,False,[],True,False,-0.664724323207258,0.7998536937454991,0.2051674318243313,0.0,0.4460098356864555,0.0,True,1,0.09514603389102734,0.09514603389102734,0.03361654478982718,0.0,0.0
612,-0.0,100.0,False,NORMAL,False,[],True,False,-1.7270549301889442,-0.972631312971277,-0.6668565658826027,0.0,-0.5562512658284682,0.0,True,1,-0.0,0.0,0.0,0.0,0.0
613,0.13267175564274625,86.73282443572538,False,NORMAL,False,[],True,False,-0.557318496906151,1.138702207816919,0.13291187845394262,0.0,0.8278506284446652,0.0,True,1,0.13267175564274625,0.13267175564274625,0.021908426350596866,0.0,0.0
614,0.09063029558287787,90.93697044171222,False,NORMAL,False,[],True,False,-1.4348897108452465,-0.724804832334251,0.5700213117636783,0.0,0.5159428004206776,0.0,True,1,0.09063029558287787,0.0,0.09063029558287787,0.0,0.0
615,0.29397025835675344,70.60297416432466,False,NORMAL,False,"['gradient_norm_rise', 'measured_update_ratio_rise']",True,False,-1.7014252460916337,-0.21956287531232085,2.088587492416644,0.0,1.5939252526245962,0.15657017128740192,True,1,0.29397025835675344,0.0,0.29397025835675344,0.0,0.0
616,0.13895946171391205,86.1040538286088,False,NORMAL,False,[],True,False,-0.37738534662891304,1.196909542945912,0.4368458890935187,0.0,0.04806442056727757,0.0,True,1,0.13895946171391205,0.13895946171391205,0.07022034236641647,0.0,0.0
617,0.09348958730925484,90.65104126907451,False,NORMAL,False,[],True,False,-0.7395023267901764,-0.2172226200207125,0.46290078663940626,0.0,0.5889165729377823,0.0,True,1,0.09348958730925484,0.0,0.0742491408278312,0.0,0.0
618,-0.0,100.0,False,NORMAL,False,[],True,False,-1.4336317595311574,-0.442415071449644,-1.5635400385333256,0.0,-0.9614446378540495,0.0,True,1,-0.0,0.0,0.0,0.0,0.0
619,0.1448995661230767,85.51004338769232,False,NORMAL,False,[],True,False,0.1555564165261183,1.25229080337049,0.632015162715837,0.0,0.47908687118069476,0.0,True,1,0.1448995661230767,0.1448995661230767,0.09997781004178402,0.0,0.0
620,-0.0,100.0,False,NORMAL,False,[],True,False,-1.3807181319594446,-1.0689316407219032,-0.7507505454208885,0.0,-0.8920499420035362,0.0,True,1,-0.0,0.0,0.0,0.0,0.0
621,0.033252596165002486,96.67474038349975,False,NORMAL,False,[],True,False,-0.930624820124779,0.27054427163812145,-0.9430633979846041,0.0,-0.6364304076977794,0.0,True,1,0.033252596165002486,0.033252596165002486,0.0,0.0,0.0
622,0.0013171510139945394,99.86828489860055,False,NORMAL,False,[],True,False,-0.6765197966144572,0.010544153758778062,-0.4237116806756457,0.0,-0.3683309888604949,0.0,True,1,0.0013171510139945394,0.0013171510139945394,0.0,0.0,0.0
623,-0.0,100.0,False,NORMAL,False,[],True,False,-1.315110853025396,-0.6948014191849327,-1.814185964829895,0.0,-1.9971698031090066,0.0,True,1,-0.0,0.0,0.0,0.0,0.0
624,0.0741564528892973,92.58435471107028,False,NORMAL,False,[],True,False,-0.4723130504913033,0.616400113716451,-0.4183851630741493,0.0,-0.9131633754114122,0.0,True,1,0.0741564528892973,0.0741564528892973,0.0,0.0,0.0
625,0.12881985549265781,87.11801445073422,False,NORMAL,False,[],True,False,-1.1779298835945378,-0.5554890854360022,0.7500019569794971,0.0,0.827438991555829,0.0,True,1,0.12881985549265781,0.0,0.1175033852534151,0.0,0.0
626,0.07906649975798682,92.09335002420131,False,NORMAL,False,[],True,False,-1.144623034555014,0.07456836815764341,0.4942046951809949,0.0,-0.6274545334116489,0.0,True,1,0.07906649975798682,0.009277739728017088,0.07906649975798682,0.0,0.0
627,0.11447111739333388,88.5528882606666,False,NORMAL,False,[],True,False,0.2435311866693256,0.9725616400422323,-1.4055399981768275,0.0,-0.9429106468197692,0.0,True,1,0.11447111739333388,0.11447111739333388,0.0,0.0,0.0
628,-0.0,100.0,False,NORMAL,False,[],True,False,-1.8043692527539423,-1.4858907599081363,-0.6323830260922155,0.0,-0.6453137069685989,0.0,True,1,-0.0,0.0,0.0,0.0,0.0
629,0.13572730010885542,86.42726998911445,False,NORMAL,False,[],True,False,-2.6554521599042853,-0.8712692712526254,0.4779283770448453,0.0,0.8752016106187427,0.0,True,1,0.13572730010885542,0.0,0.07656487374831505,0.0,0.0
630,0.23840833553780255,76.15916644621974,False,NORMAL,False,['loss_level_or_jump'],True,False,0.45944538092052767,2.1787579226892024,-1.5350845905314499,0.0,-1.3802217627520965,0.0,True,1,0.23840833553780255,0.23840833553780255,0.0,0.0,0.0
631,0.17742830515831465,82.25716948416853,False,NORMAL,False,[],True,False,1.1719177989639489,0.420436412423813,-1.4491209612817433,0.0,-0.9091692910651492,0.0,True,1,0.17742830515831465,0.17742830515831465,0.0,0.0,0.034548891167236126
632,0.044453333735690784,95.55466662643092,False,NORMAL,False,[],True,False,-1.1461538282116026,-1.8546990501299603,0.2728300612000878,0.0,0.10806083928957128,0.0,True,1,0.044453333735690784,0.0,0.044453333735690784,0.0,0.0
633,0.055005672268966056,94.4994327731034,False,NORMAL,False,[],True,False,-2.2645505000991677,-0.9643502110160745,0.3361282698588486,0.0,0.33945812344458637,0.0,True,1,0.055005672268966056,0.0,0.054481077922117135,0.0,0.0
634,0.10662975776557887,89.33702422344211,False,NORMAL,False,[],True,False,-0.9969961787542784,0.7755519520559693,0.4887812088688874,0.0,0.6765250743886234,0.0,True,1,0.10662975776557887,0.09239316386801827,0.078233678376258,0.0,0.0
635,0.26406374992440074,73.59362500755992,False,NORMAL,False,['gradient_norm_rise'],True,False,-0.8927588218131005,-0.10503051512207279,1.8396706844989044,0.0,1.2335787440983756,0.011922183175247403,True,1,0.26406374992440074,0.0,0.26406374992440074,0.0,0.0
636,0.17946578567585256,82.05342143241474,False,NORMAL,False,[],True,False,-0.8438214260399692,-0.013190345172506121,1.076127448688548,0.0,1.1867980197736703,0.05267718144729794,True,1,0.17946578567585256,0.0,0.16419051011671632,0.0,0.0
637,0.14244518512333504,85.7554814876665,False,NORMAL,False,[],True,False,-1.4962029137629358,-0.5783784237626578,0.9220210675840657,0.0,0.3981115064865921,0.07084336651106615,True,1,0.14244518512333504,0.0,0.14244518512333504,0.0,0.0
638,0.3399777641872191,66.0022235812781,False,NORMAL,False,"['gradient_norm_rise', 'measured_update_ratio_rise']",True,False,-0.3590163563242176,0.8738848138485975,2.4928905234225396,0.0,2.2073811171086373,0.11860347015228023,True,1,0.3399777641872191,0.1034808288544541,0.3399777641872191,0.0,0.0
639,0.14421848530192533,85.57815146980747,False,NORMAL,False,[],True,False,-0.4111503992029631,-0.09720332906036842,0.7096826426636799,0.0,0.9344410515499452,0.0,True,1,0.14421848530192533,0.0,0.1115531387576088,0.0,0.0
640,-0.0,100.0,False,NORMAL,False,[],True,False,-1.785140650932715,-1.1954858139106823,-0.4463100914225772,0.0,-0.13175629006542142,0.0,True,1,-0.0,0.0,0.0,0.0,0.0
641,0.13368360088235293,86.63163991176471,False,NORMAL,False,[],True,False,-0.2466259327891796,1.1480406415801245,0.17467686123001935,0.0,0.7897230004791536,0.0,True,1,0.13368360088235293,0.13368360088235293,0.028693115042935483,0.0,0.0
642,0.11603365004976607,88.39663499502339,False,NORMAL,False,[],True,False,0.7400176964169941,0.6832362271373194,0.4106761157211606,0.0,0.02218767228476564,0.0,True,1,0.11603365004976607,0.11603365004976607,0.06615613169905245,0.0,0.0
643,-0.0,100.0,False,NORMAL,False,[],True,False,-0.6478741666166422,-1.094119552995409,-0.3408057647118198,0.0,-0.8140769316716489,0.0,True,1,-0.0,0.0,0.0,0.0,0.0
644,0.0018669523622560687,99.8133047637744,False,NORMAL,False,[],True,False,-1.0478933729008657,-0.3440750422991431,-0.9160632771917101,0.0,-1.0822167281667252,0.005606091869861052,True,1,0.0018669523622560687,0.0,0.0,0.0,0.0
645,0.22632123615825833,77.36787638417417,False,NORMAL,False,['gradient_norm_rise'],True,False,-0.9309650938146972,0.053606066488786165,1.5395911520338381,0.0,1.4938181063786011,0.07847587073057616,True,1,0.22632123615825833,0.006678358290426706,0.22632123615825833,0.0,0.0
646,0.128619081254018,87.1380918745982,False,NORMAL,False,[],True,False,-0.3417341229688199,0.35499368399976966,0.7955688222405705,0.0,0.8260563766649393,0.0,True,1,0.128619081254018,0.04340407775138049,0.12418010080264281,0.0,0.0
647,-0.0,100.0,False,NORMAL,False,[],True,False,-2.1311556579287276,-1.3482951254471038,-0.3900047172129352,0.0,-0.2705452047840776,0.0,True,1,-0.0,0.0,0.0,0.0,0.0
648,0.11365988774658564,88.63401122534144,False,NORMAL,False,[],True,False,-0.6841008107170313,0.9652362253007702,0.6195765165444488,0.0,0.04468390287008165,0.0,True,1,0.11365988774658564,0.11365988774658566,0.09811003173004808,0.0,0.0
649,0.04825095923599444,95.17490407640055,False,NORMAL,False,[],True,False,-1.1410451202337806,-0.3440145236501194,0.12293199009236119,0.0,0.2967233495132596,0.0,True,1,0.04825095923599444,0.0,0.020280198479551162,0.0,0.0
650,0.13383046661187536,86.61695333881246,False,NORMAL,False,[],True,False,0.6393951932034159,1.149396988338213,-0.16777065489826898,0.0,-0.6285601774581925,0.0,True,1,0.13383046661187536,0.13383046661187536,0.0,0.0,0.0
651,0.10552051234719456,89.44794876528054,False,NORMAL,False,[],True,False,-1.0472103792639422,-1.1206382945111226,0.39815093965620196,0.0,0.6690798475856838,0.0,True,1,0.10552051234719456,0.0,0.06420466906202128,0.0,0.0
652,0.1077069680807543,89.22930319192457,False,NORMAL,False,[],True,False,0.4677628494252275,0.9116855138388836,-1.10897361001705,0.0,0.19088894487885233,0.0,True,1,0.1077069680807543,0.1077069680807543,0.0,0.0,0.0
653,0.0010127844182833674,99.89872155817167,False,NORMAL,False,[],True,False,-1.826582765772983,-1.34889416256209,-0.053551181054252356,0.0,0.006079785785804763,0.0,True,1,0.0010127844182833674,0.0,0.0,0.0,0.0
654,0.2350916490403993,76.49083509596007,False,NORMAL,False,['gradient_norm_rise'],True,False,-0.42709016597218047,0.8056181266915736,1.6079955299982158,0.0,1.4299870941447126,0.0,True,1,0.2350916490403993,0.09579779529984736,0.2350916490403993,0.0,0.0
655,0.14744785546603734,85.25521445339626,False,NORMAL,False,[],True,False,-0.6159177140538293,-0.14002922880558333,0.9571254305178726,0.0,0.48761879246505857,0.0,True,1,0.14744785546603734,0.0,0.14744785546603734,0.0,0.0
656,0.0026992064594582757,99.73007935405417,False,NORMAL,False,[],True,False,-1.6292847638158585,-0.5819888543991977,0.01621713531437753,0.0,-0.783906698491471,0.0,True,1,0.0026992064594582757,0.0,0.0026992064594582757,0.0,0.0
657,0.06452422303739613,93.54757769626039,False,NORMAL,False,[],True,False,-0.6770564011415142,0.5336002139879343,-0.43428330875360954,0.0,-0.6624582051635083,0.0,True,1,0.06452422303739613,0.06452422303739613,0.0,0.0,0.0
658,0.06386423596092516,93.61357640390749,False,NORMAL,False,[],True,False,0.17912714828605378,0.5279581277804615,-0.5353358528083465,0.0,-0.9162939485551449,0.0,True,1,0.06386423596092516,0.06386423596092516,0.0,0.0,0.0
659,-0.0,100.0,False,NORMAL,False,[],True,False,-1.1463108434812506,-0.7649808311853499,-0.42837712720373894,0.0,-0.9519636888550741,0.0,True,1,-0.0,0.0,0.0,0.0,0.0
660,0.04017660814219786,95.98233918578022,False,NORMAL,False,[],True,False,-2.31807233023243,-0.6709012147875871,-0.4744390173278757,0.0,0.24603586955408824,0.0,True,1,0.04017660814219786,0.0,0.0,0.0,0.0
661,0.10459257011897942,89.54074298810207,False,NORMAL,False,[],True,False,-0.8597532186787763,0.8838114830015069,0.6559016433444007,0.0,0.4866560937318575,0.0,True,1,0.10459257011897942,0.10459257011897942,0.10355374770600623,0.0,0.0
662,-0.0,100.0,False,NORMAL,False,[],True,False,-1.618719222073536,-0.42916460295478775,-1.506619852195957,0.0,-0.9931281549790005,0.0,True,1,-0.0,0.0,0.0,0.0,0.0
663,0.04772628905342697,95.2273710946573,False,NORMAL,False,[],True,False,-1.1235800878507962,0.28531011976788234,0.29341664409468643,0.0,-0.00752349126973444,0.0,True,1,0.04772628905342697,0.03503530612547764,0.04772628905342697,0.0,0.0
664,0.017062576679909795,98.29374233200902,False,NORMAL,False,[],True,False,-0.8544190496415343,0.13767855793734313,-0.4034550677367774,0.0,-0.3713253955886351,0.0,True,1,0.017062576679909795,0.017062576679909795,0.0,0.0,0.0
665,0.06791909828486002,93.208090171514,False,NORMAL,False,[],True,False,-2.1936403079475046,-0.8343926461991139,0.15304665574377496,0.0,0.42201398189066924,0.0,True,1,0.06791909828486002,0.0,0.025185201181977274,0.0,0.0
666,0.0065605597478345275,99.34394402521654,False,NORMAL,False,[],True,False,-2.1610639310453243,0.05265739847792375,-1.3156805835144563,0.0,-0.8622879173415585,0.0,True,1,0.0065605597478345275,0.0065605597478345275,0.0,0.0,0.0
667,0.12789440999951326,87.21055900004868,False,NORMAL,False,[],True,False,-0.4437366261746305,1.094758183630349,0.7469549112445485,0.0,0.7219294102121493,0.0,True,1,0.12789440999951326,0.12789440999951326,0.11705510351079014,0.0,0.0
668,0.20301993467989343,79.69800653201065,False,NORMAL,False,[],True,False,-1.3520370100438257,-0.5475353528868073,1.3615536759008582,0.0,0.8517089856345832,0.0,True,1,0.20301993467989343,0.0,0.20301993467989343,0.0,0.0
669,0.18183369842561217,81.81663015743878,False,NORMAL,False,[],True,False,-2.8670424610488023,-1.0461639259050846,1.2041379623063941,0.0,0.7292676651443184,0.0,True,1,0.18183369842561217,0.0,0.18183369842561217,0.0,0.0
670,0.19539492473354395,80.46050752664561,False,NORMAL,False,[],True,False,-0.1648422608913889,1.739229693385591,-1.2796026920058858,0.0,-1.2987574898772676,0.0,True,1,0.19539492473354395,0.19539492473354397,0.0,0.0,0.0
671,0.02411950124174274,97.58804987582572,False,NORMAL,False,[],True,False,-0.6104497585636076,-0.25736443288791205,0.14649083917365577,0.0,-0.5436318984956487,0.0,True,1,0.02411950124174274,0.0,0.02411950124174274,0.0,0.0
672,0.037715086394835846,96.22849136051641,False,NORMAL,False,[],True,False,-1.5319168503234353,-0.4885762136399492,0.2306682250606538,0.0,0.1400566712239515,0.0,True,1,0.037715086394835846,0.0,0.037715086394835846,0.0,0.0
673,0.02991199472743143,97.00880052725685,False,NORMAL,False,[],True,False,-2.002088996266942,-0.2785991811985233,-1.7749468334428813,0.0,-1.0892162667328547,0.09110545354511812,True,1,0.02991199472743143,0.0,0.0,0.0,0.0
674,0.13255850320563317,86.74414967943669,False,NORMAL,False,[],True,False,-0.20018332649337053,1.137657666311843,-0.891250132341844,0.0,-0.9863721733407982,0.027361529172259758,True,1,0.13255850320563317,0.13255850320563317,0.0,0.0,0.0
675,0.0033310960606851266,99.66689039393148,False,NORMAL,False,[],True,False,-0.570837707844172,-0.22010160392967587,-0.19592462463585247,0.0,-0.056292169059419875,0.010009969538606,True,1,0.0033310960606851266,0.0,0.0,0.0,0.0
676,0.17895341796396042,82.10465820360395,False,NORMAL,False,[],True,False,1.1830525978267314,1.1752795766459947,0.2738818125871226,0.0,0.2772591280027957,0.0,True,1,0.17895341796396042,0.17895341796396042,0.04462081864449149,0.0,0.03544431766230138
677,0.0012662143540963775,99.87337856459037,False,NORMAL,False,[],True,False,-0.56710745097232,-1.0694154081515177,0.007602100085049471,0.0,-0.6858116921542957,0.0,True,1,0.0012662143540963775,0.0,0.0012662143540963775,0.0,0.0
678,0.006646593767499741,99.33534062325002,False,NORMAL,False,[],True,False,-0.5944371643748897,0.013611907997534693,0.040012684430140465,0.0,-0.21047787423679704,0.0,True,1,0.006646593767499741,0.0017000417887715383,0.006646593767499741,0.0,0.0
679,0.19043189020549825,80.95681097945018,False,NORMAL,False,[],True,False,-1.0560650365142101,-0.2632809675054198,1.2675262278042398,0.0,1.0819371797636352,0.0,True,1,0.19043189020549825,0.0,0.19043189020549825,0.0,0.0
680,0.21334066504796276,78.66593349520372,False,NORMAL,False,[],True,False,-0.214447033716447,0.6147146410070862,1.4397599379014765,0.0,1.1872534764269906,0.0,True,1,0.21334066504796276,0.07396137183580735,0.21334066504796276,0.0,0.0
681,0.05624371037259157,94.37562896274085,False,NORMAL,False,[],True,False,-0.3955791423657098,-0.09255880079766317,-2.6356820336704296,0.0,-2.0801377363878664,0.17366194180574124,True,1,0.05624371037259157,0.0,0.0,0.0,0.0
682,0.060272644696276495,93.97273553037235,False,NORMAL,False,[],True,False,0.17505873050858206,0.38409975181740696,-1.424855726683564,0.0,-0.8263476364603838,0.1864964800177309,True,1,0.060272644696276495,0.04687809745183776,0.0,0.0,0.0
683,0.0677857922442511,93.2214207755749,False,NORMAL,False,[],True,False,-1.4764547330132098,-1.0500035263381824,-0.8948744490101235,0.0,-0.15744949883697928,0.21057796217142788,True,1,0.0677857922442511,0.0,0.0,0.0,0.0
684,0.11051561561588213,88.94843843841178,False,NORMAL,False,[],True,False,-1.3734915153305465,0.07178350432207042,-2.1281910274535005,0.0,-1.1132364964972035,0.35133998258642696,True,1,0.11051561561588213,0.008932801369386767,0.0,0.0,0.0
685,0.09459677117872921,90.54032288212707,False,NORMAL,False,[],True,False,-1.3449716644905736,-0.006370302912893992,-0.8426852075142774,0.0,-0.5324323155690971,0.2981246334136214,True,1,0.09459677117872921,0.0,0.0,0.0,0.0
686,0.10860138205040053,89.13986179495996,False,NORMAL,False,[],True,False,-0.2294646893634262,0.7852885159440084,0.6663836418816559,0.0,0.3450894380739208,0.3448907066928857,True,1,0.10860138205040053,0.09349711343268444,0.10511847190585809,0.0,0.0
687,0.07353645327236127,92.64635467276388,False,NORMAL,False,[],True,False,0.4582834750255571,0.43150533888361653,-0.9982765317766412,0.0,-0.8246619106809161,0.1730839689843191,True,1,0.07353645327236127,0.07353645327236127,0.0,0.0,0.0
688,0.007482184930165718,99.25178150698343,False,NORMAL,False,[],True,False,-1.5456407414460682,-1.1204413722974165,-0.27673722797231487,0.0,0.0450619013361428,0.0,True,1,0.007482184930165718,0.0,0.0,0.0,0.0
689,0.00436234111877919,99.56376588812208,False,NORMAL,False,[],True,False,-1.5089818625591822,0.03497507113170382,-1.1528363322856514,0.0,-0.6865286377883414,0.0,True,1,0.00436234111877919,0.00436234111877919,0.0,0.0,0.0
690,0.048748209796885406,95.12517902031146,False,NORMAL,False,[],True,False,-0.6434002070660032,0.3998119028794292,-1.225325020284524,0.0,-0.5969854412125913,0.0,True,1,0.048748209796885406,0.048748209796885406,0.0,0.0,0.0
691,0.11946746651866753,88.05325334813324,False,NORMAL,False,[],True,False,-1.1048899209485743,-0.3064355321884279,0.7633704171419724,0.0,0.6080890013970591,0.0,True,1,0.11946746651866753,0.0,0.11946746651866753,0.0,0.0
692,0.091920593990614,90.8079406009386,False,NORMAL,False,[],True,False,-0.03974723206354227,0.7713876212185649,-0.4407560157098189,0.0,0.010033983990913426,0.0,True,1,0.091920593990614,0.091920593990614,0.0,0.0,0.0
693,0.018518354150694683,98.14816458493053,False,NORMAL,False,[],True,False,-3.046334027168535,-2.11903727476903,0.05634579568753279,0.0,0.11215179325837826,0.0,True,1,0.018518354150694683,0.0,0.009347008535674748,0.0,0.0
694,0.10794715909631493,89.20528409036851,False,NORMAL,False,[],True,False,-1.745677073464927,0.9138392758032622,-1.8695184283843682,0.0,-1.0718393170090859,0.0,True,1,0.10794715909631493,0.10794715909631493,0.0,0.0,0.0
695,0.14807756324693172,85.19224367530683,False,NORMAL,False,[],True,False,-1.7358984893896285,0.04562495049126277,0.8116350320594529,0.0,0.9615587578302806,0.0,True,1,0.14807756324693172,0.005686886901482698,0.12652214812861703,0.0,0.0
696,0.0907856368313104,90.92143631686896,False,NORMAL,False,[],True,False,-3.164880043628687,-1.0233750889973494,0.5710463372320904,0.0,0.19535948758024785,0.0,True,1,0.0907856368313104,0.0,0.0907856368313104,0.0,0.0
697,0.10418838573842346,89.58116142615765,False,NORMAL,False,[],True,False,-1.8409969933432606,0.880201120427593,-0.20347464420553876,0.0,-0.7443848189019626,0.0,True,1,0.10418838573842346,0.10418838573842347,0.0,0.0,0.0
698,0.12007114647679894,87.9928853523201,False,NORMAL,False,[],True,False,-1.8254322097211668,0.019968397753529713,0.24677216398856172,0.0,0.7674853382842325,0.0,True,1,0.12007114647679894,0.0024929371773158774,0.04029438635234707,0.0,0.0
699,0.053661013756479956,94.63389862435201,False,NORMAL,False,[],True,False,-1.127011839051191,0.4412355016622088,-1.3975799190239544,0.0,-0.8887470727211404,0.0,True,1,0.053661013756479956,0.05366101375647995,0.0,0.0,0.0
